-- ============================================================================
-- Rampello demo seed data
-- Generated by tools/generate_demo_data.py on 2026-05-16
-- 
-- All seeded athletes use @piratesdemo.test emails so cleanup is one line:
--   DELETE FROM athletes WHERE email LIKE '%@piratesdemo.test';
-- (cascades through runs, run_segments, race_results via FK ON DELETE CASCADE)
-- ============================================================================

BEGIN;

-- - Athletes -
INSERT INTO athletes (id, first_name, last_name, email, grade, gender, joined_date, active, signup_source, parent_first_name, parent_last_name, parent_email, parent_phone) VALUES
  ('ed5c06f6-9dcb-4104-a661-5ce67663e630', 'Sarah', 'Johnson', 'sarah.johnson@piratesdemo.test', 7, 'F', current_date - interval '60 days', true, 'manual', 'Parent', 'Johnson', 'parent.johnson@piratesdemo.test', '(813) 555-2824'),
  ('bbc2fd78-56b5-4a91-b3e5-f04a20d66700', 'Michael', 'Brown', 'michael.brown@piratesdemo.test', 8, 'M', current_date - interval '60 days', true, 'manual', 'Parent', 'Brown', 'parent.brown@piratesdemo.test', '(813) 555-1409'),
  ('5a1f6b86-aee8-4ac4-8d96-e1fff7dae9df', 'Emma', 'Davis', 'emma.davis@piratesdemo.test', 6, 'F', current_date - interval '60 days', true, 'manual', 'Parent', 'Davis', 'parent.davis@piratesdemo.test', '(813) 555-5506'),
  ('09f5ccc0-652b-4416-8782-9840d4b180fd', 'Lucas', 'Patel', 'lucas.patel@piratesdemo.test', 5, 'M', current_date - interval '60 days', true, 'manual', 'Parent', 'Patel', 'parent.patel@piratesdemo.test', '(813) 555-5012'),
  ('13960d9e-d1b2-4111-95b7-f0437061ddec', 'Ava', 'Smith', 'ava.smith@piratesdemo.test', 7, 'F', current_date - interval '60 days', true, 'manual', 'Parent', 'Smith', 'parent.smith@piratesdemo.test', '(813) 555-4657'),
  ('65aa7dce-a878-4519-947f-6b40512ca26a', 'Noah', 'Thompson', 'noah.thompson@piratesdemo.test', 8, 'M', current_date - interval '60 days', true, 'manual', 'Parent', 'Thompson', 'parent.thompson@piratesdemo.test', '(813) 555-3286'),
  ('a8ff39d9-cf5c-4cf1-925b-c01132f35cfb', 'Mia', 'Garcia', 'mia.garcia@piratesdemo.test', 4, 'F', current_date - interval '60 days', true, 'manual', 'Parent', 'Garcia', 'parent.garcia@piratesdemo.test', '(813) 555-2679'),
  ('dbc1a157-bfd2-463e-bf04-61c581027b80', 'Liam', 'Wilson', 'liam.wilson@piratesdemo.test', 6, 'M', current_date - interval '60 days', true, 'manual', 'Parent', 'Wilson', 'parent.wilson@piratesdemo.test', '(813) 555-9935'),
  ('d1de806d-30ab-4190-aca5-04c57d7aef73', 'Olivia', 'Martinez', 'olivia.martinez@piratesdemo.test', 5, 'F', current_date - interval '60 days', true, 'manual', 'Parent', 'Martinez', 'parent.martinez@piratesdemo.test', '(813) 555-2424'),
  ('69c9fe99-0518-4fb4-be9e-d4d18f644668', 'Ethan', 'Rodriguez', 'ethan.rodriguez@piratesdemo.test', 8, 'M', current_date - interval '60 days', true, 'manual', 'Parent', 'Rodriguez', 'parent.rodriguez@piratesdemo.test', '(813) 555-7912'),
  ('43864e1c-f550-4d10-9675-105f352c6c06', 'Sophia', 'Anderson', 'sophia.anderson@piratesdemo.test', 3, 'F', current_date - interval '60 days', true, 'manual', 'Parent', 'Anderson', 'parent.anderson@piratesdemo.test', '(813) 555-1520'),
  ('95f00a2e-5295-4ef5-8072-b27a3e7bdbe0', 'Mason', 'Taylor', 'mason.taylor@piratesdemo.test', 7, 'M', current_date - interval '60 days', true, 'manual', 'Parent', 'Taylor', 'parent.taylor@piratesdemo.test', '(813) 555-1488');

-- - Runs + segments -
INSERT INTO runs (id, athlete_id, run_date, run_type, distance_miles, duration_seconds, effort_rpe, avg_cadence, avg_hr, max_hr, route, conditions, temperature_f, wind_mph, humidity_percent, dewpoint_f, notes) VALUES ('af2b4dc8-dde1-4e6b-92b5-bbc695e8c713', 'ed5c06f6-9dcb-4104-a661-5ce67663e630', '2026-04-18', 'easy', 2.5, 1515, 4, 175, 155, 172, 'Neighborhood — easy', 'Clear', 78, 3.6, 77, 69, NULL);
INSERT INTO run_segments (run_id, segment_order, segment_type, distance_miles, duration_seconds) VALUES ('af2b4dc8-dde1-4e6b-92b5-bbc695e8c713', 1, 'easy', 2.5, 1515);
INSERT INTO runs (id, athlete_id, run_date, run_type, distance_miles, duration_seconds, effort_rpe, avg_cadence, avg_hr, max_hr, route, conditions, temperature_f, wind_mph, humidity_percent, dewpoint_f, notes) VALUES ('dcfc082e-d2b7-4c71-a917-6a35bddd2be5', 'ed5c06f6-9dcb-4104-a661-5ce67663e630', '2026-04-19', 'tempo', 3.74, 2148, 8, 173, 167, 183, 'Al Lopez Park trails', 'Clear', 88, 7.8, 83, 83, NULL);
INSERT INTO run_segments (run_id, segment_order, segment_type, distance_miles, duration_seconds) VALUES ('dcfc082e-d2b7-4c71-a917-6a35bddd2be5', 1, 'warmup', 0.75, 454);
INSERT INTO run_segments (run_id, segment_order, segment_type, distance_miles, duration_seconds) VALUES ('dcfc082e-d2b7-4c71-a917-6a35bddd2be5', 2, 'tempo', 2.43, 1336);
INSERT INTO run_segments (run_id, segment_order, segment_type, distance_miles, duration_seconds) VALUES ('dcfc082e-d2b7-4c71-a917-6a35bddd2be5', 3, 'cooldown', 0.56, 358);
INSERT INTO runs (id, athlete_id, run_date, run_type, distance_miles, duration_seconds, effort_rpe, avg_cadence, avg_hr, max_hr, route, conditions, temperature_f, wind_mph, humidity_percent, dewpoint_f, notes) VALUES ('03dea983-f9c5-4da0-a9c9-16e375866fc1', 'ed5c06f6-9dcb-4104-a661-5ce67663e630', '2026-04-20', 'easy', 3.39, 2109, 5, 175, 166, 184, 'Al Lopez Park trails', 'Partly cloudy', 88, 8.1, 64, 82, NULL);
INSERT INTO run_segments (run_id, segment_order, segment_type, distance_miles, duration_seconds) VALUES ('03dea983-f9c5-4da0-a9c9-16e375866fc1', 1, 'easy', 3.39, 2109);
INSERT INTO runs (id, athlete_id, run_date, run_type, duration_seconds, effort_rpe, cross_train_activity, notes) VALUES ('a461b1cf-51a5-4602-a91a-55c73a97fa2d', 'ed5c06f6-9dcb-4104-a661-5ce67663e630', '2026-04-21', 'cross_train', 2400, 4, 'stretch + core', NULL);
INSERT INTO runs (id, athlete_id, run_date, run_type, distance_miles, duration_seconds, effort_rpe, avg_cadence, avg_hr, max_hr, route, conditions, temperature_f, wind_mph, humidity_percent, dewpoint_f, notes) VALUES ('ac9bffe9-b108-4950-986c-969443871210', 'ed5c06f6-9dcb-4104-a661-5ce67663e630', '2026-04-22', 'easy', 3.37, 2078, 4, 173, 161, 185, 'Track at Plant HS', 'Partly cloudy', 74, 6.0, 91, 63, NULL);
INSERT INTO run_segments (run_id, segment_order, segment_type, distance_miles, duration_seconds) VALUES ('ac9bffe9-b108-4950-986c-969443871210', 1, 'easy', 3.37, 2078);
INSERT INTO runs (id, athlete_id, run_date, run_type, distance_miles, duration_seconds, effort_rpe, avg_cadence, avg_hr, max_hr, route, conditions, temperature_f, wind_mph, humidity_percent, dewpoint_f, notes) VALUES ('b4b4b639-5a97-4dbc-9631-39379434ed15', 'ed5c06f6-9dcb-4104-a661-5ce67663e630', '2026-04-23', 'long', 5.84, 3702, 7, 174, 159, 182, 'Curtis Hixon waterfront', 'Partly cloudy', 70, 10.6, 63, 64, NULL);
INSERT INTO run_segments (run_id, segment_order, segment_type, distance_miles, duration_seconds) VALUES ('b4b4b639-5a97-4dbc-9631-39379434ed15', 1, 'easy', 5.84, 3702);
INSERT INTO runs (id, athlete_id, run_date, run_type, distance_miles, duration_seconds, effort_rpe, avg_cadence, avg_hr, max_hr, route, conditions, temperature_f, wind_mph, humidity_percent, dewpoint_f, notes) VALUES ('497f57b3-9a94-4ef5-a0e9-03c92287d63c', 'ed5c06f6-9dcb-4104-a661-5ce67663e630', '2026-04-25', 'easy', 2.91, 1670, 5, 179, 155, 180, 'Hyde Park loop', 'Clear', 85, 9.7, 77, 76, NULL);
INSERT INTO run_segments (run_id, segment_order, segment_type, distance_miles, duration_seconds) VALUES ('497f57b3-9a94-4ef5-a0e9-03c92287d63c', 1, 'easy', 2.91, 1670);
INSERT INTO runs (id, athlete_id, run_date, run_type, distance_miles, duration_seconds, effort_rpe, avg_cadence, avg_hr, max_hr, route, conditions, temperature_f, wind_mph, humidity_percent, dewpoint_f, notes) VALUES ('43fa51c7-430d-4df6-ab1e-3e27b6a40d0a', 'ed5c06f6-9dcb-4104-a661-5ce67663e630', '2026-04-26', 'tempo', 4.02, 2120, 8, 175, 175, 198, 'Davis Islands loop', 'Clear', 72, 9.6, 83, 60, NULL);
INSERT INTO run_segments (run_id, segment_order, segment_type, distance_miles, duration_seconds) VALUES ('43fa51c7-430d-4df6-ab1e-3e27b6a40d0a', 1, 'warmup', 0.8, 482);
INSERT INTO run_segments (run_id, segment_order, segment_type, distance_miles, duration_seconds) VALUES ('43fa51c7-430d-4df6-ab1e-3e27b6a40d0a', 2, 'tempo', 2.62, 1261);
INSERT INTO run_segments (run_id, segment_order, segment_type, distance_miles, duration_seconds) VALUES ('43fa51c7-430d-4df6-ab1e-3e27b6a40d0a', 3, 'cooldown', 0.6, 377);
INSERT INTO runs (id, athlete_id, run_date, run_type, distance_miles, duration_seconds, effort_rpe, avg_cadence, avg_hr, max_hr, route, conditions, temperature_f, wind_mph, humidity_percent, dewpoint_f, notes) VALUES ('8bdaf8f8-7b06-4faa-bc57-8c6073a1094b', 'ed5c06f6-9dcb-4104-a661-5ce67663e630', '2026-04-27', 'easy', 2.82, 1774, 4, 173, 157, 179, 'Hyde Park loop', 'Partly cloudy', 85, 3.3, 68, 74, NULL);
INSERT INTO run_segments (run_id, segment_order, segment_type, distance_miles, duration_seconds) VALUES ('8bdaf8f8-7b06-4faa-bc57-8c6073a1094b', 1, 'easy', 2.82, 1774);
INSERT INTO runs (id, athlete_id, run_date, run_type, duration_seconds, effort_rpe, cross_train_activity, notes) VALUES ('77d01e98-161f-4f83-a11d-578b062839d0', 'ed5c06f6-9dcb-4104-a661-5ce67663e630', '2026-04-28', 'cross_train', 2700, 4, 'pool run', NULL);
INSERT INTO runs (id, athlete_id, run_date, run_type, distance_miles, duration_seconds, effort_rpe, avg_cadence, avg_hr, max_hr, route, conditions, temperature_f, wind_mph, humidity_percent, dewpoint_f, notes) VALUES ('3db6431c-c2e7-46e2-ad97-3c78ae6d97d3', 'ed5c06f6-9dcb-4104-a661-5ce67663e630', '2026-04-29', 'easy', 3.41, 2085, 4, 177, 169, 185, 'Davis Islands loop', 'Partly cloudy', 75, 5.4, 64, 63, NULL);
INSERT INTO run_segments (run_id, segment_order, segment_type, distance_miles, duration_seconds) VALUES ('3db6431c-c2e7-46e2-ad97-3c78ae6d97d3', 1, 'easy', 3.41, 2085);
INSERT INTO runs (id, athlete_id, run_date, run_type, distance_miles, duration_seconds, effort_rpe, avg_cadence, avg_hr, max_hr, route, conditions, temperature_f, wind_mph, humidity_percent, dewpoint_f, notes) VALUES ('7e724b73-965d-4da7-be5a-351d53d42117', 'ed5c06f6-9dcb-4104-a661-5ce67663e630', '2026-04-30', 'long', 5.68, 3653, 6, 173, 171, 189, 'Al Lopez Park trails', 'Partly cloudy', 83, 7.4, 73, 72, NULL);
INSERT INTO run_segments (run_id, segment_order, segment_type, distance_miles, duration_seconds) VALUES ('7e724b73-965d-4da7-be5a-351d53d42117', 1, 'easy', 5.68, 3653);
INSERT INTO runs (id, athlete_id, run_date, run_type, distance_miles, duration_seconds, effort_rpe, avg_cadence, avg_hr, max_hr, route, conditions, temperature_f, wind_mph, humidity_percent, dewpoint_f, notes) VALUES ('8ad33a9f-99b8-46b8-bd59-bc013643999f', 'ed5c06f6-9dcb-4104-a661-5ce67663e630', '2026-05-02', 'easy', 3.66, 2128, 3, 176, 156, 181, 'Hyde Park loop', 'Partly cloudy', 69, 9.3, 85, 64, NULL);
INSERT INTO run_segments (run_id, segment_order, segment_type, distance_miles, duration_seconds) VALUES ('8ad33a9f-99b8-46b8-bd59-bc013643999f', 1, 'easy', 3.66, 2128);
INSERT INTO runs (id, athlete_id, run_date, run_type, distance_miles, duration_seconds, effort_rpe, avg_cadence, avg_hr, max_hr, route, conditions, temperature_f, wind_mph, humidity_percent, dewpoint_f, notes) VALUES ('52163035-aafc-4c21-9976-11e1aa7a1bf1', 'ed5c06f6-9dcb-4104-a661-5ce67663e630', '2026-05-03', 'tempo', 4.82, 2579, 7, 176, 172, 188, 'Bayshore out & back', 'Partly cloudy', 88, 11.7, 60, 81, NULL);
INSERT INTO run_segments (run_id, segment_order, segment_type, distance_miles, duration_seconds) VALUES ('52163035-aafc-4c21-9976-11e1aa7a1bf1', 1, 'warmup', 0.96, 572);
INSERT INTO run_segments (run_id, segment_order, segment_type, distance_miles, duration_seconds) VALUES ('52163035-aafc-4c21-9976-11e1aa7a1bf1', 2, 'tempo', 3.14, 1554);
INSERT INTO run_segments (run_id, segment_order, segment_type, distance_miles, duration_seconds) VALUES ('52163035-aafc-4c21-9976-11e1aa7a1bf1', 3, 'cooldown', 0.72, 453);
INSERT INTO runs (id, athlete_id, run_date, run_type, distance_miles, duration_seconds, effort_rpe, avg_cadence, avg_hr, max_hr, route, conditions, temperature_f, wind_mph, humidity_percent, dewpoint_f, notes) VALUES ('9543074c-10af-46ca-9a3e-8a4b93cdcd24', 'ed5c06f6-9dcb-4104-a661-5ce67663e630', '2026-05-04', 'easy', 3.81, 2209, 3, 176, 172, 197, 'Curtis Hixon waterfront', 'Clear', 72, 5.0, 72, 68, NULL);
INSERT INTO run_segments (run_id, segment_order, segment_type, distance_miles, duration_seconds) VALUES ('9543074c-10af-46ca-9a3e-8a4b93cdcd24', 1, 'easy', 3.81, 2209);
INSERT INTO runs (id, athlete_id, run_date, run_type, duration_seconds, effort_rpe, cross_train_activity, notes) VALUES ('8e02b335-2166-4b7e-9040-c3242309b314', 'ed5c06f6-9dcb-4104-a661-5ce67663e630', '2026-05-05', 'cross_train', 1800, 6, 'swimming', NULL);
INSERT INTO runs (id, athlete_id, run_date, run_type, distance_miles, duration_seconds, effort_rpe, avg_cadence, avg_hr, max_hr, route, conditions, temperature_f, wind_mph, humidity_percent, dewpoint_f, notes) VALUES ('491d6d99-64d0-4be3-8544-27d5c2113053', 'ed5c06f6-9dcb-4104-a661-5ce67663e630', '2026-05-06', 'easy', 3.74, 2167, 3, 179, 162, 183, 'Hyde Park loop', 'Clear', 86, 7.8, 75, 82, NULL);
INSERT INTO run_segments (run_id, segment_order, segment_type, distance_miles, duration_seconds) VALUES ('491d6d99-64d0-4be3-8544-27d5c2113053', 1, 'easy', 3.74, 2167);
INSERT INTO runs (id, athlete_id, run_date, run_type, distance_miles, duration_seconds, effort_rpe, avg_cadence, avg_hr, max_hr, route, conditions, temperature_f, wind_mph, humidity_percent, dewpoint_f, notes) VALUES ('ca59fa52-a95f-4f0a-82d1-8a968d45594e', 'ed5c06f6-9dcb-4104-a661-5ce67663e630', '2026-05-07', 'long', 7.11, 4490, 6, 175, 167, 184, 'Al Lopez Park trails', 'Clear', 82, 11.3, 80, 77, NULL);
INSERT INTO run_segments (run_id, segment_order, segment_type, distance_miles, duration_seconds) VALUES ('ca59fa52-a95f-4f0a-82d1-8a968d45594e', 1, 'easy', 7.11, 4490);
INSERT INTO runs (id, athlete_id, run_date, run_type, distance_miles, duration_seconds, effort_rpe, avg_cadence, avg_hr, max_hr, route, conditions, temperature_f, wind_mph, humidity_percent, dewpoint_f, notes) VALUES ('4790a1f0-55bd-4336-b812-03b8d09f176f', 'ed5c06f6-9dcb-4104-a661-5ce67663e630', '2026-05-09', 'easy', 4.16, 2620, 3, 175, 157, 175, 'Track at Plant HS', 'Overcast', 77, 6.4, 70, 65, NULL);
INSERT INTO run_segments (run_id, segment_order, segment_type, distance_miles, duration_seconds) VALUES ('4790a1f0-55bd-4336-b812-03b8d09f176f', 1, 'easy', 4.16, 2620);
INSERT INTO runs (id, athlete_id, run_date, run_type, distance_miles, duration_seconds, effort_rpe, avg_cadence, avg_hr, max_hr, route, conditions, temperature_f, wind_mph, humidity_percent, dewpoint_f, notes) VALUES ('3c7d544f-ec8b-43a7-a589-8d643de82056', 'ed5c06f6-9dcb-4104-a661-5ce67663e630', '2026-05-10', 'tempo', 5.81, 3274, 8, 175, 158, 174, 'Riverwalk + bridges', 'Partly cloudy', 76, 8.0, 78, 67, NULL);
INSERT INTO run_segments (run_id, segment_order, segment_type, distance_miles, duration_seconds) VALUES ('3c7d544f-ec8b-43a7-a589-8d643de82056', 1, 'warmup', 1.16, 703);
INSERT INTO run_segments (run_id, segment_order, segment_type, distance_miles, duration_seconds) VALUES ('3c7d544f-ec8b-43a7-a589-8d643de82056', 2, 'tempo', 3.78, 2012);
INSERT INTO run_segments (run_id, segment_order, segment_type, distance_miles, duration_seconds) VALUES ('3c7d544f-ec8b-43a7-a589-8d643de82056', 3, 'cooldown', 0.87, 559);
INSERT INTO runs (id, athlete_id, run_date, run_type, distance_miles, duration_seconds, effort_rpe, avg_cadence, avg_hr, max_hr, route, conditions, temperature_f, wind_mph, humidity_percent, dewpoint_f, notes) VALUES ('c3cf8b40-6587-4842-80ba-6d1eec95f476', 'ed5c06f6-9dcb-4104-a661-5ce67663e630', '2026-05-11', 'easy', 2.92, 1824, 3, 173, 155, 175, 'Riverwalk + bridges', 'Humid', 88, 3.6, 76, 77, NULL);
INSERT INTO run_segments (run_id, segment_order, segment_type, distance_miles, duration_seconds) VALUES ('c3cf8b40-6587-4842-80ba-6d1eec95f476', 1, 'easy', 2.92, 1824);
INSERT INTO runs (id, athlete_id, run_date, run_type, duration_seconds, effort_rpe, cross_train_activity, notes) VALUES ('be8191c0-4781-458a-a6e3-bf027d335c2b', 'ed5c06f6-9dcb-4104-a661-5ce67663e630', '2026-05-12', 'cross_train', 1800, 4, 'swimming', NULL);
INSERT INTO runs (id, athlete_id, run_date, run_type, distance_miles, duration_seconds, effort_rpe, avg_cadence, avg_hr, max_hr, route, conditions, temperature_f, wind_mph, humidity_percent, dewpoint_f, notes) VALUES ('3dcb8ec3-9f0b-40b9-84d0-66a3dc009531', 'ed5c06f6-9dcb-4104-a661-5ce67663e630', '2026-05-13', 'easy', 3.89, 2353, 4, 175, 156, 176, 'Davis Islands loop', 'Humid', 75, 5.5, 66, 63, NULL);
INSERT INTO run_segments (run_id, segment_order, segment_type, distance_miles, duration_seconds) VALUES ('3dcb8ec3-9f0b-40b9-84d0-66a3dc009531', 1, 'easy', 3.89, 2353);
INSERT INTO runs (id, athlete_id, run_date, run_type, distance_miles, duration_seconds, effort_rpe, avg_cadence, avg_hr, max_hr, route, conditions, temperature_f, wind_mph, humidity_percent, dewpoint_f, notes) VALUES ('327269d8-ed7f-4e42-a2cb-cd97b79415a9', 'ed5c06f6-9dcb-4104-a661-5ce67663e630', '2026-05-14', 'long', 7.81, 5130, 6, 174, 165, 186, 'Davis Islands loop', 'Humid', 76, 9.9, 70, 71, NULL);
INSERT INTO run_segments (run_id, segment_order, segment_type, distance_miles, duration_seconds) VALUES ('327269d8-ed7f-4e42-a2cb-cd97b79415a9', 1, 'easy', 7.81, 5130);

INSERT INTO runs (id, athlete_id, run_date, run_type, distance_miles, duration_seconds, effort_rpe, avg_cadence, avg_hr, max_hr, route, conditions, temperature_f, wind_mph, humidity_percent, dewpoint_f, notes) VALUES ('0a2afdf6-c946-4743-946c-4afa43f4de13', 'bbc2fd78-56b5-4a91-b3e5-f04a20d66700', '2026-04-18', 'easy', 4.15, 2179, 5, 179, 161, 182, 'Track at Plant HS', 'Overcast', 76, 11.7, 64, 68, NULL);
INSERT INTO run_segments (run_id, segment_order, segment_type, distance_miles, duration_seconds) VALUES ('0a2afdf6-c946-4743-946c-4afa43f4de13', 1, 'easy', 4.15, 2179);
INSERT INTO runs (id, athlete_id, run_date, run_type, distance_miles, duration_seconds, effort_rpe, avg_cadence, avg_hr, max_hr, route, conditions, temperature_f, wind_mph, humidity_percent, dewpoint_f, notes) VALUES ('b702d250-19d2-458b-9200-75250ab51a48', 'bbc2fd78-56b5-4a91-b3e5-f04a20d66700', '2026-04-19', 'tempo', 5.1, 2699, 7, 183, 163, 178, 'Hyde Park loop', 'Humid', 87, 5.5, 87, 78, NULL);
INSERT INTO run_segments (run_id, segment_order, segment_type, distance_miles, duration_seconds) VALUES ('b702d250-19d2-458b-9200-75250ab51a48', 1, 'warmup', 1.02, 554);
INSERT INTO run_segments (run_id, segment_order, segment_type, distance_miles, duration_seconds) VALUES ('b702d250-19d2-458b-9200-75250ab51a48', 2, 'tempo', 3.32, 1712);
INSERT INTO run_segments (run_id, segment_order, segment_type, distance_miles, duration_seconds) VALUES ('b702d250-19d2-458b-9200-75250ab51a48', 3, 'cooldown', 0.76, 433);
INSERT INTO runs (id, athlete_id, run_date, run_type, distance_miles, duration_seconds, effort_rpe, avg_cadence, avg_hr, max_hr, route, conditions, temperature_f, wind_mph, humidity_percent, dewpoint_f, notes) VALUES ('8b03fdeb-3064-40db-9978-b2252d88d408', 'bbc2fd78-56b5-4a91-b3e5-f04a20d66700', '2026-04-20', 'easy', 3.65, 1923, 5, 182, 157, 182, 'Track at Plant HS', 'Overcast', 87, 8.6, 80, 82, NULL);
INSERT INTO run_segments (run_id, segment_order, segment_type, distance_miles, duration_seconds) VALUES ('8b03fdeb-3064-40db-9978-b2252d88d408', 1, 'easy', 3.65, 1923);
INSERT INTO runs (id, athlete_id, run_date, run_type, duration_seconds, effort_rpe, cross_train_activity, notes) VALUES ('11601801-76a4-497c-8a7f-b27c93a6c104', 'bbc2fd78-56b5-4a91-b3e5-f04a20d66700', '2026-04-21', 'cross_train', 2400, 6, 'stretch + core', NULL);
INSERT INTO runs (id, athlete_id, run_date, run_type, distance_miles, duration_seconds, effort_rpe, avg_cadence, avg_hr, max_hr, route, conditions, temperature_f, wind_mph, humidity_percent, dewpoint_f, notes) VALUES ('6f3030f3-c55c-471c-bee0-7841c6e19961', 'bbc2fd78-56b5-4a91-b3e5-f04a20d66700', '2026-04-22', 'easy', 3.62, 1895, 5, 183, 155, 174, 'Al Lopez Park trails', 'Humid', 74, 9.9, 87, 65, NULL);
INSERT INTO run_segments (run_id, segment_order, segment_type, distance_miles, duration_seconds) VALUES ('6f3030f3-c55c-471c-bee0-7841c6e19961', 1, 'easy', 3.62, 1895);
INSERT INTO runs (id, athlete_id, run_date, run_type, distance_miles, duration_seconds, effort_rpe, avg_cadence, avg_hr, max_hr, route, conditions, temperature_f, wind_mph, humidity_percent, dewpoint_f, notes) VALUES ('90b2b281-309a-42a9-be47-ab178747ed75', 'bbc2fd78-56b5-4a91-b3e5-f04a20d66700', '2026-04-23', 'long', 8.09, 4616, 5, 185, 162, 187, 'Al Lopez Park trails', 'Partly cloudy', 75, 3.5, 72, 71, NULL);
INSERT INTO run_segments (run_id, segment_order, segment_type, distance_miles, duration_seconds) VALUES ('90b2b281-309a-42a9-be47-ab178747ed75', 1, 'easy', 8.09, 4616);
INSERT INTO runs (id, athlete_id, run_date, run_type, distance_miles, duration_seconds, effort_rpe, avg_cadence, avg_hr, max_hr, route, conditions, temperature_f, wind_mph, humidity_percent, dewpoint_f, notes) VALUES ('f24d7ef3-314b-471d-9440-9ef1dbb8e5fb', 'bbc2fd78-56b5-4a91-b3e5-f04a20d66700', '2026-04-25', 'easy', 3.86, 2140, 5, 184, 167, 189, 'Neighborhood — easy', 'Clear', 75, 8.6, 69, 71, NULL);
INSERT INTO run_segments (run_id, segment_order, segment_type, distance_miles, duration_seconds) VALUES ('f24d7ef3-314b-471d-9440-9ef1dbb8e5fb', 1, 'easy', 3.86, 2140);
INSERT INTO runs (id, athlete_id, run_date, run_type, distance_miles, duration_seconds, effort_rpe, avg_cadence, avg_hr, max_hr, route, conditions, temperature_f, wind_mph, humidity_percent, dewpoint_f, notes) VALUES ('caec1b85-975d-4f7d-8141-508b5f83590f', 'bbc2fd78-56b5-4a91-b3e5-f04a20d66700', '2026-04-26', 'tempo', 4.98, 2591, 8, 182, 159, 181, 'Track at Plant HS', 'Humid', 82, 6.3, 92, 70, NULL);
INSERT INTO run_segments (run_id, segment_order, segment_type, distance_miles, duration_seconds) VALUES ('caec1b85-975d-4f7d-8141-508b5f83590f', 1, 'warmup', 1.0, 552);
INSERT INTO run_segments (run_id, segment_order, segment_type, distance_miles, duration_seconds) VALUES ('caec1b85-975d-4f7d-8141-508b5f83590f', 2, 'tempo', 3.23, 1606);
INSERT INTO run_segments (run_id, segment_order, segment_type, distance_miles, duration_seconds) VALUES ('caec1b85-975d-4f7d-8141-508b5f83590f', 3, 'cooldown', 0.75, 433);
INSERT INTO runs (id, athlete_id, run_date, run_type, distance_miles, duration_seconds, effort_rpe, avg_cadence, avg_hr, max_hr, route, conditions, temperature_f, wind_mph, humidity_percent, dewpoint_f, notes) VALUES ('2e88924b-a4c3-490b-ad70-4faef9d10270', 'bbc2fd78-56b5-4a91-b3e5-f04a20d66700', '2026-04-27', 'easy', 3.22, 1695, 4, 182, 157, 176, 'Davis Islands loop', 'Clear', 76, 5.2, 81, 64, NULL);
INSERT INTO run_segments (run_id, segment_order, segment_type, distance_miles, duration_seconds) VALUES ('2e88924b-a4c3-490b-ad70-4faef9d10270', 1, 'easy', 3.22, 1695);
INSERT INTO runs (id, athlete_id, run_date, run_type, duration_seconds, effort_rpe, cross_train_activity, notes) VALUES ('f11c9834-b924-4233-9b93-45eea3a29f02', 'bbc2fd78-56b5-4a91-b3e5-f04a20d66700', '2026-04-28', 'cross_train', 2700, 4, 'biking', NULL);
INSERT INTO runs (id, athlete_id, run_date, run_type, distance_miles, duration_seconds, effort_rpe, avg_cadence, avg_hr, max_hr, route, conditions, temperature_f, wind_mph, humidity_percent, dewpoint_f, notes) VALUES ('30865c0b-c95d-4c34-8be6-c7346c064907', 'bbc2fd78-56b5-4a91-b3e5-f04a20d66700', '2026-04-29', 'easy', 2.86, 1530, 5, 182, 173, 188, 'Neighborhood — easy', 'Humid', 83, 11.4, 60, 75, NULL);
INSERT INTO run_segments (run_id, segment_order, segment_type, distance_miles, duration_seconds) VALUES ('30865c0b-c95d-4c34-8be6-c7346c064907', 1, 'easy', 2.86, 1530);
INSERT INTO runs (id, athlete_id, run_date, run_type, distance_miles, duration_seconds, effort_rpe, avg_cadence, avg_hr, max_hr, route, conditions, temperature_f, wind_mph, humidity_percent, dewpoint_f, notes) VALUES ('0ca91f69-2bf9-40f1-972a-1c077e85b56f', 'bbc2fd78-56b5-4a91-b3e5-f04a20d66700', '2026-04-30', 'long', 9.05, 5117, 7, 182, 155, 176, 'Track at Plant HS', 'Clear', 80, 10.4, 70, 74, NULL);
INSERT INTO run_segments (run_id, segment_order, segment_type, distance_miles, duration_seconds) VALUES ('0ca91f69-2bf9-40f1-972a-1c077e85b56f', 1, 'easy', 9.05, 5117);
INSERT INTO runs (id, athlete_id, run_date, run_type, distance_miles, duration_seconds, effort_rpe, avg_cadence, avg_hr, max_hr, route, conditions, temperature_f, wind_mph, humidity_percent, dewpoint_f, notes) VALUES ('dd51ccb2-6c67-49c2-b4a6-2c077a06f650', 'bbc2fd78-56b5-4a91-b3e5-f04a20d66700', '2026-05-02', 'easy', 3.98, 2184, 3, 179, 163, 184, 'Track at Plant HS', 'Overcast', 74, 5.3, 89, 64, NULL);
INSERT INTO run_segments (run_id, segment_order, segment_type, distance_miles, duration_seconds) VALUES ('dd51ccb2-6c67-49c2-b4a6-2c077a06f650', 1, 'easy', 3.98, 2184);
INSERT INTO runs (id, athlete_id, run_date, run_type, distance_miles, duration_seconds, effort_rpe, avg_cadence, avg_hr, max_hr, route, conditions, temperature_f, wind_mph, humidity_percent, dewpoint_f, notes) VALUES ('34e5b4a5-3da1-4c88-981d-810f68d48712', 'bbc2fd78-56b5-4a91-b3e5-f04a20d66700', '2026-05-03', 'tempo', 6.34, 3122, 7, 180, 175, 191, 'Bayshore out & back', 'Partly cloudy', 68, 4.0, 75, 64, NULL);
INSERT INTO run_segments (run_id, segment_order, segment_type, distance_miles, duration_seconds) VALUES ('34e5b4a5-3da1-4c88-981d-810f68d48712', 1, 'warmup', 1.27, 675);
INSERT INTO run_segments (run_id, segment_order, segment_type, distance_miles, duration_seconds) VALUES ('34e5b4a5-3da1-4c88-981d-810f68d48712', 2, 'tempo', 4.12, 1907);
INSERT INTO run_segments (run_id, segment_order, segment_type, distance_miles, duration_seconds) VALUES ('34e5b4a5-3da1-4c88-981d-810f68d48712', 3, 'cooldown', 0.95, 540);
INSERT INTO runs (id, athlete_id, run_date, run_type, distance_miles, duration_seconds, effort_rpe, avg_cadence, avg_hr, max_hr, route, conditions, temperature_f, wind_mph, humidity_percent, dewpoint_f, notes) VALUES ('d6a587bd-8fb6-41a1-bb3d-48436a74c82d', 'bbc2fd78-56b5-4a91-b3e5-f04a20d66700', '2026-05-04', 'easy', 4.66, 2508, 4, 181, 158, 182, 'Bayshore out & back', 'Clear', 77, 6.0, 84, 70, NULL);
INSERT INTO run_segments (run_id, segment_order, segment_type, distance_miles, duration_seconds) VALUES ('d6a587bd-8fb6-41a1-bb3d-48436a74c82d', 1, 'easy', 4.66, 2508);
INSERT INTO runs (id, athlete_id, run_date, run_type, duration_seconds, effort_rpe, cross_train_activity, notes) VALUES ('5c0729a1-ba47-4639-af2e-9ad63d297012', 'bbc2fd78-56b5-4a91-b3e5-f04a20d66700', '2026-05-05', 'cross_train', 1800, 5, 'biking', NULL);
INSERT INTO runs (id, athlete_id, run_date, run_type, distance_miles, duration_seconds, effort_rpe, avg_cadence, avg_hr, max_hr, route, conditions, temperature_f, wind_mph, humidity_percent, dewpoint_f, notes) VALUES ('b24fca16-87fe-4c81-9bf0-8849317a1346', 'bbc2fd78-56b5-4a91-b3e5-f04a20d66700', '2026-05-06', 'easy', 4.0, 2078, 3, 181, 157, 180, 'Track at Plant HS', 'Humid', 68, 10.2, 86, 63, NULL);
INSERT INTO run_segments (run_id, segment_order, segment_type, distance_miles, duration_seconds) VALUES ('b24fca16-87fe-4c81-9bf0-8849317a1346', 1, 'easy', 4.0, 2078);
INSERT INTO runs (id, athlete_id, run_date, run_type, distance_miles, duration_seconds, effort_rpe, avg_cadence, avg_hr, max_hr, route, conditions, temperature_f, wind_mph, humidity_percent, dewpoint_f, notes) VALUES ('41eb4b14-51e9-4160-aecc-4df53434ca29', 'bbc2fd78-56b5-4a91-b3e5-f04a20d66700', '2026-05-07', 'long', 8.65, 5093, 7, 185, 172, 194, 'Curtis Hixon waterfront', 'Clear', 81, 5.2, 77, 74, NULL);
INSERT INTO run_segments (run_id, segment_order, segment_type, distance_miles, duration_seconds) VALUES ('41eb4b14-51e9-4160-aecc-4df53434ca29', 1, 'easy', 8.65, 5093);
INSERT INTO runs (id, athlete_id, run_date, run_type, distance_miles, duration_seconds, effort_rpe, avg_cadence, avg_hr, max_hr, route, conditions, temperature_f, wind_mph, humidity_percent, dewpoint_f, notes) VALUES ('89c056f4-1a5e-40f9-bbdd-6c7e1f3744ff', 'bbc2fd78-56b5-4a91-b3e5-f04a20d66700', '2026-05-09', 'easy', 3.86, 2137, 5, 180, 170, 188, 'Track at Plant HS', 'Clear', 76, 4.8, 81, 68, NULL);
INSERT INTO run_segments (run_id, segment_order, segment_type, distance_miles, duration_seconds) VALUES ('89c056f4-1a5e-40f9-bbdd-6c7e1f3744ff', 1, 'easy', 3.86, 2137);
INSERT INTO runs (id, athlete_id, run_date, run_type, distance_miles, duration_seconds, effort_rpe, avg_cadence, avg_hr, max_hr, route, conditions, temperature_f, wind_mph, humidity_percent, dewpoint_f, notes) VALUES ('08c6afe3-642a-446b-a48e-7876452255ad', 'bbc2fd78-56b5-4a91-b3e5-f04a20d66700', '2026-05-10', 'tempo', 5.33, 2622, 8, 182, 175, 197, 'Curtis Hixon waterfront', 'Partly cloudy', 68, 4.9, 65, 58, NULL);
INSERT INTO run_segments (run_id, segment_order, segment_type, distance_miles, duration_seconds) VALUES ('08c6afe3-642a-446b-a48e-7876452255ad', 1, 'warmup', 1.07, 571);
INSERT INTO run_segments (run_id, segment_order, segment_type, distance_miles, duration_seconds) VALUES ('08c6afe3-642a-446b-a48e-7876452255ad', 2, 'tempo', 3.46, 1593);
INSERT INTO run_segments (run_id, segment_order, segment_type, distance_miles, duration_seconds) VALUES ('08c6afe3-642a-446b-a48e-7876452255ad', 3, 'cooldown', 0.8, 458);
INSERT INTO runs (id, athlete_id, run_date, run_type, distance_miles, duration_seconds, effort_rpe, avg_cadence, avg_hr, max_hr, route, conditions, temperature_f, wind_mph, humidity_percent, dewpoint_f, notes) VALUES ('a7580355-3fbe-4426-aca5-29e8fca3c637', 'bbc2fd78-56b5-4a91-b3e5-f04a20d66700', '2026-05-11', 'easy', 4.02, 2155, 4, 181, 163, 181, 'Hyde Park loop', 'Partly cloudy', 74, 3.2, 80, 62, NULL);
INSERT INTO run_segments (run_id, segment_order, segment_type, distance_miles, duration_seconds) VALUES ('a7580355-3fbe-4426-aca5-29e8fca3c637', 1, 'easy', 4.02, 2155);
INSERT INTO runs (id, athlete_id, run_date, run_type, duration_seconds, effort_rpe, cross_train_activity, notes) VALUES ('1c8bd9c8-dd64-4843-a1cc-956433eab1c4', 'bbc2fd78-56b5-4a91-b3e5-f04a20d66700', '2026-05-12', 'cross_train', 2400, 5, 'stretch + core', NULL);
INSERT INTO runs (id, athlete_id, run_date, run_type, distance_miles, duration_seconds, effort_rpe, avg_cadence, avg_hr, max_hr, route, conditions, temperature_f, wind_mph, humidity_percent, dewpoint_f, notes) VALUES ('832957f1-bd2f-4cf5-ac57-21456d11a437', 'bbc2fd78-56b5-4a91-b3e5-f04a20d66700', '2026-05-13', 'easy', 4.62, 2444, 4, 183, 159, 178, 'Bayshore out & back', 'Humid', 69, 9.0, 78, 63, NULL);
INSERT INTO run_segments (run_id, segment_order, segment_type, distance_miles, duration_seconds) VALUES ('832957f1-bd2f-4cf5-ac57-21456d11a437', 1, 'easy', 4.62, 2444);
INSERT INTO runs (id, athlete_id, run_date, run_type, distance_miles, duration_seconds, effort_rpe, avg_cadence, avg_hr, max_hr, route, conditions, temperature_f, wind_mph, humidity_percent, dewpoint_f, notes) VALUES ('26d594a4-3485-47c0-ba3c-70d6e946ccee', 'bbc2fd78-56b5-4a91-b3e5-f04a20d66700', '2026-05-14', 'long', 7.45, 4155, 7, 181, 170, 186, 'Hyde Park loop', 'Partly cloudy', 80, 2.7, 91, 76, NULL);
INSERT INTO run_segments (run_id, segment_order, segment_type, distance_miles, duration_seconds) VALUES ('26d594a4-3485-47c0-ba3c-70d6e946ccee', 1, 'easy', 7.45, 4155);

INSERT INTO runs (id, athlete_id, run_date, run_type, distance_miles, duration_seconds, effort_rpe, avg_cadence, avg_hr, max_hr, route, conditions, temperature_f, wind_mph, humidity_percent, dewpoint_f, notes) VALUES ('54e252db-1faa-46f8-be5d-880e0f7e6239', '5a1f6b86-aee8-4ac4-8d96-e1fff7dae9df', '2026-04-18', 'easy', 2.31, 1404, 4, 175, 174, 192, 'Neighborhood — easy', 'Overcast', 82, 5.0, 88, 72, NULL);
INSERT INTO run_segments (run_id, segment_order, segment_type, distance_miles, duration_seconds) VALUES ('54e252db-1faa-46f8-be5d-880e0f7e6239', 1, 'easy', 2.31, 1404);
INSERT INTO runs (id, athlete_id, run_date, run_type, distance_miles, duration_seconds, effort_rpe, avg_cadence, avg_hr, max_hr, route, conditions, temperature_f, wind_mph, humidity_percent, dewpoint_f, notes) VALUES ('dcb159a1-298f-4c58-8446-bd23fa28a183', '5a1f6b86-aee8-4ac4-8d96-e1fff7dae9df', '2026-04-19', 'tempo', 2.87, 1741, 8, 176, 157, 174, 'Davis Islands loop', 'Humid', 73, 3.6, 64, 63, NULL);
INSERT INTO run_segments (run_id, segment_order, segment_type, distance_miles, duration_seconds) VALUES ('dcb159a1-298f-4c58-8446-bd23fa28a183', 1, 'warmup', 0.57, 357);
INSERT INTO run_segments (run_id, segment_order, segment_type, distance_miles, duration_seconds) VALUES ('dcb159a1-298f-4c58-8446-bd23fa28a183', 2, 'tempo', 1.87, 1106);
INSERT INTO run_segments (run_id, segment_order, segment_type, distance_miles, duration_seconds) VALUES ('dcb159a1-298f-4c58-8446-bd23fa28a183', 3, 'cooldown', 0.43, 278);
INSERT INTO runs (id, athlete_id, run_date, run_type, distance_miles, duration_seconds, effort_rpe, avg_cadence, avg_hr, max_hr, route, conditions, temperature_f, wind_mph, humidity_percent, dewpoint_f, notes) VALUES ('6c3f7c8b-9473-4d6b-8ce9-266db3fbf0a7', '5a1f6b86-aee8-4ac4-8d96-e1fff7dae9df', '2026-04-20', 'easy', 2.0, 1213, 5, 177, 175, 199, 'Davis Islands loop', 'Overcast', 81, 7.4, 67, 75, NULL);
INSERT INTO run_segments (run_id, segment_order, segment_type, distance_miles, duration_seconds) VALUES ('6c3f7c8b-9473-4d6b-8ce9-266db3fbf0a7', 1, 'easy', 2.0, 1213);
INSERT INTO runs (id, athlete_id, run_date, run_type, duration_seconds, effort_rpe, cross_train_activity, notes) VALUES ('c9299e9b-d83f-4e3d-be40-cf18e4a4abe4', '5a1f6b86-aee8-4ac4-8d96-e1fff7dae9df', '2026-04-21', 'cross_train', 1800, 4, 'swimming', NULL);
INSERT INTO runs (id, athlete_id, run_date, run_type, distance_miles, duration_seconds, effort_rpe, avg_cadence, avg_hr, max_hr, route, conditions, temperature_f, wind_mph, humidity_percent, dewpoint_f, notes) VALUES ('c4c52e3f-afb6-40e4-9fe8-06900658a872', '5a1f6b86-aee8-4ac4-8d96-e1fff7dae9df', '2026-04-22', 'easy', 2.35, 1504, 4, 173, 167, 186, 'Curtis Hixon waterfront', 'Overcast', 82, 8.0, 65, 72, NULL);
INSERT INTO run_segments (run_id, segment_order, segment_type, distance_miles, duration_seconds) VALUES ('c4c52e3f-afb6-40e4-9fe8-06900658a872', 1, 'easy', 2.35, 1504);
INSERT INTO runs (id, athlete_id, run_date, run_type, distance_miles, duration_seconds, effort_rpe, avg_cadence, avg_hr, max_hr, route, conditions, temperature_f, wind_mph, humidity_percent, dewpoint_f, notes) VALUES ('38a48af8-7c4f-49aa-b8c9-a4339ecdeef1', '5a1f6b86-aee8-4ac4-8d96-e1fff7dae9df', '2026-04-23', 'long', 4.24, 2681, 6, 174, 171, 196, 'Curtis Hixon waterfront', 'Humid', 76, 12.0, 71, 66, NULL);
INSERT INTO run_segments (run_id, segment_order, segment_type, distance_miles, duration_seconds) VALUES ('38a48af8-7c4f-49aa-b8c9-a4339ecdeef1', 1, 'easy', 4.24, 2681);
INSERT INTO runs (id, athlete_id, run_date, run_type, distance_miles, duration_seconds, effort_rpe, avg_cadence, avg_hr, max_hr, route, conditions, temperature_f, wind_mph, humidity_percent, dewpoint_f, notes) VALUES ('5bccb76b-3926-479e-9617-8189894c627d', '5a1f6b86-aee8-4ac4-8d96-e1fff7dae9df', '2026-04-25', 'easy', 2.34, 1438, 4, 176, 170, 189, 'Neighborhood — easy', 'Overcast', 85, 6.5, 62, 76, NULL);
INSERT INTO run_segments (run_id, segment_order, segment_type, distance_miles, duration_seconds) VALUES ('5bccb76b-3926-479e-9617-8189894c627d', 1, 'easy', 2.34, 1438);
INSERT INTO runs (id, athlete_id, run_date, run_type, distance_miles, duration_seconds, effort_rpe, avg_cadence, avg_hr, max_hr, route, conditions, temperature_f, wind_mph, humidity_percent, dewpoint_f, notes) VALUES ('531b5fb2-255b-4d79-88ab-6ec01e54e554', '5a1f6b86-aee8-4ac4-8d96-e1fff7dae9df', '2026-04-26', 'tempo', 4.12, 2367, 7, 175, 166, 190, 'Curtis Hixon waterfront', 'Overcast', 88, 9.6, 88, 81, NULL);
INSERT INTO run_segments (run_id, segment_order, segment_type, distance_miles, duration_seconds) VALUES ('531b5fb2-255b-4d79-88ab-6ec01e54e554', 1, 'warmup', 0.82, 509);
INSERT INTO run_segments (run_id, segment_order, segment_type, distance_miles, duration_seconds) VALUES ('531b5fb2-255b-4d79-88ab-6ec01e54e554', 2, 'tempo', 2.68, 1445);
INSERT INTO run_segments (run_id, segment_order, segment_type, distance_miles, duration_seconds) VALUES ('531b5fb2-255b-4d79-88ab-6ec01e54e554', 3, 'cooldown', 0.62, 413);
INSERT INTO runs (id, athlete_id, run_date, run_type, distance_miles, duration_seconds, effort_rpe, avg_cadence, avg_hr, max_hr, route, conditions, temperature_f, wind_mph, humidity_percent, dewpoint_f, notes) VALUES ('96482918-b98b-4c8b-b7c2-e6c278e2db67', '5a1f6b86-aee8-4ac4-8d96-e1fff7dae9df', '2026-04-27', 'easy', 2.61, 1557, 4, 174, 157, 175, 'Hyde Park loop', 'Humid', 82, 8.5, 67, 76, NULL);
INSERT INTO run_segments (run_id, segment_order, segment_type, distance_miles, duration_seconds) VALUES ('96482918-b98b-4c8b-b7c2-e6c278e2db67', 1, 'easy', 2.61, 1557);
INSERT INTO runs (id, athlete_id, run_date, run_type, duration_seconds, effort_rpe, cross_train_activity, notes) VALUES ('b6e86ae5-7ced-443c-b09a-fd3bcb49c936', '5a1f6b86-aee8-4ac4-8d96-e1fff7dae9df', '2026-04-28', 'cross_train', 3600, 5, 'elliptical', NULL);
INSERT INTO runs (id, athlete_id, run_date, run_type, distance_miles, duration_seconds, effort_rpe, avg_cadence, avg_hr, max_hr, route, conditions, temperature_f, wind_mph, humidity_percent, dewpoint_f, notes) VALUES ('44041d0d-a1ea-4772-9d5b-68db9f3b5865', '5a1f6b86-aee8-4ac4-8d96-e1fff7dae9df', '2026-04-29', 'easy', 2.35, 1453, 5, 175, 159, 175, 'Al Lopez Park trails', 'Overcast', 81, 11.3, 81, 69, NULL);
INSERT INTO run_segments (run_id, segment_order, segment_type, distance_miles, duration_seconds) VALUES ('44041d0d-a1ea-4772-9d5b-68db9f3b5865', 1, 'easy', 2.35, 1453);
INSERT INTO runs (id, athlete_id, run_date, run_type, distance_miles, duration_seconds, effort_rpe, avg_cadence, avg_hr, max_hr, route, conditions, temperature_f, wind_mph, humidity_percent, dewpoint_f, notes) VALUES ('4e8d8a96-c6ee-44ce-8ea1-a5ed3c16b311', '5a1f6b86-aee8-4ac4-8d96-e1fff7dae9df', '2026-04-30', 'long', 4.87, 3102, 6, 173, 172, 195, 'Neighborhood — easy', 'Humid', 82, 10.7, 80, 75, NULL);
INSERT INTO run_segments (run_id, segment_order, segment_type, distance_miles, duration_seconds) VALUES ('4e8d8a96-c6ee-44ce-8ea1-a5ed3c16b311', 1, 'easy', 4.87, 3102);
INSERT INTO runs (id, athlete_id, run_date, run_type, distance_miles, duration_seconds, effort_rpe, avg_cadence, avg_hr, max_hr, route, conditions, temperature_f, wind_mph, humidity_percent, dewpoint_f, notes) VALUES ('762bdb83-0442-4fb5-991e-6a26ab9a0a4a', '5a1f6b86-aee8-4ac4-8d96-e1fff7dae9df', '2026-05-02', 'easy', 2.86, 1692, 5, 171, 159, 182, 'Track at Plant HS', 'Clear', 71, 3.0, 88, 60, NULL);
INSERT INTO run_segments (run_id, segment_order, segment_type, distance_miles, duration_seconds) VALUES ('762bdb83-0442-4fb5-991e-6a26ab9a0a4a', 1, 'easy', 2.86, 1692);
INSERT INTO runs (id, athlete_id, run_date, run_type, distance_miles, duration_seconds, effort_rpe, avg_cadence, avg_hr, max_hr, route, conditions, temperature_f, wind_mph, humidity_percent, dewpoint_f, notes) VALUES ('076b0b1e-18b0-4dce-9d41-cc3f8ad2f35e', '5a1f6b86-aee8-4ac4-8d96-e1fff7dae9df', '2026-05-03', 'tempo', 3.66, 2156, 7, 175, 167, 192, 'Hyde Park loop', 'Clear', 78, 11.5, 84, 67, NULL);
INSERT INTO run_segments (run_id, segment_order, segment_type, distance_miles, duration_seconds) VALUES ('076b0b1e-18b0-4dce-9d41-cc3f8ad2f35e', 1, 'warmup', 0.73, 455);
INSERT INTO run_segments (run_id, segment_order, segment_type, distance_miles, duration_seconds) VALUES ('076b0b1e-18b0-4dce-9d41-cc3f8ad2f35e', 2, 'tempo', 2.38, 1350);
INSERT INTO run_segments (run_id, segment_order, segment_type, distance_miles, duration_seconds) VALUES ('076b0b1e-18b0-4dce-9d41-cc3f8ad2f35e', 3, 'cooldown', 0.55, 351);
INSERT INTO runs (id, athlete_id, run_date, run_type, distance_miles, duration_seconds, effort_rpe, avg_cadence, avg_hr, max_hr, route, conditions, temperature_f, wind_mph, humidity_percent, dewpoint_f, notes) VALUES ('2fe131ec-98b6-4efe-8808-7fa188c70a6e', '5a1f6b86-aee8-4ac4-8d96-e1fff7dae9df', '2026-05-04', 'easy', 2.25, 1357, 3, 172, 164, 179, 'Bayshore out & back', 'Humid', 78, 4.9, 63, 69, NULL);
INSERT INTO run_segments (run_id, segment_order, segment_type, distance_miles, duration_seconds) VALUES ('2fe131ec-98b6-4efe-8808-7fa188c70a6e', 1, 'easy', 2.25, 1357);
INSERT INTO runs (id, athlete_id, run_date, run_type, duration_seconds, effort_rpe, cross_train_activity, notes) VALUES ('b85e1b7f-b58e-438f-8326-0b82a46461b4', '5a1f6b86-aee8-4ac4-8d96-e1fff7dae9df', '2026-05-05', 'cross_train', 2700, 4, 'pool run', NULL);
INSERT INTO runs (id, athlete_id, run_date, run_type, distance_miles, duration_seconds, effort_rpe, avg_cadence, avg_hr, max_hr, route, conditions, temperature_f, wind_mph, humidity_percent, dewpoint_f, notes) VALUES ('040a094d-aa95-4bf2-a4e8-8c7f50c5f832', '5a1f6b86-aee8-4ac4-8d96-e1fff7dae9df', '2026-05-06', 'easy', 1.99, 1280, 4, 174, 175, 194, 'Curtis Hixon waterfront', 'Overcast', 76, 11.0, 60, 65, NULL);
INSERT INTO run_segments (run_id, segment_order, segment_type, distance_miles, duration_seconds) VALUES ('040a094d-aa95-4bf2-a4e8-8c7f50c5f832', 1, 'easy', 1.99, 1280);
INSERT INTO runs (id, athlete_id, run_date, run_type, distance_miles, duration_seconds, effort_rpe, avg_cadence, avg_hr, max_hr, route, conditions, temperature_f, wind_mph, humidity_percent, dewpoint_f, notes) VALUES ('58c9ebb4-34bc-4d57-9abc-7a680e161ab8', '5a1f6b86-aee8-4ac4-8d96-e1fff7dae9df', '2026-05-07', 'long', 4.97, 3212, 6, 173, 169, 188, 'Davis Islands loop', 'Overcast', 80, 3.1, 90, 70, NULL);
INSERT INTO run_segments (run_id, segment_order, segment_type, distance_miles, duration_seconds) VALUES ('58c9ebb4-34bc-4d57-9abc-7a680e161ab8', 1, 'easy', 4.97, 3212);
INSERT INTO runs (id, athlete_id, run_date, run_type, distance_miles, duration_seconds, effort_rpe, avg_cadence, avg_hr, max_hr, route, conditions, temperature_f, wind_mph, humidity_percent, dewpoint_f, notes) VALUES ('b0deaec8-acc8-45a2-bca2-d05fb9ec76e5', '5a1f6b86-aee8-4ac4-8d96-e1fff7dae9df', '2026-05-09', 'easy', 3.33, 2022, 5, 176, 170, 189, 'Davis Islands loop', 'Overcast', 87, 4.2, 82, 80, NULL);
INSERT INTO run_segments (run_id, segment_order, segment_type, distance_miles, duration_seconds) VALUES ('b0deaec8-acc8-45a2-bca2-d05fb9ec76e5', 1, 'easy', 3.33, 2022);
INSERT INTO runs (id, athlete_id, run_date, run_type, distance_miles, duration_seconds, effort_rpe, avg_cadence, avg_hr, max_hr, route, conditions, temperature_f, wind_mph, humidity_percent, dewpoint_f, notes) VALUES ('c7110515-a077-475e-9081-90f11f46ce53', '5a1f6b86-aee8-4ac4-8d96-e1fff7dae9df', '2026-05-10', 'tempo', 4.3, 2534, 8, 177, 169, 184, 'Track at Plant HS', 'Humid', 72, 11.1, 65, 63, NULL);
INSERT INTO run_segments (run_id, segment_order, segment_type, distance_miles, duration_seconds) VALUES ('c7110515-a077-475e-9081-90f11f46ce53', 1, 'warmup', 0.86, 522);
INSERT INTO run_segments (run_id, segment_order, segment_type, distance_miles, duration_seconds) VALUES ('c7110515-a077-475e-9081-90f11f46ce53', 2, 'tempo', 2.8, 1606);
INSERT INTO run_segments (run_id, segment_order, segment_type, distance_miles, duration_seconds) VALUES ('c7110515-a077-475e-9081-90f11f46ce53', 3, 'cooldown', 0.64, 406);
INSERT INTO runs (id, athlete_id, run_date, run_type, distance_miles, duration_seconds, effort_rpe, avg_cadence, avg_hr, max_hr, route, conditions, temperature_f, wind_mph, humidity_percent, dewpoint_f, notes) VALUES ('a92574e4-fd2a-4d11-be8b-0c6ad7e1ce06', '5a1f6b86-aee8-4ac4-8d96-e1fff7dae9df', '2026-05-11', 'easy', 3.3, 2052, 4, 176, 165, 181, 'Curtis Hixon waterfront', 'Humid', 70, 9.5, 69, 63, NULL);
INSERT INTO run_segments (run_id, segment_order, segment_type, distance_miles, duration_seconds) VALUES ('a92574e4-fd2a-4d11-be8b-0c6ad7e1ce06', 1, 'easy', 3.3, 2052);
INSERT INTO runs (id, athlete_id, run_date, run_type, duration_seconds, effort_rpe, cross_train_activity, notes) VALUES ('8150d993-ec25-4451-a304-43ef56ee35bd', '5a1f6b86-aee8-4ac4-8d96-e1fff7dae9df', '2026-05-12', 'cross_train', 2400, 3, 'pool run', NULL);
INSERT INTO runs (id, athlete_id, run_date, run_type, distance_miles, duration_seconds, effort_rpe, avg_cadence, avg_hr, max_hr, route, conditions, temperature_f, wind_mph, humidity_percent, dewpoint_f, notes) VALUES ('20a2bf1d-bb5c-477e-9b15-6401b7797757', '5a1f6b86-aee8-4ac4-8d96-e1fff7dae9df', '2026-05-13', 'easy', 2.02, 1257, 5, 174, 175, 195, 'Hyde Park loop', 'Overcast', 75, 2.3, 90, 63, NULL);
INSERT INTO run_segments (run_id, segment_order, segment_type, distance_miles, duration_seconds) VALUES ('20a2bf1d-bb5c-477e-9b15-6401b7797757', 1, 'easy', 2.02, 1257);
INSERT INTO runs (id, athlete_id, run_date, run_type, distance_miles, duration_seconds, effort_rpe, avg_cadence, avg_hr, max_hr, route, conditions, temperature_f, wind_mph, humidity_percent, dewpoint_f, notes) VALUES ('0e45fd4a-9cf5-499b-af45-446ec76c2466', '5a1f6b86-aee8-4ac4-8d96-e1fff7dae9df', '2026-05-14', 'long', 5.37, 3338, 6, 172, 156, 171, 'Al Lopez Park trails', 'Partly cloudy', 83, 3.0, 67, 71, NULL);
INSERT INTO run_segments (run_id, segment_order, segment_type, distance_miles, duration_seconds) VALUES ('0e45fd4a-9cf5-499b-af45-446ec76c2466', 1, 'easy', 5.37, 3338);

INSERT INTO runs (id, athlete_id, run_date, run_type, distance_miles, duration_seconds, effort_rpe, avg_cadence, avg_hr, max_hr, route, conditions, temperature_f, wind_mph, humidity_percent, dewpoint_f, notes) VALUES ('412eb9bc-9480-4f8a-8840-b19d394e4f48', '09f5ccc0-652b-4416-8782-9840d4b180fd', '2026-04-18', 'easy', 1.65, 1138, 5, NULL, NULL, NULL, 'Neighborhood — easy', 'Humid', 76, 8.9, 62, 69, NULL);
INSERT INTO run_segments (run_id, segment_order, segment_type, distance_miles, duration_seconds) VALUES ('412eb9bc-9480-4f8a-8840-b19d394e4f48', 1, 'easy', 1.65, 1138);
INSERT INTO runs (id, athlete_id, run_date, run_type, distance_miles, duration_seconds, effort_rpe, avg_cadence, avg_hr, max_hr, route, conditions, temperature_f, wind_mph, humidity_percent, dewpoint_f, notes) VALUES ('1650aa39-0eb0-4860-8c81-43818d2bf6f9', '09f5ccc0-652b-4416-8782-9840d4b180fd', '2026-04-19', 'tempo', 2.41, 1474, 7, NULL, NULL, NULL, 'Davis Islands loop', 'Clear', 71, 2.9, 89, 64, NULL);
INSERT INTO run_segments (run_id, segment_order, segment_type, distance_miles, duration_seconds) VALUES ('1650aa39-0eb0-4860-8c81-43818d2bf6f9', 1, 'warmup', 0.48, 308);
INSERT INTO run_segments (run_id, segment_order, segment_type, distance_miles, duration_seconds) VALUES ('1650aa39-0eb0-4860-8c81-43818d2bf6f9', 2, 'tempo', 1.57, 921);
INSERT INTO run_segments (run_id, segment_order, segment_type, distance_miles, duration_seconds) VALUES ('1650aa39-0eb0-4860-8c81-43818d2bf6f9', 3, 'cooldown', 0.36, 245);
INSERT INTO runs (id, athlete_id, run_date, run_type, distance_miles, duration_seconds, effort_rpe, avg_cadence, avg_hr, max_hr, route, conditions, temperature_f, wind_mph, humidity_percent, dewpoint_f, notes) VALUES ('bafd7a20-f528-4718-8648-34d7e0347991', '09f5ccc0-652b-4416-8782-9840d4b180fd', '2026-04-20', 'easy', 2.01, 1287, 4, NULL, NULL, NULL, 'Bayshore out & back', 'Overcast', 76, 11.9, 69, 64, NULL);
INSERT INTO run_segments (run_id, segment_order, segment_type, distance_miles, duration_seconds) VALUES ('bafd7a20-f528-4718-8648-34d7e0347991', 1, 'easy', 2.01, 1287);
INSERT INTO runs (id, athlete_id, run_date, run_type, duration_seconds, effort_rpe, cross_train_activity, notes) VALUES ('2dbed47c-d5d6-47b8-87db-f37c8bbd3181', '09f5ccc0-652b-4416-8782-9840d4b180fd', '2026-04-21', 'cross_train', 1800, 4, 'swimming', NULL);
INSERT INTO runs (id, athlete_id, run_date, run_type, distance_miles, duration_seconds, effort_rpe, avg_cadence, avg_hr, max_hr, route, conditions, temperature_f, wind_mph, humidity_percent, dewpoint_f, notes) VALUES ('fd307cad-afa4-4faf-b337-721d3f5c7511', '09f5ccc0-652b-4416-8782-9840d4b180fd', '2026-04-22', 'easy', 2.02, 1298, 4, NULL, NULL, NULL, 'Riverwalk + bridges', 'Humid', 81, 9.5, 67, 70, NULL);
INSERT INTO run_segments (run_id, segment_order, segment_type, distance_miles, duration_seconds) VALUES ('fd307cad-afa4-4faf-b337-721d3f5c7511', 1, 'easy', 2.02, 1298);
INSERT INTO runs (id, athlete_id, run_date, run_type, distance_miles, duration_seconds, effort_rpe, avg_cadence, avg_hr, max_hr, route, conditions, temperature_f, wind_mph, humidity_percent, dewpoint_f, notes) VALUES ('972104eb-15e4-4085-9272-399f82305970', '09f5ccc0-652b-4416-8782-9840d4b180fd', '2026-04-23', 'long', 3.86, 2559, 5, NULL, NULL, NULL, 'Bayshore out & back', 'Clear', 69, 10.5, 90, 59, NULL);
INSERT INTO run_segments (run_id, segment_order, segment_type, distance_miles, duration_seconds) VALUES ('972104eb-15e4-4085-9272-399f82305970', 1, 'easy', 3.86, 2559);
INSERT INTO runs (id, athlete_id, run_date, run_type, distance_miles, duration_seconds, effort_rpe, avg_cadence, avg_hr, max_hr, route, conditions, temperature_f, wind_mph, humidity_percent, dewpoint_f, notes) VALUES ('23c4426d-0ea1-44c0-8980-aa60d0fb2006', '09f5ccc0-652b-4416-8782-9840d4b180fd', '2026-04-25', 'easy', 2.29, 1447, 3, NULL, NULL, NULL, 'Riverwalk + bridges', 'Overcast', 76, 5.8, 80, 64, NULL);
INSERT INTO run_segments (run_id, segment_order, segment_type, distance_miles, duration_seconds) VALUES ('23c4426d-0ea1-44c0-8980-aa60d0fb2006', 1, 'easy', 2.29, 1447);
INSERT INTO runs (id, athlete_id, run_date, run_type, distance_miles, duration_seconds, effort_rpe, avg_cadence, avg_hr, max_hr, route, conditions, temperature_f, wind_mph, humidity_percent, dewpoint_f, notes) VALUES ('f19bdd0e-9947-4900-ac4e-a36fcc852a3b', '09f5ccc0-652b-4416-8782-9840d4b180fd', '2026-04-26', 'tempo', 2.95, 1756, 7, NULL, NULL, NULL, 'Neighborhood — easy', 'Overcast', 78, 6.0, 89, 73, NULL);
INSERT INTO run_segments (run_id, segment_order, segment_type, distance_miles, duration_seconds) VALUES ('f19bdd0e-9947-4900-ac4e-a36fcc852a3b', 1, 'warmup', 0.59, 387);
INSERT INTO run_segments (run_id, segment_order, segment_type, distance_miles, duration_seconds) VALUES ('f19bdd0e-9947-4900-ac4e-a36fcc852a3b', 2, 'tempo', 1.92, 1063);
INSERT INTO run_segments (run_id, segment_order, segment_type, distance_miles, duration_seconds) VALUES ('f19bdd0e-9947-4900-ac4e-a36fcc852a3b', 3, 'cooldown', 0.44, 306);
INSERT INTO runs (id, athlete_id, run_date, run_type, distance_miles, duration_seconds, effort_rpe, avg_cadence, avg_hr, max_hr, route, conditions, temperature_f, wind_mph, humidity_percent, dewpoint_f, notes) VALUES ('2c8dcebe-75f4-4161-8013-f49965385c2c', '09f5ccc0-652b-4416-8782-9840d4b180fd', '2026-04-27', 'easy', 1.57, 1080, 3, NULL, NULL, NULL, 'Hyde Park loop', 'Overcast', 79, 7.6, 68, 67, NULL);
INSERT INTO run_segments (run_id, segment_order, segment_type, distance_miles, duration_seconds) VALUES ('2c8dcebe-75f4-4161-8013-f49965385c2c', 1, 'easy', 1.57, 1080);
INSERT INTO runs (id, athlete_id, run_date, run_type, duration_seconds, effort_rpe, cross_train_activity, notes) VALUES ('99d7ed4b-84c9-40a3-bdd9-7f31a2abbbcd', '09f5ccc0-652b-4416-8782-9840d4b180fd', '2026-04-28', 'cross_train', 2400, 6, 'stretch + core', NULL);
INSERT INTO runs (id, athlete_id, run_date, run_type, distance_miles, duration_seconds, effort_rpe, avg_cadence, avg_hr, max_hr, route, conditions, temperature_f, wind_mph, humidity_percent, dewpoint_f, notes) VALUES ('5a0fd03a-b2d1-4f1c-bb9d-c8072bfc51ef', '09f5ccc0-652b-4416-8782-9840d4b180fd', '2026-04-29', 'easy', 2.11, 1458, 4, NULL, NULL, NULL, 'Curtis Hixon waterfront', 'Overcast', 75, 5.5, 66, 63, NULL);
INSERT INTO run_segments (run_id, segment_order, segment_type, distance_miles, duration_seconds) VALUES ('5a0fd03a-b2d1-4f1c-bb9d-c8072bfc51ef', 1, 'easy', 2.11, 1458);
INSERT INTO runs (id, athlete_id, run_date, run_type, distance_miles, duration_seconds, effort_rpe, avg_cadence, avg_hr, max_hr, route, conditions, temperature_f, wind_mph, humidity_percent, dewpoint_f, notes) VALUES ('45117f49-65cd-4b5a-b367-fcf37e94e17c', '09f5ccc0-652b-4416-8782-9840d4b180fd', '2026-04-30', 'long', 3.89, 2611, 5, NULL, NULL, NULL, 'Riverwalk + bridges', 'Clear', 76, 11.2, 79, 67, NULL);
INSERT INTO run_segments (run_id, segment_order, segment_type, distance_miles, duration_seconds) VALUES ('45117f49-65cd-4b5a-b367-fcf37e94e17c', 1, 'easy', 3.89, 2611);
INSERT INTO runs (id, athlete_id, run_date, run_type, distance_miles, duration_seconds, effort_rpe, avg_cadence, avg_hr, max_hr, route, conditions, temperature_f, wind_mph, humidity_percent, dewpoint_f, notes) VALUES ('14400643-94fe-45b3-ab8c-bb4dcd42d0ae', '09f5ccc0-652b-4416-8782-9840d4b180fd', '2026-05-02', 'easy', 1.69, 1133, 3, NULL, NULL, NULL, 'Davis Islands loop', 'Overcast', 80, 6.5, 86, 74, NULL);
INSERT INTO run_segments (run_id, segment_order, segment_type, distance_miles, duration_seconds) VALUES ('14400643-94fe-45b3-ab8c-bb4dcd42d0ae', 1, 'easy', 1.69, 1133);
INSERT INTO runs (id, athlete_id, run_date, run_type, distance_miles, duration_seconds, effort_rpe, avg_cadence, avg_hr, max_hr, route, conditions, temperature_f, wind_mph, humidity_percent, dewpoint_f, notes) VALUES ('d971ac8b-4eda-479d-b10e-ad4c4b5789ce', '09f5ccc0-652b-4416-8782-9840d4b180fd', '2026-05-03', 'tempo', 2.9, 1877, 7, NULL, NULL, NULL, 'Bayshore out & back', 'Humid', 70, 6.4, 77, 60, NULL);
INSERT INTO run_segments (run_id, segment_order, segment_type, distance_miles, duration_seconds) VALUES ('d971ac8b-4eda-479d-b10e-ad4c4b5789ce', 1, 'warmup', 0.58, 385);
INSERT INTO run_segments (run_id, segment_order, segment_type, distance_miles, duration_seconds) VALUES ('d971ac8b-4eda-479d-b10e-ad4c4b5789ce', 2, 'tempo', 1.89, 1197);
INSERT INTO run_segments (run_id, segment_order, segment_type, distance_miles, duration_seconds) VALUES ('d971ac8b-4eda-479d-b10e-ad4c4b5789ce', 3, 'cooldown', 0.43, 295);
INSERT INTO runs (id, athlete_id, run_date, run_type, distance_miles, duration_seconds, effort_rpe, avg_cadence, avg_hr, max_hr, route, conditions, temperature_f, wind_mph, humidity_percent, dewpoint_f, notes) VALUES ('6dabe27f-c2ae-4d01-ba91-d7ad49dcedd3', '09f5ccc0-652b-4416-8782-9840d4b180fd', '2026-05-04', 'easy', 2.07, 1345, 3, NULL, NULL, NULL, 'Al Lopez Park trails', 'Clear', 69, 6.0, 74, 65, NULL);
INSERT INTO run_segments (run_id, segment_order, segment_type, distance_miles, duration_seconds) VALUES ('6dabe27f-c2ae-4d01-ba91-d7ad49dcedd3', 1, 'easy', 2.07, 1345);
INSERT INTO runs (id, athlete_id, run_date, run_type, duration_seconds, effort_rpe, cross_train_activity, notes) VALUES ('0f428155-1b11-4415-8a64-0a984cfd90e3', '09f5ccc0-652b-4416-8782-9840d4b180fd', '2026-05-05', 'cross_train', 2100, 5, 'biking', NULL);
INSERT INTO runs (id, athlete_id, run_date, run_type, distance_miles, duration_seconds, effort_rpe, avg_cadence, avg_hr, max_hr, route, conditions, temperature_f, wind_mph, humidity_percent, dewpoint_f, notes) VALUES ('e1eaf002-3010-4fa6-85bf-4aff71f33d85', '09f5ccc0-652b-4416-8782-9840d4b180fd', '2026-05-06', 'easy', 1.66, 1095, 5, NULL, NULL, NULL, 'Davis Islands loop', 'Humid', 84, 2.7, 82, 80, NULL);
INSERT INTO run_segments (run_id, segment_order, segment_type, distance_miles, duration_seconds) VALUES ('e1eaf002-3010-4fa6-85bf-4aff71f33d85', 1, 'easy', 1.66, 1095);
INSERT INTO runs (id, athlete_id, run_date, run_type, distance_miles, duration_seconds, effort_rpe, avg_cadence, avg_hr, max_hr, route, conditions, temperature_f, wind_mph, humidity_percent, dewpoint_f, notes) VALUES ('f54f3dcc-0960-4cad-a3ec-57e047b7469d', '09f5ccc0-652b-4416-8782-9840d4b180fd', '2026-05-07', 'long', 5.03, 3596, 7, NULL, NULL, NULL, 'Hyde Park loop', 'Humid', 80, 11.7, 61, 74, NULL);
INSERT INTO run_segments (run_id, segment_order, segment_type, distance_miles, duration_seconds) VALUES ('f54f3dcc-0960-4cad-a3ec-57e047b7469d', 1, 'easy', 5.03, 3596);
INSERT INTO runs (id, athlete_id, run_date, run_type, distance_miles, duration_seconds, effort_rpe, avg_cadence, avg_hr, max_hr, route, conditions, temperature_f, wind_mph, humidity_percent, dewpoint_f, notes) VALUES ('46edb62f-4abc-4dae-96c9-8e3c7f5f8876', '09f5ccc0-652b-4416-8782-9840d4b180fd', '2026-05-09', 'easy', 2.68, 1696, 3, NULL, NULL, NULL, 'Hyde Park loop', 'Overcast', 80, 9.5, 79, 73, NULL);
INSERT INTO run_segments (run_id, segment_order, segment_type, distance_miles, duration_seconds) VALUES ('46edb62f-4abc-4dae-96c9-8e3c7f5f8876', 1, 'easy', 2.68, 1696);
INSERT INTO runs (id, athlete_id, run_date, run_type, distance_miles, duration_seconds, effort_rpe, avg_cadence, avg_hr, max_hr, route, conditions, temperature_f, wind_mph, humidity_percent, dewpoint_f, notes) VALUES ('8ee6dca2-5cf4-4ee2-b18e-530918ccab57', '09f5ccc0-652b-4416-8782-9840d4b180fd', '2026-05-10', 'tempo', 2.86, 1797, 7, NULL, NULL, NULL, 'Hyde Park loop', 'Clear', 72, 4.0, 76, 66, NULL);
INSERT INTO run_segments (run_id, segment_order, segment_type, distance_miles, duration_seconds) VALUES ('8ee6dca2-5cf4-4ee2-b18e-530918ccab57', 1, 'warmup', 0.57, 368);
INSERT INTO run_segments (run_id, segment_order, segment_type, distance_miles, duration_seconds) VALUES ('8ee6dca2-5cf4-4ee2-b18e-530918ccab57', 2, 'tempo', 1.86, 1128);
INSERT INTO run_segments (run_id, segment_order, segment_type, distance_miles, duration_seconds) VALUES ('8ee6dca2-5cf4-4ee2-b18e-530918ccab57', 3, 'cooldown', 0.43, 301);
INSERT INTO runs (id, athlete_id, run_date, run_type, distance_miles, duration_seconds, effort_rpe, avg_cadence, avg_hr, max_hr, route, conditions, temperature_f, wind_mph, humidity_percent, dewpoint_f, notes) VALUES ('2a4bd3a3-7de9-4d61-9cf6-3c3ea2837942', '09f5ccc0-652b-4416-8782-9840d4b180fd', '2026-05-11', 'easy', 2.5, 1693, 5, NULL, NULL, NULL, 'Curtis Hixon waterfront', 'Overcast', 70, 6.4, 90, 62, NULL);
INSERT INTO run_segments (run_id, segment_order, segment_type, distance_miles, duration_seconds) VALUES ('2a4bd3a3-7de9-4d61-9cf6-3c3ea2837942', 1, 'easy', 2.5, 1693);
INSERT INTO runs (id, athlete_id, run_date, run_type, duration_seconds, effort_rpe, cross_train_activity, notes) VALUES ('38e5090d-b9d6-436c-bf0c-1fcfa5c3db6b', '09f5ccc0-652b-4416-8782-9840d4b180fd', '2026-05-12', 'cross_train', 3600, 3, 'elliptical', NULL);
INSERT INTO runs (id, athlete_id, run_date, run_type, distance_miles, duration_seconds, effort_rpe, avg_cadence, avg_hr, max_hr, route, conditions, temperature_f, wind_mph, humidity_percent, dewpoint_f, notes) VALUES ('3ec67fac-dfad-46c3-8361-b2ade7c758b5', '09f5ccc0-652b-4416-8782-9840d4b180fd', '2026-05-13', 'easy', 2.16, 1362, 4, NULL, NULL, NULL, 'Neighborhood — easy', 'Overcast', 82, 6.5, 62, 75, NULL);
INSERT INTO run_segments (run_id, segment_order, segment_type, distance_miles, duration_seconds) VALUES ('3ec67fac-dfad-46c3-8361-b2ade7c758b5', 1, 'easy', 2.16, 1362);
INSERT INTO runs (id, athlete_id, run_date, run_type, distance_miles, duration_seconds, effort_rpe, avg_cadence, avg_hr, max_hr, route, conditions, temperature_f, wind_mph, humidity_percent, dewpoint_f, notes) VALUES ('60fff8e9-2f34-4c90-8a79-ee473a854b7a', '09f5ccc0-652b-4416-8782-9840d4b180fd', '2026-05-14', 'long', 4.85, 3500, 5, NULL, NULL, NULL, 'Riverwalk + bridges', 'Partly cloudy', 69, 9.1, 75, 58, NULL);
INSERT INTO run_segments (run_id, segment_order, segment_type, distance_miles, duration_seconds) VALUES ('60fff8e9-2f34-4c90-8a79-ee473a854b7a', 1, 'easy', 4.85, 3500);

INSERT INTO runs (id, athlete_id, run_date, run_type, distance_miles, duration_seconds, effort_rpe, avg_cadence, avg_hr, max_hr, route, conditions, temperature_f, wind_mph, humidity_percent, dewpoint_f, notes) VALUES ('04c9f599-c909-47ae-8a23-5927b5c8378b', '13960d9e-d1b2-4111-95b7-f0437061ddec', '2026-04-18', 'easy', 3.09, 1848, 4, 177, 158, 181, 'Neighborhood — easy', 'Overcast', 77, 9.2, 76, 71, NULL);
INSERT INTO run_segments (run_id, segment_order, segment_type, distance_miles, duration_seconds) VALUES ('04c9f599-c909-47ae-8a23-5927b5c8378b', 1, 'easy', 3.09, 1848);
INSERT INTO runs (id, athlete_id, run_date, run_type, distance_miles, duration_seconds, effort_rpe, avg_cadence, avg_hr, max_hr, route, conditions, temperature_f, wind_mph, humidity_percent, dewpoint_f, notes) VALUES ('75686fde-4125-458a-bdee-1fca38e5ef29', '13960d9e-d1b2-4111-95b7-f0437061ddec', '2026-04-19', 'tempo', 4.05, 2384, 7, 179, 167, 192, 'Track at Plant HS', 'Overcast', 72, 8.5, 65, 62, NULL);
INSERT INTO run_segments (run_id, segment_order, segment_type, distance_miles, duration_seconds) VALUES ('75686fde-4125-458a-bdee-1fca38e5ef29', 1, 'warmup', 0.81, 475);
INSERT INTO run_segments (run_id, segment_order, segment_type, distance_miles, duration_seconds) VALUES ('75686fde-4125-458a-bdee-1fca38e5ef29', 2, 'tempo', 2.63, 1527);
INSERT INTO run_segments (run_id, segment_order, segment_type, distance_miles, duration_seconds) VALUES ('75686fde-4125-458a-bdee-1fca38e5ef29', 3, 'cooldown', 0.61, 382);
INSERT INTO runs (id, athlete_id, run_date, run_type, distance_miles, duration_seconds, effort_rpe, avg_cadence, avg_hr, max_hr, route, conditions, temperature_f, wind_mph, humidity_percent, dewpoint_f, notes) VALUES ('4458ba8a-cc85-4e7a-bd6e-3467260f195c', '13960d9e-d1b2-4111-95b7-f0437061ddec', '2026-04-20', 'easy', 2.36, 1466, 4, 177, 158, 181, 'Bayshore out & back', 'Partly cloudy', 78, 8.0, 68, 72, NULL);
INSERT INTO run_segments (run_id, segment_order, segment_type, distance_miles, duration_seconds) VALUES ('4458ba8a-cc85-4e7a-bd6e-3467260f195c', 1, 'easy', 2.36, 1466);
INSERT INTO runs (id, athlete_id, run_date, run_type, duration_seconds, effort_rpe, cross_train_activity, notes) VALUES ('3ab88e11-f66a-4271-a985-b37997dabbdf', '13960d9e-d1b2-4111-95b7-f0437061ddec', '2026-04-21', 'cross_train', 2100, 6, 'pool run', NULL);
INSERT INTO runs (id, athlete_id, run_date, run_type, distance_miles, duration_seconds, effort_rpe, avg_cadence, avg_hr, max_hr, route, conditions, temperature_f, wind_mph, humidity_percent, dewpoint_f, notes) VALUES ('a65bdc22-18de-462d-95d4-00e9f824e989', '13960d9e-d1b2-4111-95b7-f0437061ddec', '2026-04-22', 'easy', 2.39, 1478, 5, 179, 162, 181, 'Curtis Hixon waterfront', 'Humid', 74, 8.8, 83, 63, NULL);
INSERT INTO run_segments (run_id, segment_order, segment_type, distance_miles, duration_seconds) VALUES ('a65bdc22-18de-462d-95d4-00e9f824e989', 1, 'easy', 2.39, 1478);
INSERT INTO runs (id, athlete_id, run_date, run_type, distance_miles, duration_seconds, effort_rpe, avg_cadence, avg_hr, max_hr, route, conditions, temperature_f, wind_mph, humidity_percent, dewpoint_f, notes) VALUES ('c6add434-4eca-40a4-9f1e-fd6c17440e15', '13960d9e-d1b2-4111-95b7-f0437061ddec', '2026-04-23', 'long', 6.04, 3837, 6, 175, 175, 197, 'Track at Plant HS', 'Clear', 85, 9.1, 66, 73, NULL);
INSERT INTO run_segments (run_id, segment_order, segment_type, distance_miles, duration_seconds) VALUES ('c6add434-4eca-40a4-9f1e-fd6c17440e15', 1, 'easy', 6.04, 3837);
INSERT INTO runs (id, athlete_id, run_date, run_type, distance_miles, duration_seconds, effort_rpe, avg_cadence, avg_hr, max_hr, route, conditions, temperature_f, wind_mph, humidity_percent, dewpoint_f, notes) VALUES ('f48d7389-b9d2-4682-baaf-1d7cd2cedae5', '13960d9e-d1b2-4111-95b7-f0437061ddec', '2026-04-25', 'easy', 3.07, 1815, 4, 177, 155, 176, 'Bayshore out & back', 'Clear', 80, 5.7, 92, 70, NULL);
INSERT INTO run_segments (run_id, segment_order, segment_type, distance_miles, duration_seconds) VALUES ('f48d7389-b9d2-4682-baaf-1d7cd2cedae5', 1, 'easy', 3.07, 1815);
INSERT INTO runs (id, athlete_id, run_date, run_type, distance_miles, duration_seconds, effort_rpe, avg_cadence, avg_hr, max_hr, route, conditions, temperature_f, wind_mph, humidity_percent, dewpoint_f, notes) VALUES ('51988692-e1fe-4f28-83a9-3fa97b183b5d', '13960d9e-d1b2-4111-95b7-f0437061ddec', '2026-04-26', 'tempo', 3.43, 2021, 7, 181, 170, 187, 'Curtis Hixon waterfront', 'Overcast', 82, 11.1, 60, 78, NULL);
INSERT INTO run_segments (run_id, segment_order, segment_type, distance_miles, duration_seconds) VALUES ('51988692-e1fe-4f28-83a9-3fa97b183b5d', 1, 'warmup', 0.69, 410);
INSERT INTO run_segments (run_id, segment_order, segment_type, distance_miles, duration_seconds) VALUES ('51988692-e1fe-4f28-83a9-3fa97b183b5d', 2, 'tempo', 2.23, 1294);
INSERT INTO run_segments (run_id, segment_order, segment_type, distance_miles, duration_seconds) VALUES ('51988692-e1fe-4f28-83a9-3fa97b183b5d', 3, 'cooldown', 0.51, 317);
INSERT INTO runs (id, athlete_id, run_date, run_type, distance_miles, duration_seconds, effort_rpe, avg_cadence, avg_hr, max_hr, route, conditions, temperature_f, wind_mph, humidity_percent, dewpoint_f, notes) VALUES ('912d1633-a4ba-4190-944a-be6ed7d9054c', '13960d9e-d1b2-4111-95b7-f0437061ddec', '2026-04-27', 'easy', 2.86, 1717, 4, 176, 168, 193, 'Curtis Hixon waterfront', 'Clear', 70, 10.4, 67, 59, NULL);
INSERT INTO run_segments (run_id, segment_order, segment_type, distance_miles, duration_seconds) VALUES ('912d1633-a4ba-4190-944a-be6ed7d9054c', 1, 'easy', 2.86, 1717);
INSERT INTO runs (id, athlete_id, run_date, run_type, duration_seconds, effort_rpe, cross_train_activity, notes) VALUES ('1f256e1a-185d-4e04-87ec-34cda5863f7a', '13960d9e-d1b2-4111-95b7-f0437061ddec', '2026-04-28', 'cross_train', 2100, 4, 'pool run', NULL);
INSERT INTO runs (id, athlete_id, run_date, run_type, distance_miles, duration_seconds, effort_rpe, avg_cadence, avg_hr, max_hr, route, conditions, temperature_f, wind_mph, humidity_percent, dewpoint_f, notes) VALUES ('d135f8a9-2b38-410e-a3af-d64498c9e09c', '13960d9e-d1b2-4111-95b7-f0437061ddec', '2026-04-29', 'easy', 2.04, 1216, 5, 177, 157, 180, 'Bayshore out & back', 'Overcast', 80, 2.4, 90, 70, NULL);
INSERT INTO run_segments (run_id, segment_order, segment_type, distance_miles, duration_seconds) VALUES ('d135f8a9-2b38-410e-a3af-d64498c9e09c', 1, 'easy', 2.04, 1216);
INSERT INTO runs (id, athlete_id, run_date, run_type, distance_miles, duration_seconds, effort_rpe, avg_cadence, avg_hr, max_hr, route, conditions, temperature_f, wind_mph, humidity_percent, dewpoint_f, notes) VALUES ('f534a69e-ce7e-4d98-b3f6-8a0cc512d9bf', '13960d9e-d1b2-4111-95b7-f0437061ddec', '2026-04-30', 'long', 5.12, 3345, 6, 180, 165, 182, 'Bayshore out & back', 'Humid', 79, 10.1, 81, 73, NULL);
INSERT INTO run_segments (run_id, segment_order, segment_type, distance_miles, duration_seconds) VALUES ('f534a69e-ce7e-4d98-b3f6-8a0cc512d9bf', 1, 'easy', 5.12, 3345);
INSERT INTO runs (id, athlete_id, run_date, run_type, distance_miles, duration_seconds, effort_rpe, avg_cadence, avg_hr, max_hr, route, conditions, temperature_f, wind_mph, humidity_percent, dewpoint_f, notes) VALUES ('1e0fc8ac-772f-4c07-a12e-c48e4ad1675b', '13960d9e-d1b2-4111-95b7-f0437061ddec', '2026-05-02', 'easy', 2.85, 1669, 4, 177, 161, 176, 'Davis Islands loop', 'Humid', 69, 11.3, 80, 57, NULL);
INSERT INTO run_segments (run_id, segment_order, segment_type, distance_miles, duration_seconds) VALUES ('1e0fc8ac-772f-4c07-a12e-c48e4ad1675b', 1, 'easy', 2.85, 1669);
INSERT INTO runs (id, athlete_id, run_date, run_type, distance_miles, duration_seconds, effort_rpe, avg_cadence, avg_hr, max_hr, route, conditions, temperature_f, wind_mph, humidity_percent, dewpoint_f, notes) VALUES ('e377326e-b5ac-4c04-8a62-776730b08769', '13960d9e-d1b2-4111-95b7-f0437061ddec', '2026-05-03', 'tempo', 4.38, 2414, 7, 177, 163, 179, 'Track at Plant HS', 'Overcast', 81, 9.4, 85, 71, NULL);
INSERT INTO run_segments (run_id, segment_order, segment_type, distance_miles, duration_seconds) VALUES ('e377326e-b5ac-4c04-8a62-776730b08769', 1, 'warmup', 0.88, 547);
INSERT INTO run_segments (run_id, segment_order, segment_type, distance_miles, duration_seconds) VALUES ('e377326e-b5ac-4c04-8a62-776730b08769', 2, 'tempo', 2.84, 1448);
INSERT INTO run_segments (run_id, segment_order, segment_type, distance_miles, duration_seconds) VALUES ('e377326e-b5ac-4c04-8a62-776730b08769', 3, 'cooldown', 0.66, 419);
INSERT INTO runs (id, athlete_id, run_date, run_type, distance_miles, duration_seconds, effort_rpe, avg_cadence, avg_hr, max_hr, route, conditions, temperature_f, wind_mph, humidity_percent, dewpoint_f, notes) VALUES ('a181d0a6-c9c0-4b94-b9d5-74d4f1f197b4', '13960d9e-d1b2-4111-95b7-f0437061ddec', '2026-05-04', 'easy', 3.49, 2116, 3, 181, 160, 183, 'Al Lopez Park trails', 'Overcast', 78, 2.8, 66, 70, NULL);
INSERT INTO run_segments (run_id, segment_order, segment_type, distance_miles, duration_seconds) VALUES ('a181d0a6-c9c0-4b94-b9d5-74d4f1f197b4', 1, 'easy', 3.49, 2116);
INSERT INTO runs (id, athlete_id, run_date, run_type, duration_seconds, effort_rpe, cross_train_activity, notes) VALUES ('dd480efb-0e2a-429a-a46e-ac9c23f40d48', '13960d9e-d1b2-4111-95b7-f0437061ddec', '2026-05-05', 'cross_train', 2100, 6, 'stretch + core', NULL);
INSERT INTO runs (id, athlete_id, run_date, run_type, distance_miles, duration_seconds, effort_rpe, avg_cadence, avg_hr, max_hr, route, conditions, temperature_f, wind_mph, humidity_percent, dewpoint_f, notes) VALUES ('3137d858-695e-46dc-b1a5-b7c65ff23ef1', '13960d9e-d1b2-4111-95b7-f0437061ddec', '2026-05-06', 'easy', 2.22, 1393, 4, 180, 175, 196, 'Track at Plant HS', 'Humid', 84, 11.5, 70, 78, NULL);
INSERT INTO run_segments (run_id, segment_order, segment_type, distance_miles, duration_seconds) VALUES ('3137d858-695e-46dc-b1a5-b7c65ff23ef1', 1, 'easy', 2.22, 1393);
INSERT INTO runs (id, athlete_id, run_date, run_type, distance_miles, duration_seconds, effort_rpe, avg_cadence, avg_hr, max_hr, route, conditions, temperature_f, wind_mph, humidity_percent, dewpoint_f, notes) VALUES ('122ecaae-db14-4797-a972-d5e4e253f7b1', '13960d9e-d1b2-4111-95b7-f0437061ddec', '2026-05-07', 'long', 5.51, 3596, 6, 176, 169, 189, 'Track at Plant HS', 'Overcast', 82, 7.7, 64, 70, NULL);
INSERT INTO run_segments (run_id, segment_order, segment_type, distance_miles, duration_seconds) VALUES ('122ecaae-db14-4797-a972-d5e4e253f7b1', 1, 'easy', 5.51, 3596);
INSERT INTO runs (id, athlete_id, run_date, run_type, distance_miles, duration_seconds, effort_rpe, avg_cadence, avg_hr, max_hr, route, conditions, temperature_f, wind_mph, humidity_percent, dewpoint_f, notes) VALUES ('1e42c854-d7a6-4b80-b4ed-60c66467d0b6', '13960d9e-d1b2-4111-95b7-f0437061ddec', '2026-05-09', 'easy', 3.28, 1935, 3, 179, 167, 190, 'Hyde Park loop', 'Overcast', 76, 9.0, 76, 69, NULL);
INSERT INTO run_segments (run_id, segment_order, segment_type, distance_miles, duration_seconds) VALUES ('1e42c854-d7a6-4b80-b4ed-60c66467d0b6', 1, 'easy', 3.28, 1935);
INSERT INTO runs (id, athlete_id, run_date, run_type, distance_miles, duration_seconds, effort_rpe, avg_cadence, avg_hr, max_hr, route, conditions, temperature_f, wind_mph, humidity_percent, dewpoint_f, notes) VALUES ('1964c0a4-dce4-48f1-b28c-10ac69890d7d', '13960d9e-d1b2-4111-95b7-f0437061ddec', '2026-05-10', 'tempo', 5.33, 2921, 7, 178, 157, 182, 'Track at Plant HS', 'Overcast', 79, 7.5, 64, 71, NULL);
INSERT INTO run_segments (run_id, segment_order, segment_type, distance_miles, duration_seconds) VALUES ('1964c0a4-dce4-48f1-b28c-10ac69890d7d', 1, 'warmup', 1.07, 660);
INSERT INTO run_segments (run_id, segment_order, segment_type, distance_miles, duration_seconds) VALUES ('1964c0a4-dce4-48f1-b28c-10ac69890d7d', 2, 'tempo', 3.46, 1747);
INSERT INTO run_segments (run_id, segment_order, segment_type, distance_miles, duration_seconds) VALUES ('1964c0a4-dce4-48f1-b28c-10ac69890d7d', 3, 'cooldown', 0.8, 514);
INSERT INTO runs (id, athlete_id, run_date, run_type, distance_miles, duration_seconds, effort_rpe, avg_cadence, avg_hr, max_hr, route, conditions, temperature_f, wind_mph, humidity_percent, dewpoint_f, notes) VALUES ('a348417a-456d-437e-a944-4f4e1c98371c', '13960d9e-d1b2-4111-95b7-f0437061ddec', '2026-05-11', 'easy', 3.26, 2030, 4, 181, 170, 185, 'Track at Plant HS', 'Partly cloudy', 85, 6.7, 83, 73, NULL);
INSERT INTO run_segments (run_id, segment_order, segment_type, distance_miles, duration_seconds) VALUES ('a348417a-456d-437e-a944-4f4e1c98371c', 1, 'easy', 3.26, 2030);
INSERT INTO runs (id, athlete_id, run_date, run_type, duration_seconds, effort_rpe, cross_train_activity, notes) VALUES ('ca2b4ea0-495d-4c87-a9f6-8ec8139644a0', '13960d9e-d1b2-4111-95b7-f0437061ddec', '2026-05-12', 'cross_train', 1800, 5, 'swimming', NULL);
INSERT INTO runs (id, athlete_id, run_date, run_type, distance_miles, duration_seconds, effort_rpe, avg_cadence, avg_hr, max_hr, route, conditions, temperature_f, wind_mph, humidity_percent, dewpoint_f, notes) VALUES ('b067e7f7-d734-432c-a3f6-a698669f199d', '13960d9e-d1b2-4111-95b7-f0437061ddec', '2026-05-13', 'easy', 3.38, 2041, 5, 177, 175, 191, 'Curtis Hixon waterfront', 'Partly cloudy', 82, 3.3, 82, 70, NULL);
INSERT INTO run_segments (run_id, segment_order, segment_type, distance_miles, duration_seconds) VALUES ('b067e7f7-d734-432c-a3f6-a698669f199d', 1, 'easy', 3.38, 2041);
INSERT INTO runs (id, athlete_id, run_date, run_type, distance_miles, duration_seconds, effort_rpe, avg_cadence, avg_hr, max_hr, route, conditions, temperature_f, wind_mph, humidity_percent, dewpoint_f, notes) VALUES ('53606396-74ce-484a-8988-79b1a5493076', '13960d9e-d1b2-4111-95b7-f0437061ddec', '2026-05-14', 'long', 5.96, 3786, 5, 176, 160, 180, 'Davis Islands loop', 'Partly cloudy', 79, 10.5, 78, 71, NULL);
INSERT INTO run_segments (run_id, segment_order, segment_type, distance_miles, duration_seconds) VALUES ('53606396-74ce-484a-8988-79b1a5493076', 1, 'easy', 5.96, 3786);

INSERT INTO runs (id, athlete_id, run_date, run_type, distance_miles, duration_seconds, effort_rpe, avg_cadence, avg_hr, max_hr, route, conditions, temperature_f, wind_mph, humidity_percent, dewpoint_f, notes) VALUES ('60f9a649-45ff-4af0-8586-d9b27b301c5d', '65aa7dce-a878-4519-947f-6b40512ca26a', '2026-04-18', 'easy', 2.3, 1295, 4, 181, 159, 176, 'Track at Plant HS', 'Clear', 86, 10.3, 62, 82, NULL);
INSERT INTO run_segments (run_id, segment_order, segment_type, distance_miles, duration_seconds) VALUES ('60f9a649-45ff-4af0-8586-d9b27b301c5d', 1, 'easy', 2.3, 1295);
INSERT INTO runs (id, athlete_id, run_date, run_type, distance_miles, duration_seconds, effort_rpe, avg_cadence, avg_hr, max_hr, route, conditions, temperature_f, wind_mph, humidity_percent, dewpoint_f, notes) VALUES ('9b0f7885-77e2-4e39-8edb-413849232ebe', '65aa7dce-a878-4519-947f-6b40512ca26a', '2026-04-19', 'tempo', 3.52, 1933, 8, 182, 172, 191, 'Al Lopez Park trails', 'Overcast', 83, 10.0, 75, 73, NULL);
INSERT INTO run_segments (run_id, segment_order, segment_type, distance_miles, duration_seconds) VALUES ('9b0f7885-77e2-4e39-8edb-413849232ebe', 1, 'warmup', 0.7, 408);
INSERT INTO run_segments (run_id, segment_order, segment_type, distance_miles, duration_seconds) VALUES ('9b0f7885-77e2-4e39-8edb-413849232ebe', 2, 'tempo', 2.29, 1196);
INSERT INTO run_segments (run_id, segment_order, segment_type, distance_miles, duration_seconds) VALUES ('9b0f7885-77e2-4e39-8edb-413849232ebe', 3, 'cooldown', 0.53, 329);
INSERT INTO runs (id, athlete_id, run_date, run_type, distance_miles, duration_seconds, effort_rpe, avg_cadence, avg_hr, max_hr, route, conditions, temperature_f, wind_mph, humidity_percent, dewpoint_f, notes) VALUES ('7b698ed4-d764-4e07-9b41-a772a54f48df', '65aa7dce-a878-4519-947f-6b40512ca26a', '2026-04-20', 'easy', 2.15, 1253, 4, 183, 166, 187, 'Riverwalk + bridges', 'Partly cloudy', 79, 7.6, 92, 70, NULL);
INSERT INTO run_segments (run_id, segment_order, segment_type, distance_miles, duration_seconds) VALUES ('7b698ed4-d764-4e07-9b41-a772a54f48df', 1, 'easy', 2.15, 1253);
INSERT INTO runs (id, athlete_id, run_date, run_type, duration_seconds, effort_rpe, cross_train_activity, notes) VALUES ('d34246b3-3709-4d87-9ade-3193e821d529', '65aa7dce-a878-4519-947f-6b40512ca26a', '2026-04-21', 'cross_train', 2700, 4, 'elliptical', NULL);
INSERT INTO runs (id, athlete_id, run_date, run_type, distance_miles, duration_seconds, effort_rpe, avg_cadence, avg_hr, max_hr, route, conditions, temperature_f, wind_mph, humidity_percent, dewpoint_f, notes) VALUES ('468ec5f6-2619-4d0b-87ed-426115be38f9', '65aa7dce-a878-4519-947f-6b40512ca26a', '2026-04-22', 'easy', 1.74, 1063, 5, 182, 165, 183, 'Riverwalk + bridges', 'Humid', 83, 6.7, 92, 75, NULL);
INSERT INTO run_segments (run_id, segment_order, segment_type, distance_miles, duration_seconds) VALUES ('468ec5f6-2619-4d0b-87ed-426115be38f9', 1, 'easy', 1.74, 1063);
INSERT INTO runs (id, athlete_id, run_date, run_type, distance_miles, duration_seconds, effort_rpe, avg_cadence, avg_hr, max_hr, route, conditions, temperature_f, wind_mph, humidity_percent, dewpoint_f, notes) VALUES ('520fdda8-9a20-47b4-88a4-69ef973f958c', '65aa7dce-a878-4519-947f-6b40512ca26a', '2026-04-23', 'long', 5.52, 3397, 6, 177, 164, 186, 'Curtis Hixon waterfront', 'Partly cloudy', 77, 10.5, 60, 67, NULL);
INSERT INTO run_segments (run_id, segment_order, segment_type, distance_miles, duration_seconds) VALUES ('520fdda8-9a20-47b4-88a4-69ef973f958c', 1, 'easy', 5.52, 3397);
INSERT INTO runs (id, athlete_id, run_date, run_type, distance_miles, duration_seconds, effort_rpe, avg_cadence, avg_hr, max_hr, route, conditions, temperature_f, wind_mph, humidity_percent, dewpoint_f, notes) VALUES ('d92cb3a1-ea89-4fb6-872c-a65281f0a594', '65aa7dce-a878-4519-947f-6b40512ca26a', '2026-04-25', 'easy', 2.62, 1573, 4, 181, 161, 181, 'Al Lopez Park trails', 'Overcast', 70, 7.0, 84, 58, NULL);
INSERT INTO run_segments (run_id, segment_order, segment_type, distance_miles, duration_seconds) VALUES ('d92cb3a1-ea89-4fb6-872c-a65281f0a594', 1, 'easy', 2.62, 1573);
INSERT INTO runs (id, athlete_id, run_date, run_type, distance_miles, duration_seconds, effort_rpe, avg_cadence, avg_hr, max_hr, route, conditions, temperature_f, wind_mph, humidity_percent, dewpoint_f, notes) VALUES ('d423d115-f19f-47b1-a4da-dec425b21ed4', '65aa7dce-a878-4519-947f-6b40512ca26a', '2026-04-26', 'tempo', 3.67, 2022, 7, 181, 166, 183, 'Davis Islands loop', 'Clear', 87, 6.0, 92, 83, NULL);
INSERT INTO run_segments (run_id, segment_order, segment_type, distance_miles, duration_seconds) VALUES ('d423d115-f19f-47b1-a4da-dec425b21ed4', 1, 'warmup', 0.73, 415);
INSERT INTO run_segments (run_id, segment_order, segment_type, distance_miles, duration_seconds) VALUES ('d423d115-f19f-47b1-a4da-dec425b21ed4', 2, 'tempo', 2.39, 1265);
INSERT INTO run_segments (run_id, segment_order, segment_type, distance_miles, duration_seconds) VALUES ('d423d115-f19f-47b1-a4da-dec425b21ed4', 3, 'cooldown', 0.55, 342);
INSERT INTO runs (id, athlete_id, run_date, run_type, distance_miles, duration_seconds, effort_rpe, avg_cadence, avg_hr, max_hr, route, conditions, temperature_f, wind_mph, humidity_percent, dewpoint_f, notes) VALUES ('1af91fb7-1a4b-4fd3-acd0-b6e148148f05', '65aa7dce-a878-4519-947f-6b40512ca26a', '2026-04-27', 'easy', 2.37, 1338, 4, 180, 174, 193, 'Track at Plant HS', 'Humid', 84, 7.3, 92, 76, NULL);
INSERT INTO run_segments (run_id, segment_order, segment_type, distance_miles, duration_seconds) VALUES ('1af91fb7-1a4b-4fd3-acd0-b6e148148f05', 1, 'easy', 2.37, 1338);
INSERT INTO runs (id, athlete_id, run_date, run_type, duration_seconds, effort_rpe, cross_train_activity, notes) VALUES ('a85ce689-ba12-42da-b072-1e1c7b4d9973', '65aa7dce-a878-4519-947f-6b40512ca26a', '2026-04-28', 'cross_train', 2400, 3, 'elliptical', NULL);
INSERT INTO runs (id, athlete_id, run_date, run_type, distance_miles, duration_seconds, effort_rpe, avg_cadence, avg_hr, max_hr, route, conditions, temperature_f, wind_mph, humidity_percent, dewpoint_f, notes) VALUES ('5dcc9c44-9414-4d7a-ad44-f2bfe780dd52', '65aa7dce-a878-4519-947f-6b40512ca26a', '2026-04-29', 'easy', 2.45, 1476, 3, 177, 173, 195, 'Riverwalk + bridges', 'Clear', 84, 3.5, 84, 77, NULL);
INSERT INTO run_segments (run_id, segment_order, segment_type, distance_miles, duration_seconds) VALUES ('5dcc9c44-9414-4d7a-ad44-f2bfe780dd52', 1, 'easy', 2.45, 1476);
INSERT INTO runs (id, athlete_id, run_date, run_type, distance_miles, duration_seconds, effort_rpe, avg_cadence, avg_hr, max_hr, route, conditions, temperature_f, wind_mph, humidity_percent, dewpoint_f, notes) VALUES ('20e9b58a-2428-4cc8-a177-fdcc9c13fc7d', '65aa7dce-a878-4519-947f-6b40512ca26a', '2026-04-30', 'long', 5.44, 3242, 6, 182, 161, 182, 'Curtis Hixon waterfront', 'Overcast', 69, 7.2, 68, 57, NULL);
INSERT INTO run_segments (run_id, segment_order, segment_type, distance_miles, duration_seconds) VALUES ('20e9b58a-2428-4cc8-a177-fdcc9c13fc7d', 1, 'easy', 5.44, 3242);
INSERT INTO runs (id, athlete_id, run_date, run_type, distance_miles, duration_seconds, effort_rpe, avg_cadence, avg_hr, max_hr, route, conditions, temperature_f, wind_mph, humidity_percent, dewpoint_f, notes) VALUES ('585e6f16-e5ff-446c-871b-097e09b617ed', '65aa7dce-a878-4519-947f-6b40512ca26a', '2026-05-02', 'easy', 2.44, 1410, 4, 179, 175, 194, 'Curtis Hixon waterfront', 'Partly cloudy', 74, 4.8, 75, 66, NULL);
INSERT INTO run_segments (run_id, segment_order, segment_type, distance_miles, duration_seconds) VALUES ('585e6f16-e5ff-446c-871b-097e09b617ed', 1, 'easy', 2.44, 1410);
INSERT INTO runs (id, athlete_id, run_date, run_type, distance_miles, duration_seconds, effort_rpe, avg_cadence, avg_hr, max_hr, route, conditions, temperature_f, wind_mph, humidity_percent, dewpoint_f, notes) VALUES ('32acc07b-0b56-4108-acc1-d8629bf73dd9', '65aa7dce-a878-4519-947f-6b40512ca26a', '2026-05-03', 'tempo', 4.3, 2407, 7, 181, 163, 182, 'Hyde Park loop', 'Overcast', 86, 11.0, 84, 76, NULL);
INSERT INTO run_segments (run_id, segment_order, segment_type, distance_miles, duration_seconds) VALUES ('32acc07b-0b56-4108-acc1-d8629bf73dd9', 1, 'warmup', 0.86, 516);
INSERT INTO run_segments (run_id, segment_order, segment_type, distance_miles, duration_seconds) VALUES ('32acc07b-0b56-4108-acc1-d8629bf73dd9', 2, 'tempo', 2.8, 1491);
INSERT INTO run_segments (run_id, segment_order, segment_type, distance_miles, duration_seconds) VALUES ('32acc07b-0b56-4108-acc1-d8629bf73dd9', 3, 'cooldown', 0.64, 400);
INSERT INTO runs (id, athlete_id, run_date, run_type, distance_miles, duration_seconds, effort_rpe, avg_cadence, avg_hr, max_hr, route, conditions, temperature_f, wind_mph, humidity_percent, dewpoint_f, notes) VALUES ('1b6c6015-b509-4182-9809-2fa7cac66b35', '65aa7dce-a878-4519-947f-6b40512ca26a', '2026-05-04', 'easy', 2.21, 1321, 4, 180, 161, 179, 'Al Lopez Park trails', 'Partly cloudy', 85, 3.4, 77, 78, NULL);
INSERT INTO run_segments (run_id, segment_order, segment_type, distance_miles, duration_seconds) VALUES ('1b6c6015-b509-4182-9809-2fa7cac66b35', 1, 'easy', 2.21, 1321);
INSERT INTO runs (id, athlete_id, run_date, run_type, duration_seconds, effort_rpe, cross_train_activity, notes) VALUES ('471e4dda-e733-4396-8382-a9cc4d15e3e9', '65aa7dce-a878-4519-947f-6b40512ca26a', '2026-05-05', 'cross_train', 2100, 4, 'pool run', NULL);
INSERT INTO runs (id, athlete_id, run_date, run_type, distance_miles, duration_seconds, effort_rpe, avg_cadence, avg_hr, max_hr, route, conditions, temperature_f, wind_mph, humidity_percent, dewpoint_f, notes) VALUES ('56341693-0186-4db4-a9a0-5d8cc6267b43', '65aa7dce-a878-4519-947f-6b40512ca26a', '2026-05-06', 'easy', 2.36, 1411, 3, 182, 170, 192, 'Davis Islands loop', 'Clear', 77, 4.9, 80, 73, NULL);
INSERT INTO run_segments (run_id, segment_order, segment_type, distance_miles, duration_seconds) VALUES ('56341693-0186-4db4-a9a0-5d8cc6267b43', 1, 'easy', 2.36, 1411);
INSERT INTO runs (id, athlete_id, run_date, run_type, distance_miles, duration_seconds, effort_rpe, avg_cadence, avg_hr, max_hr, route, conditions, temperature_f, wind_mph, humidity_percent, dewpoint_f, notes) VALUES ('0ef11c42-5851-464f-9ea9-93c4b41de065', '65aa7dce-a878-4519-947f-6b40512ca26a', '2026-05-07', 'long', 4.99, 3142, 6, 183, 167, 189, 'Riverwalk + bridges', 'Overcast', 77, 2.1, 62, 72, NULL);
INSERT INTO run_segments (run_id, segment_order, segment_type, distance_miles, duration_seconds) VALUES ('0ef11c42-5851-464f-9ea9-93c4b41de065', 1, 'easy', 4.99, 3142);
INSERT INTO runs (id, athlete_id, run_date, run_type, distance_miles, duration_seconds, effort_rpe, avg_cadence, avg_hr, max_hr, route, conditions, temperature_f, wind_mph, humidity_percent, dewpoint_f, notes) VALUES ('04d7aed2-52c0-4cd1-b88e-4375ebcaf55b', '65aa7dce-a878-4519-947f-6b40512ca26a', '2026-05-09', 'easy', 4.2, 2468, 5, 178, 158, 178, 'Riverwalk + bridges', 'Overcast', 82, 9.2, 76, 78, NULL);
INSERT INTO run_segments (run_id, segment_order, segment_type, distance_miles, duration_seconds) VALUES ('04d7aed2-52c0-4cd1-b88e-4375ebcaf55b', 1, 'easy', 4.2, 2468);
INSERT INTO runs (id, athlete_id, run_date, run_type, distance_miles, duration_seconds, effort_rpe, avg_cadence, avg_hr, max_hr, route, conditions, temperature_f, wind_mph, humidity_percent, dewpoint_f, notes) VALUES ('06bf087a-ada5-4e02-9fb2-00aaf2b98861', '65aa7dce-a878-4519-947f-6b40512ca26a', '2026-05-10', 'tempo', 5.17, 2890, 7, 180, 158, 175, 'Riverwalk + bridges', 'Overcast', 83, 11.4, 80, 79, NULL);
INSERT INTO run_segments (run_id, segment_order, segment_type, distance_miles, duration_seconds) VALUES ('06bf087a-ada5-4e02-9fb2-00aaf2b98861', 1, 'warmup', 1.03, 598);
INSERT INTO run_segments (run_id, segment_order, segment_type, distance_miles, duration_seconds) VALUES ('06bf087a-ada5-4e02-9fb2-00aaf2b98861', 2, 'tempo', 3.36, 1814);
INSERT INTO run_segments (run_id, segment_order, segment_type, distance_miles, duration_seconds) VALUES ('06bf087a-ada5-4e02-9fb2-00aaf2b98861', 3, 'cooldown', 0.78, 478);
INSERT INTO runs (id, athlete_id, run_date, run_type, distance_miles, duration_seconds, effort_rpe, avg_cadence, avg_hr, max_hr, route, conditions, temperature_f, wind_mph, humidity_percent, dewpoint_f, notes) VALUES ('6ff548eb-a1d6-499b-9b31-f0445e9147cb', '65aa7dce-a878-4519-947f-6b40512ca26a', '2026-05-11', 'easy', 3.08, 1817, 3, 178, 156, 181, 'Hyde Park loop', 'Overcast', 82, 3.6, 79, 70, NULL);
INSERT INTO run_segments (run_id, segment_order, segment_type, distance_miles, duration_seconds) VALUES ('6ff548eb-a1d6-499b-9b31-f0445e9147cb', 1, 'easy', 3.08, 1817);
INSERT INTO runs (id, athlete_id, run_date, run_type, duration_seconds, effort_rpe, cross_train_activity, notes) VALUES ('c8b526f4-e8f6-42a2-89ca-c7579f8fb19b', '65aa7dce-a878-4519-947f-6b40512ca26a', '2026-05-12', 'cross_train', 2400, 4, 'elliptical', NULL);
INSERT INTO runs (id, athlete_id, run_date, run_type, distance_miles, duration_seconds, effort_rpe, avg_cadence, avg_hr, max_hr, route, conditions, temperature_f, wind_mph, humidity_percent, dewpoint_f, notes) VALUES ('a4da88f0-b807-4797-bc2c-289b72b26494', '65aa7dce-a878-4519-947f-6b40512ca26a', '2026-05-13', 'easy', 2.75, 1553, 4, 183, 161, 179, 'Hyde Park loop', 'Clear', 84, 7.3, 88, 75, NULL);
INSERT INTO run_segments (run_id, segment_order, segment_type, distance_miles, duration_seconds) VALUES ('a4da88f0-b807-4797-bc2c-289b72b26494', 1, 'easy', 2.75, 1553);
INSERT INTO runs (id, athlete_id, run_date, run_type, distance_miles, duration_seconds, effort_rpe, avg_cadence, avg_hr, max_hr, route, conditions, temperature_f, wind_mph, humidity_percent, dewpoint_f, notes) VALUES ('a5dea48d-a24b-421f-8598-74e1a75f5d7d', '65aa7dce-a878-4519-947f-6b40512ca26a', '2026-05-14', 'long', 6.56, 4167, 6, 180, 158, 183, 'Davis Islands loop', 'Humid', 86, 2.9, 91, 74, NULL);
INSERT INTO run_segments (run_id, segment_order, segment_type, distance_miles, duration_seconds) VALUES ('a5dea48d-a24b-421f-8598-74e1a75f5d7d', 1, 'easy', 6.56, 4167);

INSERT INTO runs (id, athlete_id, run_date, run_type, distance_miles, duration_seconds, effort_rpe, avg_cadence, avg_hr, max_hr, route, conditions, temperature_f, wind_mph, humidity_percent, dewpoint_f, notes) VALUES ('607e0255-f536-4387-a643-e22cf14e311c', 'a8ff39d9-cf5c-4cf1-925b-c01132f35cfb', '2026-04-18', 'easy', 0.94, 678, 5, NULL, NULL, NULL, 'Al Lopez Park trails', 'Partly cloudy', 68, 4.5, 85, 64, NULL);
INSERT INTO run_segments (run_id, segment_order, segment_type, distance_miles, duration_seconds) VALUES ('607e0255-f536-4387-a643-e22cf14e311c', 1, 'easy', 0.94, 678);
INSERT INTO runs (id, athlete_id, run_date, run_type, distance_miles, duration_seconds, effort_rpe, avg_cadence, avg_hr, max_hr, route, conditions, temperature_f, wind_mph, humidity_percent, dewpoint_f, notes) VALUES ('e869fd98-77a6-4a8c-866f-4ec5631a1525', 'a8ff39d9-cf5c-4cf1-925b-c01132f35cfb', '2026-04-19', 'tempo', 1.22, 817, 7, NULL, NULL, NULL, 'Al Lopez Park trails', 'Overcast', 81, 9.7, 71, 71, NULL);
INSERT INTO run_segments (run_id, segment_order, segment_type, distance_miles, duration_seconds) VALUES ('e869fd98-77a6-4a8c-866f-4ec5631a1525', 1, 'warmup', 0.24, 177);
INSERT INTO run_segments (run_id, segment_order, segment_type, distance_miles, duration_seconds) VALUES ('e869fd98-77a6-4a8c-866f-4ec5631a1525', 2, 'tempo', 0.8, 506);
INSERT INTO run_segments (run_id, segment_order, segment_type, distance_miles, duration_seconds) VALUES ('e869fd98-77a6-4a8c-866f-4ec5631a1525', 3, 'cooldown', 0.18, 134);
INSERT INTO runs (id, athlete_id, run_date, run_type, distance_miles, duration_seconds, effort_rpe, avg_cadence, avg_hr, max_hr, route, conditions, temperature_f, wind_mph, humidity_percent, dewpoint_f, notes) VALUES ('9ae3aede-0880-4eb7-9ab3-10d20475e6fa', 'a8ff39d9-cf5c-4cf1-925b-c01132f35cfb', '2026-04-20', 'easy', 1.16, 825, 4, NULL, NULL, NULL, 'Neighborhood — easy', 'Clear', 84, 9.3, 68, 77, NULL);
INSERT INTO run_segments (run_id, segment_order, segment_type, distance_miles, duration_seconds) VALUES ('9ae3aede-0880-4eb7-9ab3-10d20475e6fa', 1, 'easy', 1.16, 825);
INSERT INTO runs (id, athlete_id, run_date, run_type, duration_seconds, effort_rpe, cross_train_activity, notes) VALUES ('f9f490ea-46f9-4085-a66d-08245ac9a629', 'a8ff39d9-cf5c-4cf1-925b-c01132f35cfb', '2026-04-21', 'cross_train', 2700, 6, 'elliptical', NULL);
INSERT INTO runs (id, athlete_id, run_date, run_type, distance_miles, duration_seconds, effort_rpe, avg_cadence, avg_hr, max_hr, route, conditions, temperature_f, wind_mph, humidity_percent, dewpoint_f, notes) VALUES ('8e3a8b99-5875-4935-b485-b9a43a856015', 'a8ff39d9-cf5c-4cf1-925b-c01132f35cfb', '2026-04-22', 'easy', 1.12, 786, 4, NULL, NULL, NULL, 'Hyde Park loop', 'Partly cloudy', 69, 8.1, 86, 65, NULL);
INSERT INTO run_segments (run_id, segment_order, segment_type, distance_miles, duration_seconds) VALUES ('8e3a8b99-5875-4935-b485-b9a43a856015', 1, 'easy', 1.12, 786);
INSERT INTO runs (id, athlete_id, run_date, run_type, distance_miles, duration_seconds, effort_rpe, avg_cadence, avg_hr, max_hr, route, conditions, temperature_f, wind_mph, humidity_percent, dewpoint_f, notes) VALUES ('e21eb65b-4790-42d4-a835-c7610e524da3', 'a8ff39d9-cf5c-4cf1-925b-c01132f35cfb', '2026-04-23', 'long', 1.86, 1330, 6, NULL, NULL, NULL, 'Curtis Hixon waterfront', 'Partly cloudy', 75, 9.5, 73, 71, NULL);
INSERT INTO run_segments (run_id, segment_order, segment_type, distance_miles, duration_seconds) VALUES ('e21eb65b-4790-42d4-a835-c7610e524da3', 1, 'easy', 1.86, 1330);
INSERT INTO runs (id, athlete_id, run_date, run_type, distance_miles, duration_seconds, effort_rpe, avg_cadence, avg_hr, max_hr, route, conditions, temperature_f, wind_mph, humidity_percent, dewpoint_f, notes) VALUES ('96c4b168-397a-45a1-896d-818685db3cb0', 'a8ff39d9-cf5c-4cf1-925b-c01132f35cfb', '2026-04-25', 'easy', 0.94, 698, 4, NULL, NULL, NULL, 'Davis Islands loop', 'Partly cloudy', 81, 4.8, 79, 69, NULL);
INSERT INTO run_segments (run_id, segment_order, segment_type, distance_miles, duration_seconds) VALUES ('96c4b168-397a-45a1-896d-818685db3cb0', 1, 'easy', 0.94, 698);
INSERT INTO runs (id, athlete_id, run_date, run_type, distance_miles, duration_seconds, effort_rpe, avg_cadence, avg_hr, max_hr, route, conditions, temperature_f, wind_mph, humidity_percent, dewpoint_f, notes) VALUES ('84369acd-62f1-432f-be73-90f150535e3b', 'a8ff39d9-cf5c-4cf1-925b-c01132f35cfb', '2026-04-26', 'tempo', 1.55, 1054, 8, NULL, NULL, NULL, 'Neighborhood — easy', 'Humid', 81, 5.0, 69, 75, NULL);
INSERT INTO run_segments (run_id, segment_order, segment_type, distance_miles, duration_seconds) VALUES ('84369acd-62f1-432f-be73-90f150535e3b', 1, 'warmup', 0.31, 219);
INSERT INTO run_segments (run_id, segment_order, segment_type, distance_miles, duration_seconds) VALUES ('84369acd-62f1-432f-be73-90f150535e3b', 2, 'tempo', 1.01, 666);
INSERT INTO run_segments (run_id, segment_order, segment_type, distance_miles, duration_seconds) VALUES ('84369acd-62f1-432f-be73-90f150535e3b', 3, 'cooldown', 0.23, 169);
INSERT INTO runs (id, athlete_id, run_date, run_type, distance_miles, duration_seconds, effort_rpe, avg_cadence, avg_hr, max_hr, route, conditions, temperature_f, wind_mph, humidity_percent, dewpoint_f, notes) VALUES ('54fc81c7-cad6-43bc-b5a7-5e4581f5e733', 'a8ff39d9-cf5c-4cf1-925b-c01132f35cfb', '2026-04-27', 'easy', 0.87, 624, 3, NULL, NULL, NULL, 'Davis Islands loop', 'Humid', 76, 5.3, 73, 71, NULL);
INSERT INTO run_segments (run_id, segment_order, segment_type, distance_miles, duration_seconds) VALUES ('54fc81c7-cad6-43bc-b5a7-5e4581f5e733', 1, 'easy', 0.87, 624);
INSERT INTO runs (id, athlete_id, run_date, run_type, duration_seconds, effort_rpe, cross_train_activity, notes) VALUES ('5970f736-90c3-40dd-8ea4-7b933c509d04', 'a8ff39d9-cf5c-4cf1-925b-c01132f35cfb', '2026-04-28', 'cross_train', 3600, 4, 'swimming', NULL);
INSERT INTO runs (id, athlete_id, run_date, run_type, distance_miles, duration_seconds, effort_rpe, avg_cadence, avg_hr, max_hr, route, conditions, temperature_f, wind_mph, humidity_percent, dewpoint_f, notes) VALUES ('a39cf9f9-de9f-4f1c-889c-a1d08baae233', 'a8ff39d9-cf5c-4cf1-925b-c01132f35cfb', '2026-04-29', 'easy', 0.99, 720, 3, NULL, NULL, NULL, 'Davis Islands loop', 'Partly cloudy', 78, 11.6, 79, 74, NULL);
INSERT INTO run_segments (run_id, segment_order, segment_type, distance_miles, duration_seconds) VALUES ('a39cf9f9-de9f-4f1c-889c-a1d08baae233', 1, 'easy', 0.99, 720);
INSERT INTO runs (id, athlete_id, run_date, run_type, distance_miles, duration_seconds, effort_rpe, avg_cadence, avg_hr, max_hr, route, conditions, temperature_f, wind_mph, humidity_percent, dewpoint_f, notes) VALUES ('91750d04-b389-41b2-a3e2-2cbb1c2c0c34', 'a8ff39d9-cf5c-4cf1-925b-c01132f35cfb', '2026-04-30', 'long', 2.61, 1883, 6, NULL, NULL, NULL, 'Davis Islands loop', 'Humid', 85, 9.8, 80, 75, NULL);
INSERT INTO run_segments (run_id, segment_order, segment_type, distance_miles, duration_seconds) VALUES ('91750d04-b389-41b2-a3e2-2cbb1c2c0c34', 1, 'easy', 2.61, 1883);
INSERT INTO runs (id, athlete_id, run_date, run_type, distance_miles, duration_seconds, effort_rpe, avg_cadence, avg_hr, max_hr, route, conditions, temperature_f, wind_mph, humidity_percent, dewpoint_f, notes) VALUES ('3bb39db2-c163-41d4-bfa5-5061e5487252', 'a8ff39d9-cf5c-4cf1-925b-c01132f35cfb', '2026-05-02', 'easy', 1.08, 759, 5, NULL, NULL, NULL, 'Davis Islands loop', 'Partly cloudy', 79, 6.1, 80, 72, NULL);
INSERT INTO run_segments (run_id, segment_order, segment_type, distance_miles, duration_seconds) VALUES ('3bb39db2-c163-41d4-bfa5-5061e5487252', 1, 'easy', 1.08, 759);
INSERT INTO runs (id, athlete_id, run_date, run_type, distance_miles, duration_seconds, effort_rpe, avg_cadence, avg_hr, max_hr, route, conditions, temperature_f, wind_mph, humidity_percent, dewpoint_f, notes) VALUES ('4b4938ca-03b0-4c5d-97d2-f7de363456d1', 'a8ff39d9-cf5c-4cf1-925b-c01132f35cfb', '2026-05-03', 'tempo', 1.77, 1214, 7, NULL, NULL, NULL, 'Davis Islands loop', 'Overcast', 80, 7.0, 75, 71, NULL);
INSERT INTO run_segments (run_id, segment_order, segment_type, distance_miles, duration_seconds) VALUES ('4b4938ca-03b0-4c5d-97d2-f7de363456d1', 1, 'warmup', 0.35, 255);
INSERT INTO run_segments (run_id, segment_order, segment_type, distance_miles, duration_seconds) VALUES ('4b4938ca-03b0-4c5d-97d2-f7de363456d1', 2, 'tempo', 1.15, 757);
INSERT INTO run_segments (run_id, segment_order, segment_type, distance_miles, duration_seconds) VALUES ('4b4938ca-03b0-4c5d-97d2-f7de363456d1', 3, 'cooldown', 0.27, 202);
INSERT INTO runs (id, athlete_id, run_date, run_type, distance_miles, duration_seconds, effort_rpe, avg_cadence, avg_hr, max_hr, route, conditions, temperature_f, wind_mph, humidity_percent, dewpoint_f, notes) VALUES ('46b3b57f-c95a-4739-a33b-6051e6b81c15', 'a8ff39d9-cf5c-4cf1-925b-c01132f35cfb', '2026-05-04', 'easy', 1.3, 932, 4, NULL, NULL, NULL, 'Bayshore out & back', 'Clear', 84, 10.4, 62, 79, NULL);
INSERT INTO run_segments (run_id, segment_order, segment_type, distance_miles, duration_seconds) VALUES ('46b3b57f-c95a-4739-a33b-6051e6b81c15', 1, 'easy', 1.3, 932);
INSERT INTO runs (id, athlete_id, run_date, run_type, duration_seconds, effort_rpe, cross_train_activity, notes) VALUES ('8cede23b-2d43-47c6-a033-736e51b2eb72', 'a8ff39d9-cf5c-4cf1-925b-c01132f35cfb', '2026-05-05', 'cross_train', 2100, 4, 'stretch + core', NULL);
INSERT INTO runs (id, athlete_id, run_date, run_type, distance_miles, duration_seconds, effort_rpe, avg_cadence, avg_hr, max_hr, route, conditions, temperature_f, wind_mph, humidity_percent, dewpoint_f, notes) VALUES ('46fe2a06-238b-4774-a101-ba220b753f03', 'a8ff39d9-cf5c-4cf1-925b-c01132f35cfb', '2026-05-06', 'easy', 0.96, 672, 5, NULL, NULL, NULL, 'Curtis Hixon waterfront', 'Clear', 68, 7.3, 60, 58, NULL);
INSERT INTO run_segments (run_id, segment_order, segment_type, distance_miles, duration_seconds) VALUES ('46fe2a06-238b-4774-a101-ba220b753f03', 1, 'easy', 0.96, 672);
INSERT INTO runs (id, athlete_id, run_date, run_type, distance_miles, duration_seconds, effort_rpe, avg_cadence, avg_hr, max_hr, route, conditions, temperature_f, wind_mph, humidity_percent, dewpoint_f, notes) VALUES ('49394811-5c86-4286-9d97-8a7b97b065f2', 'a8ff39d9-cf5c-4cf1-925b-c01132f35cfb', '2026-05-07', 'long', 2.7, 2032, 5, NULL, NULL, NULL, 'Hyde Park loop', 'Overcast', 71, 4.4, 69, 59, NULL);
INSERT INTO run_segments (run_id, segment_order, segment_type, distance_miles, duration_seconds) VALUES ('49394811-5c86-4286-9d97-8a7b97b065f2', 1, 'easy', 2.7, 2032);
INSERT INTO runs (id, athlete_id, run_date, run_type, distance_miles, duration_seconds, effort_rpe, avg_cadence, avg_hr, max_hr, route, conditions, temperature_f, wind_mph, humidity_percent, dewpoint_f, notes) VALUES ('74ff20ae-8ca9-4be0-8c42-ac86e6cd5630', 'a8ff39d9-cf5c-4cf1-925b-c01132f35cfb', '2026-05-09', 'easy', 1.13, 805, 4, NULL, NULL, NULL, 'Davis Islands loop', 'Clear', 77, 8.5, 65, 73, NULL);
INSERT INTO run_segments (run_id, segment_order, segment_type, distance_miles, duration_seconds) VALUES ('74ff20ae-8ca9-4be0-8c42-ac86e6cd5630', 1, 'easy', 1.13, 805);
INSERT INTO runs (id, athlete_id, run_date, run_type, distance_miles, duration_seconds, effort_rpe, avg_cadence, avg_hr, max_hr, route, conditions, temperature_f, wind_mph, humidity_percent, dewpoint_f, notes) VALUES ('b8c0b947-3bf9-4255-8a22-5df9c08a257a', 'a8ff39d9-cf5c-4cf1-925b-c01132f35cfb', '2026-05-10', 'tempo', 1.84, 1248, 7, NULL, NULL, NULL, 'Track at Plant HS', 'Partly cloudy', 86, 10.9, 66, 82, NULL);
INSERT INTO run_segments (run_id, segment_order, segment_type, distance_miles, duration_seconds) VALUES ('b8c0b947-3bf9-4255-8a22-5df9c08a257a', 1, 'warmup', 0.37, 261);
INSERT INTO run_segments (run_id, segment_order, segment_type, distance_miles, duration_seconds) VALUES ('b8c0b947-3bf9-4255-8a22-5df9c08a257a', 2, 'tempo', 1.19, 773);
INSERT INTO run_segments (run_id, segment_order, segment_type, distance_miles, duration_seconds) VALUES ('b8c0b947-3bf9-4255-8a22-5df9c08a257a', 3, 'cooldown', 0.28, 214);
INSERT INTO runs (id, athlete_id, run_date, run_type, distance_miles, duration_seconds, effort_rpe, avg_cadence, avg_hr, max_hr, route, conditions, temperature_f, wind_mph, humidity_percent, dewpoint_f, notes) VALUES ('464faaab-d2c8-4e56-bf1b-00e836505db6', 'a8ff39d9-cf5c-4cf1-925b-c01132f35cfb', '2026-05-11', 'easy', 1.26, 866, 3, NULL, NULL, NULL, 'Track at Plant HS', 'Clear', 68, 7.9, 73, 58, NULL);
INSERT INTO run_segments (run_id, segment_order, segment_type, distance_miles, duration_seconds) VALUES ('464faaab-d2c8-4e56-bf1b-00e836505db6', 1, 'easy', 1.26, 866);
INSERT INTO runs (id, athlete_id, run_date, run_type, duration_seconds, effort_rpe, cross_train_activity, notes) VALUES ('0244ddb1-e99e-4caf-8b1e-429079e0c43d', 'a8ff39d9-cf5c-4cf1-925b-c01132f35cfb', '2026-05-12', 'cross_train', 2100, 6, 'pool run', NULL);
INSERT INTO runs (id, athlete_id, run_date, run_type, distance_miles, duration_seconds, effort_rpe, avg_cadence, avg_hr, max_hr, route, conditions, temperature_f, wind_mph, humidity_percent, dewpoint_f, notes) VALUES ('5fa326b0-a485-47b4-a8c0-7f457fcd21c1', 'a8ff39d9-cf5c-4cf1-925b-c01132f35cfb', '2026-05-13', 'easy', 1.3, 925, 4, NULL, NULL, NULL, 'Hyde Park loop', 'Humid', 81, 10.4, 74, 72, NULL);
INSERT INTO run_segments (run_id, segment_order, segment_type, distance_miles, duration_seconds) VALUES ('5fa326b0-a485-47b4-a8c0-7f457fcd21c1', 1, 'easy', 1.3, 925);
INSERT INTO runs (id, athlete_id, run_date, run_type, distance_miles, duration_seconds, effort_rpe, avg_cadence, avg_hr, max_hr, route, conditions, temperature_f, wind_mph, humidity_percent, dewpoint_f, notes) VALUES ('764d621d-27b0-466e-9e88-4dfe3ca8b63e', 'a8ff39d9-cf5c-4cf1-925b-c01132f35cfb', '2026-05-14', 'long', 2.66, 2022, 7, NULL, NULL, NULL, 'Neighborhood — easy', 'Clear', 81, 8.8, 71, 71, NULL);
INSERT INTO run_segments (run_id, segment_order, segment_type, distance_miles, duration_seconds) VALUES ('764d621d-27b0-466e-9e88-4dfe3ca8b63e', 1, 'easy', 2.66, 2022);

INSERT INTO runs (id, athlete_id, run_date, run_type, distance_miles, duration_seconds, effort_rpe, avg_cadence, avg_hr, max_hr, route, conditions, temperature_f, wind_mph, humidity_percent, dewpoint_f, notes) VALUES ('d0ea1527-a345-4fdb-ae11-b6e83accf64f', 'dbc1a157-bfd2-463e-bf04-61c581027b80', '2026-04-18', 'easy', 1.72, 1073, 3, NULL, NULL, NULL, 'Riverwalk + bridges', 'Clear', 80, 5.6, 80, 75, NULL);
INSERT INTO run_segments (run_id, segment_order, segment_type, distance_miles, duration_seconds) VALUES ('d0ea1527-a345-4fdb-ae11-b6e83accf64f', 1, 'easy', 1.72, 1073);
INSERT INTO runs (id, athlete_id, run_date, run_type, distance_miles, duration_seconds, effort_rpe, avg_cadence, avg_hr, max_hr, route, conditions, temperature_f, wind_mph, humidity_percent, dewpoint_f, notes) VALUES ('7e0a4984-c82e-4933-be52-33e70641d225', 'dbc1a157-bfd2-463e-bf04-61c581027b80', '2026-04-19', 'tempo', 2.83, 1742, 7, NULL, NULL, NULL, 'Curtis Hixon waterfront', 'Clear', 85, 6.1, 92, 81, NULL);
INSERT INTO run_segments (run_id, segment_order, segment_type, distance_miles, duration_seconds) VALUES ('7e0a4984-c82e-4933-be52-33e70641d225', 1, 'warmup', 0.57, 361);
INSERT INTO run_segments (run_id, segment_order, segment_type, distance_miles, duration_seconds) VALUES ('7e0a4984-c82e-4933-be52-33e70641d225', 2, 'tempo', 1.84, 1107);
INSERT INTO run_segments (run_id, segment_order, segment_type, distance_miles, duration_seconds) VALUES ('7e0a4984-c82e-4933-be52-33e70641d225', 3, 'cooldown', 0.42, 274);
INSERT INTO runs (id, athlete_id, run_date, run_type, distance_miles, duration_seconds, effort_rpe, avg_cadence, avg_hr, max_hr, route, conditions, temperature_f, wind_mph, humidity_percent, dewpoint_f, notes) VALUES ('b6a3ddea-8b93-4939-b594-537f012d58e0', 'dbc1a157-bfd2-463e-bf04-61c581027b80', '2026-04-20', 'easy', 1.75, 1107, 4, NULL, NULL, NULL, 'Davis Islands loop', 'Partly cloudy', 86, 8.9, 70, 80, NULL);
INSERT INTO run_segments (run_id, segment_order, segment_type, distance_miles, duration_seconds) VALUES ('b6a3ddea-8b93-4939-b594-537f012d58e0', 1, 'easy', 1.75, 1107);
INSERT INTO runs (id, athlete_id, run_date, run_type, duration_seconds, effort_rpe, cross_train_activity, notes) VALUES ('8a636a92-7779-42b3-8f3a-087a819d4ae5', 'dbc1a157-bfd2-463e-bf04-61c581027b80', '2026-04-21', 'cross_train', 2700, 4, 'elliptical', NULL);
INSERT INTO runs (id, athlete_id, run_date, run_type, distance_miles, duration_seconds, effort_rpe, avg_cadence, avg_hr, max_hr, route, conditions, temperature_f, wind_mph, humidity_percent, dewpoint_f, notes) VALUES ('9103b72f-979f-4556-8884-2b9f43fb628a', 'dbc1a157-bfd2-463e-bf04-61c581027b80', '2026-04-22', 'easy', 1.86, 1181, 5, NULL, NULL, NULL, 'Curtis Hixon waterfront', 'Overcast', 87, 6.6, 72, 81, NULL);
INSERT INTO run_segments (run_id, segment_order, segment_type, distance_miles, duration_seconds) VALUES ('9103b72f-979f-4556-8884-2b9f43fb628a', 1, 'easy', 1.86, 1181);
INSERT INTO runs (id, athlete_id, run_date, run_type, distance_miles, duration_seconds, effort_rpe, avg_cadence, avg_hr, max_hr, route, conditions, temperature_f, wind_mph, humidity_percent, dewpoint_f, notes) VALUES ('8c20c4ab-5dc2-42d2-a74f-45f1fd7421c1', 'dbc1a157-bfd2-463e-bf04-61c581027b80', '2026-04-23', 'long', 4.07, 2820, 6, NULL, NULL, NULL, 'Riverwalk + bridges', 'Humid', 77, 8.0, 80, 70, NULL);
INSERT INTO run_segments (run_id, segment_order, segment_type, distance_miles, duration_seconds) VALUES ('8c20c4ab-5dc2-42d2-a74f-45f1fd7421c1', 1, 'easy', 4.07, 2820);
INSERT INTO runs (id, athlete_id, run_date, run_type, distance_miles, duration_seconds, effort_rpe, avg_cadence, avg_hr, max_hr, route, conditions, temperature_f, wind_mph, humidity_percent, dewpoint_f, notes) VALUES ('e005f559-15d8-459e-ab92-4816ce71b16b', 'dbc1a157-bfd2-463e-bf04-61c581027b80', '2026-04-25', 'easy', 2.46, 1648, 4, NULL, NULL, NULL, 'Neighborhood — easy', 'Partly cloudy', 76, 5.7, 85, 69, NULL);
INSERT INTO run_segments (run_id, segment_order, segment_type, distance_miles, duration_seconds) VALUES ('e005f559-15d8-459e-ab92-4816ce71b16b', 1, 'easy', 2.46, 1648);
INSERT INTO runs (id, athlete_id, run_date, run_type, distance_miles, duration_seconds, effort_rpe, avg_cadence, avg_hr, max_hr, route, conditions, temperature_f, wind_mph, humidity_percent, dewpoint_f, notes) VALUES ('ae9c2522-8822-4659-b41a-526e92c2688f', 'dbc1a157-bfd2-463e-bf04-61c581027b80', '2026-04-26', 'tempo', 3.05, 1913, 7, NULL, NULL, NULL, 'Hyde Park loop', 'Partly cloudy', 81, 3.4, 91, 73, NULL);
INSERT INTO run_segments (run_id, segment_order, segment_type, distance_miles, duration_seconds) VALUES ('ae9c2522-8822-4659-b41a-526e92c2688f', 1, 'warmup', 0.61, 384);
INSERT INTO run_segments (run_id, segment_order, segment_type, distance_miles, duration_seconds) VALUES ('ae9c2522-8822-4659-b41a-526e92c2688f', 2, 'tempo', 1.98, 1228);
INSERT INTO run_segments (run_id, segment_order, segment_type, distance_miles, duration_seconds) VALUES ('ae9c2522-8822-4659-b41a-526e92c2688f', 3, 'cooldown', 0.46, 301);
INSERT INTO runs (id, athlete_id, run_date, run_type, distance_miles, duration_seconds, effort_rpe, avg_cadence, avg_hr, max_hr, route, conditions, temperature_f, wind_mph, humidity_percent, dewpoint_f, notes) VALUES ('0ff6c08c-d54a-4370-847d-96344edd99b1', 'dbc1a157-bfd2-463e-bf04-61c581027b80', '2026-04-27', 'easy', 1.87, 1191, 5, NULL, NULL, NULL, 'Bayshore out & back', 'Overcast', 79, 3.1, 65, 72, NULL);
INSERT INTO run_segments (run_id, segment_order, segment_type, distance_miles, duration_seconds) VALUES ('0ff6c08c-d54a-4370-847d-96344edd99b1', 1, 'easy', 1.87, 1191);
INSERT INTO runs (id, athlete_id, run_date, run_type, duration_seconds, effort_rpe, cross_train_activity, notes) VALUES ('bf179991-21f6-4da6-ba00-b2c3d8346b8c', 'dbc1a157-bfd2-463e-bf04-61c581027b80', '2026-04-28', 'cross_train', 1800, 6, 'pool run', NULL);
INSERT INTO runs (id, athlete_id, run_date, run_type, distance_miles, duration_seconds, effort_rpe, avg_cadence, avg_hr, max_hr, route, conditions, temperature_f, wind_mph, humidity_percent, dewpoint_f, notes) VALUES ('34ec0909-2870-497b-ba14-a9eacae4c088', 'dbc1a157-bfd2-463e-bf04-61c581027b80', '2026-04-29', 'easy', 1.83, 1206, 3, NULL, NULL, NULL, 'Davis Islands loop', 'Partly cloudy', 82, 5.9, 83, 70, NULL);
INSERT INTO run_segments (run_id, segment_order, segment_type, distance_miles, duration_seconds) VALUES ('34ec0909-2870-497b-ba14-a9eacae4c088', 1, 'easy', 1.83, 1206);
INSERT INTO runs (id, athlete_id, run_date, run_type, distance_miles, duration_seconds, effort_rpe, avg_cadence, avg_hr, max_hr, route, conditions, temperature_f, wind_mph, humidity_percent, dewpoint_f, notes) VALUES ('9802107f-d401-41ff-89ba-6602e26ba639', 'dbc1a157-bfd2-463e-bf04-61c581027b80', '2026-04-30', 'long', 3.77, 2426, 5, NULL, NULL, NULL, 'Al Lopez Park trails', 'Humid', 78, 9.8, 89, 66, NULL);
INSERT INTO run_segments (run_id, segment_order, segment_type, distance_miles, duration_seconds) VALUES ('9802107f-d401-41ff-89ba-6602e26ba639', 1, 'easy', 3.77, 2426);
INSERT INTO runs (id, athlete_id, run_date, run_type, distance_miles, duration_seconds, effort_rpe, avg_cadence, avg_hr, max_hr, route, conditions, temperature_f, wind_mph, humidity_percent, dewpoint_f, notes) VALUES ('92687840-96e7-4a55-b9f9-79c657bab3bc', 'dbc1a157-bfd2-463e-bf04-61c581027b80', '2026-05-02', 'easy', 1.66, 1086, 5, NULL, NULL, NULL, 'Hyde Park loop', 'Partly cloudy', 68, 8.5, 81, 62, NULL);
INSERT INTO run_segments (run_id, segment_order, segment_type, distance_miles, duration_seconds) VALUES ('92687840-96e7-4a55-b9f9-79c657bab3bc', 1, 'easy', 1.66, 1086);
INSERT INTO runs (id, athlete_id, run_date, run_type, distance_miles, duration_seconds, effort_rpe, avg_cadence, avg_hr, max_hr, route, conditions, temperature_f, wind_mph, humidity_percent, dewpoint_f, notes) VALUES ('57ed15f2-500a-4160-8cf2-da0f6aadd109', 'dbc1a157-bfd2-463e-bf04-61c581027b80', '2026-05-03', 'tempo', 3.17, 1870, 7, NULL, NULL, NULL, 'Riverwalk + bridges', 'Humid', 73, 6.0, 87, 66, NULL);
INSERT INTO run_segments (run_id, segment_order, segment_type, distance_miles, duration_seconds) VALUES ('57ed15f2-500a-4160-8cf2-da0f6aadd109', 1, 'warmup', 0.63, 405);
INSERT INTO run_segments (run_id, segment_order, segment_type, distance_miles, duration_seconds) VALUES ('57ed15f2-500a-4160-8cf2-da0f6aadd109', 2, 'tempo', 2.06, 1146);
INSERT INTO run_segments (run_id, segment_order, segment_type, distance_miles, duration_seconds) VALUES ('57ed15f2-500a-4160-8cf2-da0f6aadd109', 3, 'cooldown', 0.48, 319);
INSERT INTO runs (id, athlete_id, run_date, run_type, distance_miles, duration_seconds, effort_rpe, avg_cadence, avg_hr, max_hr, route, conditions, temperature_f, wind_mph, humidity_percent, dewpoint_f, notes) VALUES ('70832cd3-9970-4c17-9f73-a5a2e9cb4923', 'dbc1a157-bfd2-463e-bf04-61c581027b80', '2026-05-04', 'easy', 1.77, 1161, 3, NULL, NULL, NULL, 'Track at Plant HS', 'Overcast', 74, 3.1, 89, 63, NULL);
INSERT INTO run_segments (run_id, segment_order, segment_type, distance_miles, duration_seconds) VALUES ('70832cd3-9970-4c17-9f73-a5a2e9cb4923', 1, 'easy', 1.77, 1161);
INSERT INTO runs (id, athlete_id, run_date, run_type, duration_seconds, effort_rpe, cross_train_activity, notes) VALUES ('fb51b011-720e-4649-8a1e-ff565bc488d8', 'dbc1a157-bfd2-463e-bf04-61c581027b80', '2026-05-05', 'cross_train', 2700, 3, 'pool run', NULL);
INSERT INTO runs (id, athlete_id, run_date, run_type, distance_miles, duration_seconds, effort_rpe, avg_cadence, avg_hr, max_hr, route, conditions, temperature_f, wind_mph, humidity_percent, dewpoint_f, notes) VALUES ('aa78fc87-5477-41d2-aa0e-6da94c3e5715', 'dbc1a157-bfd2-463e-bf04-61c581027b80', '2026-05-06', 'easy', 2.44, 1580, 4, NULL, NULL, NULL, 'Hyde Park loop', 'Partly cloudy', 75, 3.2, 79, 66, NULL);
INSERT INTO run_segments (run_id, segment_order, segment_type, distance_miles, duration_seconds) VALUES ('aa78fc87-5477-41d2-aa0e-6da94c3e5715', 1, 'easy', 2.44, 1580);
INSERT INTO runs (id, athlete_id, run_date, run_type, distance_miles, duration_seconds, effort_rpe, avg_cadence, avg_hr, max_hr, route, conditions, temperature_f, wind_mph, humidity_percent, dewpoint_f, notes) VALUES ('910e1e77-0e76-4e88-94a6-a9a286bf6595', 'dbc1a157-bfd2-463e-bf04-61c581027b80', '2026-05-07', 'long', 4.44, 2867, 7, NULL, NULL, NULL, 'Riverwalk + bridges', 'Partly cloudy', 85, 6.9, 70, 79, NULL);
INSERT INTO run_segments (run_id, segment_order, segment_type, distance_miles, duration_seconds) VALUES ('910e1e77-0e76-4e88-94a6-a9a286bf6595', 1, 'easy', 4.44, 2867);
INSERT INTO runs (id, athlete_id, run_date, run_type, distance_miles, duration_seconds, effort_rpe, avg_cadence, avg_hr, max_hr, route, conditions, temperature_f, wind_mph, humidity_percent, dewpoint_f, notes) VALUES ('e07344fc-8154-4091-bd3d-9e0c40e76e4c', 'dbc1a157-bfd2-463e-bf04-61c581027b80', '2026-05-09', 'easy', 3.27, 1999, 4, NULL, NULL, NULL, 'Neighborhood — easy', 'Humid', 85, 8.5, 92, 75, NULL);
INSERT INTO run_segments (run_id, segment_order, segment_type, distance_miles, duration_seconds) VALUES ('e07344fc-8154-4091-bd3d-9e0c40e76e4c', 1, 'easy', 3.27, 1999);
INSERT INTO runs (id, athlete_id, run_date, run_type, distance_miles, duration_seconds, effort_rpe, avg_cadence, avg_hr, max_hr, route, conditions, temperature_f, wind_mph, humidity_percent, dewpoint_f, notes) VALUES ('703b1567-9592-4048-b426-5fd1e80eb064', 'dbc1a157-bfd2-463e-bf04-61c581027b80', '2026-05-10', 'tempo', 5.59, 3350, 7, NULL, NULL, NULL, 'Al Lopez Park trails', 'Humid', 75, 3.7, 78, 64, NULL);
INSERT INTO run_segments (run_id, segment_order, segment_type, distance_miles, duration_seconds) VALUES ('703b1567-9592-4048-b426-5fd1e80eb064', 1, 'warmup', 1.12, 718);
INSERT INTO run_segments (run_id, segment_order, segment_type, distance_miles, duration_seconds) VALUES ('703b1567-9592-4048-b426-5fd1e80eb064', 2, 'tempo', 3.63, 2083);
INSERT INTO run_segments (run_id, segment_order, segment_type, distance_miles, duration_seconds) VALUES ('703b1567-9592-4048-b426-5fd1e80eb064', 3, 'cooldown', 0.84, 549);
INSERT INTO runs (id, athlete_id, run_date, run_type, distance_miles, duration_seconds, effort_rpe, avg_cadence, avg_hr, max_hr, route, conditions, temperature_f, wind_mph, humidity_percent, dewpoint_f, notes) VALUES ('77d8c4e6-77ae-488c-9769-b623010edbcb', 'dbc1a157-bfd2-463e-bf04-61c581027b80', '2026-05-11', 'easy', 3.81, 2517, 4, NULL, NULL, NULL, 'Davis Islands loop', 'Overcast', 81, 9.4, 66, 74, NULL);
INSERT INTO run_segments (run_id, segment_order, segment_type, distance_miles, duration_seconds) VALUES ('77d8c4e6-77ae-488c-9769-b623010edbcb', 1, 'easy', 3.81, 2517);
INSERT INTO runs (id, athlete_id, run_date, run_type, duration_seconds, effort_rpe, cross_train_activity, notes) VALUES ('22ec8574-831e-427d-a2b4-796418a55849', 'dbc1a157-bfd2-463e-bf04-61c581027b80', '2026-05-12', 'cross_train', 2700, 5, 'swimming', NULL);
INSERT INTO runs (id, athlete_id, run_date, run_type, distance_miles, duration_seconds, effort_rpe, avg_cadence, avg_hr, max_hr, route, conditions, temperature_f, wind_mph, humidity_percent, dewpoint_f, notes) VALUES ('19878bef-bf4c-4fd1-aa96-aa86ea7b2656', 'dbc1a157-bfd2-463e-bf04-61c581027b80', '2026-05-13', 'easy', 3.88, 2468, 3, NULL, NULL, NULL, 'Neighborhood — easy', 'Clear', 73, 9.8, 68, 66, NULL);
INSERT INTO run_segments (run_id, segment_order, segment_type, distance_miles, duration_seconds) VALUES ('19878bef-bf4c-4fd1-aa96-aa86ea7b2656', 1, 'easy', 3.88, 2468);
INSERT INTO runs (id, athlete_id, run_date, run_type, distance_miles, duration_seconds, effort_rpe, avg_cadence, avg_hr, max_hr, route, conditions, temperature_f, wind_mph, humidity_percent, dewpoint_f, notes) VALUES ('10cd0622-aedc-4afa-852a-af7ac3061291', 'dbc1a157-bfd2-463e-bf04-61c581027b80', '2026-05-14', 'long', 7.39, 4999, 6, NULL, NULL, NULL, 'Al Lopez Park trails', 'Clear', 84, 3.4, 66, 74, NULL);
INSERT INTO run_segments (run_id, segment_order, segment_type, distance_miles, duration_seconds) VALUES ('10cd0622-aedc-4afa-852a-af7ac3061291', 1, 'easy', 7.39, 4999);

INSERT INTO runs (id, athlete_id, run_date, run_type, distance_miles, duration_seconds, effort_rpe, avg_cadence, avg_hr, max_hr, route, conditions, temperature_f, wind_mph, humidity_percent, dewpoint_f, notes) VALUES ('db1cab96-4de7-46b5-80da-ac34a12d0b8b', 'd1de806d-30ab-4190-aca5-04c57d7aef73', '2026-04-18', 'easy', 1.7, 1113, 4, NULL, NULL, NULL, 'Neighborhood — easy', 'Humid', 83, 7.8, 69, 75, NULL);
INSERT INTO run_segments (run_id, segment_order, segment_type, distance_miles, duration_seconds) VALUES ('db1cab96-4de7-46b5-80da-ac34a12d0b8b', 1, 'easy', 1.7, 1113);
INSERT INTO runs (id, athlete_id, run_date, run_type, distance_miles, duration_seconds, effort_rpe, avg_cadence, avg_hr, max_hr, route, conditions, temperature_f, wind_mph, humidity_percent, dewpoint_f, notes) VALUES ('4b362a6b-0b23-4f34-965a-070bda02a9bf', 'd1de806d-30ab-4190-aca5-04c57d7aef73', '2026-04-19', 'tempo', 1.85, 1219, 8, NULL, NULL, NULL, 'Track at Plant HS', 'Clear', 82, 5.3, 91, 78, NULL);
INSERT INTO run_segments (run_id, segment_order, segment_type, distance_miles, duration_seconds) VALUES ('4b362a6b-0b23-4f34-965a-070bda02a9bf', 1, 'warmup', 0.37, 255);
INSERT INTO run_segments (run_id, segment_order, segment_type, distance_miles, duration_seconds) VALUES ('4b362a6b-0b23-4f34-965a-070bda02a9bf', 2, 'tempo', 1.2, 766);
INSERT INTO run_segments (run_id, segment_order, segment_type, distance_miles, duration_seconds) VALUES ('4b362a6b-0b23-4f34-965a-070bda02a9bf', 3, 'cooldown', 0.28, 198);
INSERT INTO runs (id, athlete_id, run_date, run_type, distance_miles, duration_seconds, effort_rpe, avg_cadence, avg_hr, max_hr, route, conditions, temperature_f, wind_mph, humidity_percent, dewpoint_f, notes) VALUES ('523c0e83-87a8-4502-ad23-68897e3ccc9d', 'd1de806d-30ab-4190-aca5-04c57d7aef73', '2026-04-20', 'easy', 1.34, 871, 5, NULL, NULL, NULL, 'Al Lopez Park trails', 'Humid', 78, 5.4, 78, 72, NULL);
INSERT INTO run_segments (run_id, segment_order, segment_type, distance_miles, duration_seconds) VALUES ('523c0e83-87a8-4502-ad23-68897e3ccc9d', 1, 'easy', 1.34, 871);
INSERT INTO runs (id, athlete_id, run_date, run_type, duration_seconds, effort_rpe, cross_train_activity, notes) VALUES ('261d0429-0100-4105-8a86-1bddb9a5e615', 'd1de806d-30ab-4190-aca5-04c57d7aef73', '2026-04-21', 'cross_train', 1800, 3, 'swimming', NULL);
INSERT INTO runs (id, athlete_id, run_date, run_type, distance_miles, duration_seconds, effort_rpe, avg_cadence, avg_hr, max_hr, route, conditions, temperature_f, wind_mph, humidity_percent, dewpoint_f, notes) VALUES ('9c3874cc-9d39-45c1-b7bf-e84d2dcc5f25', 'd1de806d-30ab-4190-aca5-04c57d7aef73', '2026-04-22', 'easy', 1.68, 1087, 4, NULL, NULL, NULL, 'Davis Islands loop', 'Clear', 72, 3.6, 79, 64, NULL);
INSERT INTO run_segments (run_id, segment_order, segment_type, distance_miles, duration_seconds) VALUES ('9c3874cc-9d39-45c1-b7bf-e84d2dcc5f25', 1, 'easy', 1.68, 1087);
INSERT INTO runs (id, athlete_id, run_date, run_type, distance_miles, duration_seconds, effort_rpe, avg_cadence, avg_hr, max_hr, route, conditions, temperature_f, wind_mph, humidity_percent, dewpoint_f, notes) VALUES ('fa238eab-be0c-41fd-b193-949d21874409', 'd1de806d-30ab-4190-aca5-04c57d7aef73', '2026-04-23', 'long', 2.93, 2054, 5, NULL, NULL, NULL, 'Davis Islands loop', 'Partly cloudy', 81, 9.0, 65, 77, NULL);
INSERT INTO run_segments (run_id, segment_order, segment_type, distance_miles, duration_seconds) VALUES ('fa238eab-be0c-41fd-b193-949d21874409', 1, 'easy', 2.93, 2054);
INSERT INTO runs (id, athlete_id, run_date, run_type, distance_miles, duration_seconds, effort_rpe, avg_cadence, avg_hr, max_hr, route, conditions, temperature_f, wind_mph, humidity_percent, dewpoint_f, notes) VALUES ('4a2f922b-32a1-40de-9776-c0a9b805019e', 'd1de806d-30ab-4190-aca5-04c57d7aef73', '2026-04-25', 'easy', 1.26, 833, 5, NULL, NULL, NULL, 'Neighborhood — easy', 'Clear', 72, 2.7, 90, 62, NULL);
INSERT INTO run_segments (run_id, segment_order, segment_type, distance_miles, duration_seconds) VALUES ('4a2f922b-32a1-40de-9776-c0a9b805019e', 1, 'easy', 1.26, 833);
INSERT INTO runs (id, athlete_id, run_date, run_type, distance_miles, duration_seconds, effort_rpe, avg_cadence, avg_hr, max_hr, route, conditions, temperature_f, wind_mph, humidity_percent, dewpoint_f, notes) VALUES ('0b581e69-f78c-4319-a645-fe04cfef3998', 'd1de806d-30ab-4190-aca5-04c57d7aef73', '2026-04-26', 'tempo', 2.0, 1256, 7, NULL, NULL, NULL, 'Riverwalk + bridges', 'Humid', 70, 8.1, 60, 64, NULL);
INSERT INTO run_segments (run_id, segment_order, segment_type, distance_miles, duration_seconds) VALUES ('0b581e69-f78c-4319-a645-fe04cfef3998', 1, 'warmup', 0.4, 269);
INSERT INTO run_segments (run_id, segment_order, segment_type, distance_miles, duration_seconds) VALUES ('0b581e69-f78c-4319-a645-fe04cfef3998', 2, 'tempo', 1.3, 778);
INSERT INTO run_segments (run_id, segment_order, segment_type, distance_miles, duration_seconds) VALUES ('0b581e69-f78c-4319-a645-fe04cfef3998', 3, 'cooldown', 0.3, 209);
INSERT INTO runs (id, athlete_id, run_date, run_type, distance_miles, duration_seconds, effort_rpe, avg_cadence, avg_hr, max_hr, route, conditions, temperature_f, wind_mph, humidity_percent, dewpoint_f, notes) VALUES ('44292ba6-806b-453b-aea9-8b1506362a98', 'd1de806d-30ab-4190-aca5-04c57d7aef73', '2026-04-27', 'easy', 1.86, 1279, 5, NULL, NULL, NULL, 'Hyde Park loop', 'Overcast', 86, 5.5, 84, 76, NULL);
INSERT INTO run_segments (run_id, segment_order, segment_type, distance_miles, duration_seconds) VALUES ('44292ba6-806b-453b-aea9-8b1506362a98', 1, 'easy', 1.86, 1279);
INSERT INTO runs (id, athlete_id, run_date, run_type, duration_seconds, effort_rpe, cross_train_activity, notes) VALUES ('5245ee40-8891-4960-b30e-b0b384ffa3f0', 'd1de806d-30ab-4190-aca5-04c57d7aef73', '2026-04-28', 'cross_train', 2400, 3, 'biking', NULL);
INSERT INTO runs (id, athlete_id, run_date, run_type, distance_miles, duration_seconds, effort_rpe, avg_cadence, avg_hr, max_hr, route, conditions, temperature_f, wind_mph, humidity_percent, dewpoint_f, notes) VALUES ('f78e9080-a9cd-4a56-a566-4ea3b9d3f9e4', 'd1de806d-30ab-4190-aca5-04c57d7aef73', '2026-04-29', 'easy', 1.62, 1126, 4, NULL, NULL, NULL, 'Davis Islands loop', 'Humid', 80, 8.5, 78, 73, NULL);
INSERT INTO run_segments (run_id, segment_order, segment_type, distance_miles, duration_seconds) VALUES ('f78e9080-a9cd-4a56-a566-4ea3b9d3f9e4', 1, 'easy', 1.62, 1126);
INSERT INTO runs (id, athlete_id, run_date, run_type, distance_miles, duration_seconds, effort_rpe, avg_cadence, avg_hr, max_hr, route, conditions, temperature_f, wind_mph, humidity_percent, dewpoint_f, notes) VALUES ('ccb91f52-6892-4729-b9f3-4ca045d1cf52', 'd1de806d-30ab-4190-aca5-04c57d7aef73', '2026-04-30', 'long', 3.12, 2246, 5, NULL, NULL, NULL, 'Neighborhood — easy', 'Humid', 86, 5.7, 86, 80, NULL);
INSERT INTO run_segments (run_id, segment_order, segment_type, distance_miles, duration_seconds) VALUES ('ccb91f52-6892-4729-b9f3-4ca045d1cf52', 1, 'easy', 3.12, 2246);
INSERT INTO runs (id, athlete_id, run_date, run_type, distance_miles, duration_seconds, effort_rpe, avg_cadence, avg_hr, max_hr, route, conditions, temperature_f, wind_mph, humidity_percent, dewpoint_f, notes) VALUES ('f4109def-15df-42d3-96d5-50f6f184c4fc', 'd1de806d-30ab-4190-aca5-04c57d7aef73', '2026-05-02', 'easy', 1.87, 1210, 3, NULL, NULL, NULL, 'Bayshore out & back', 'Humid', 80, 4.9, 92, 68, NULL);
INSERT INTO run_segments (run_id, segment_order, segment_type, distance_miles, duration_seconds) VALUES ('f4109def-15df-42d3-96d5-50f6f184c4fc', 1, 'easy', 1.87, 1210);
INSERT INTO runs (id, athlete_id, run_date, run_type, distance_miles, duration_seconds, effort_rpe, avg_cadence, avg_hr, max_hr, route, conditions, temperature_f, wind_mph, humidity_percent, dewpoint_f, notes) VALUES ('629e304d-0f62-4bea-8fa1-6b68931e2d9e', 'd1de806d-30ab-4190-aca5-04c57d7aef73', '2026-05-03', 'tempo', 2.39, 1551, 7, NULL, NULL, NULL, 'Davis Islands loop', 'Overcast', 72, 5.9, 80, 67, NULL);
INSERT INTO run_segments (run_id, segment_order, segment_type, distance_miles, duration_seconds) VALUES ('629e304d-0f62-4bea-8fa1-6b68931e2d9e', 1, 'warmup', 0.48, 330);
INSERT INTO run_segments (run_id, segment_order, segment_type, distance_miles, duration_seconds) VALUES ('629e304d-0f62-4bea-8fa1-6b68931e2d9e', 2, 'tempo', 1.55, 962);
INSERT INTO run_segments (run_id, segment_order, segment_type, distance_miles, duration_seconds) VALUES ('629e304d-0f62-4bea-8fa1-6b68931e2d9e', 3, 'cooldown', 0.36, 259);
INSERT INTO runs (id, athlete_id, run_date, run_type, distance_miles, duration_seconds, effort_rpe, avg_cadence, avg_hr, max_hr, route, conditions, temperature_f, wind_mph, humidity_percent, dewpoint_f, notes) VALUES ('2b1ca889-de2f-4d64-853d-8be35aa13720', 'd1de806d-30ab-4190-aca5-04c57d7aef73', '2026-05-04', 'easy', 1.28, 834, 5, NULL, NULL, NULL, 'Riverwalk + bridges', 'Partly cloudy', 71, 9.1, 60, 67, NULL);
INSERT INTO run_segments (run_id, segment_order, segment_type, distance_miles, duration_seconds) VALUES ('2b1ca889-de2f-4d64-853d-8be35aa13720', 1, 'easy', 1.28, 834);
INSERT INTO runs (id, athlete_id, run_date, run_type, duration_seconds, effort_rpe, cross_train_activity, notes) VALUES ('dd60c743-b8b2-4742-95da-745564a318b3', 'd1de806d-30ab-4190-aca5-04c57d7aef73', '2026-05-05', 'cross_train', 3600, 5, 'elliptical', NULL);
INSERT INTO runs (id, athlete_id, run_date, run_type, distance_miles, duration_seconds, effort_rpe, avg_cadence, avg_hr, max_hr, route, conditions, temperature_f, wind_mph, humidity_percent, dewpoint_f, notes) VALUES ('f8979b8f-e028-4873-a685-a942d7d0de10', 'd1de806d-30ab-4190-aca5-04c57d7aef73', '2026-05-06', 'easy', 1.34, 937, 4, NULL, NULL, NULL, 'Al Lopez Park trails', 'Humid', 84, 4.6, 64, 79, NULL);
INSERT INTO run_segments (run_id, segment_order, segment_type, distance_miles, duration_seconds) VALUES ('f8979b8f-e028-4873-a685-a942d7d0de10', 1, 'easy', 1.34, 937);
INSERT INTO runs (id, athlete_id, run_date, run_type, distance_miles, duration_seconds, effort_rpe, avg_cadence, avg_hr, max_hr, route, conditions, temperature_f, wind_mph, humidity_percent, dewpoint_f, notes) VALUES ('c062ca30-3c94-43a2-99b2-5c41ecdb55f0', 'd1de806d-30ab-4190-aca5-04c57d7aef73', '2026-05-07', 'long', 3.46, 2457, 6, NULL, NULL, NULL, 'Hyde Park loop', 'Partly cloudy', 75, 2.0, 92, 71, NULL);
INSERT INTO run_segments (run_id, segment_order, segment_type, distance_miles, duration_seconds) VALUES ('c062ca30-3c94-43a2-99b2-5c41ecdb55f0', 1, 'easy', 3.46, 2457);
INSERT INTO runs (id, athlete_id, run_date, run_type, distance_miles, duration_seconds, effort_rpe, avg_cadence, avg_hr, max_hr, route, conditions, temperature_f, wind_mph, humidity_percent, dewpoint_f, notes) VALUES ('dc3fa187-ca9d-4c8b-a3a8-ae20000898fd', 'd1de806d-30ab-4190-aca5-04c57d7aef73', '2026-05-09', 'easy', 1.64, 1162, 4, NULL, NULL, NULL, 'Track at Plant HS', 'Overcast', 75, 11.2, 86, 66, NULL);
INSERT INTO run_segments (run_id, segment_order, segment_type, distance_miles, duration_seconds) VALUES ('dc3fa187-ca9d-4c8b-a3a8-ae20000898fd', 1, 'easy', 1.64, 1162);
INSERT INTO runs (id, athlete_id, run_date, run_type, distance_miles, duration_seconds, effort_rpe, avg_cadence, avg_hr, max_hr, route, conditions, temperature_f, wind_mph, humidity_percent, dewpoint_f, notes) VALUES ('bec3f868-3007-49a6-abeb-f9cc9ff094f5', 'd1de806d-30ab-4190-aca5-04c57d7aef73', '2026-05-10', 'tempo', 2.71, 1668, 7, NULL, NULL, NULL, 'Hyde Park loop', 'Overcast', 82, 9.7, 78, 74, NULL);
INSERT INTO run_segments (run_id, segment_order, segment_type, distance_miles, duration_seconds) VALUES ('bec3f868-3007-49a6-abeb-f9cc9ff094f5', 1, 'warmup', 0.54, 358);
INSERT INTO run_segments (run_id, segment_order, segment_type, distance_miles, duration_seconds) VALUES ('bec3f868-3007-49a6-abeb-f9cc9ff094f5', 2, 'tempo', 1.76, 1020);
INSERT INTO run_segments (run_id, segment_order, segment_type, distance_miles, duration_seconds) VALUES ('bec3f868-3007-49a6-abeb-f9cc9ff094f5', 3, 'cooldown', 0.41, 290);
INSERT INTO runs (id, athlete_id, run_date, run_type, distance_miles, duration_seconds, effort_rpe, avg_cadence, avg_hr, max_hr, route, conditions, temperature_f, wind_mph, humidity_percent, dewpoint_f, notes) VALUES ('bfdcf964-f324-452a-803a-93bc785177ac', 'd1de806d-30ab-4190-aca5-04c57d7aef73', '2026-05-11', 'easy', 1.58, 1105, 4, NULL, NULL, NULL, 'Davis Islands loop', 'Partly cloudy', 72, 11.3, 60, 68, NULL);
INSERT INTO run_segments (run_id, segment_order, segment_type, distance_miles, duration_seconds) VALUES ('bfdcf964-f324-452a-803a-93bc785177ac', 1, 'easy', 1.58, 1105);
INSERT INTO runs (id, athlete_id, run_date, run_type, duration_seconds, effort_rpe, cross_train_activity, notes) VALUES ('02718a0d-8c4b-404b-9f16-3d9c41e08cbe', 'd1de806d-30ab-4190-aca5-04c57d7aef73', '2026-05-12', 'cross_train', 2400, 3, 'swimming', NULL);
INSERT INTO runs (id, athlete_id, run_date, run_type, distance_miles, duration_seconds, effort_rpe, avg_cadence, avg_hr, max_hr, route, conditions, temperature_f, wind_mph, humidity_percent, dewpoint_f, notes) VALUES ('0c387368-a42e-4948-abe7-5a32ba83cdf0', 'd1de806d-30ab-4190-aca5-04c57d7aef73', '2026-05-13', 'easy', 1.65, 1149, 4, NULL, NULL, NULL, 'Curtis Hixon waterfront', 'Clear', 69, 9.1, 69, 64, NULL);
INSERT INTO run_segments (run_id, segment_order, segment_type, distance_miles, duration_seconds) VALUES ('0c387368-a42e-4948-abe7-5a32ba83cdf0', 1, 'easy', 1.65, 1149);
INSERT INTO runs (id, athlete_id, run_date, run_type, distance_miles, duration_seconds, effort_rpe, avg_cadence, avg_hr, max_hr, route, conditions, temperature_f, wind_mph, humidity_percent, dewpoint_f, notes) VALUES ('892d28db-45ea-4ba0-9a03-dfee45ee95aa', 'd1de806d-30ab-4190-aca5-04c57d7aef73', '2026-05-14', 'long', 4.3, 3059, 7, NULL, NULL, NULL, 'Hyde Park loop', 'Clear', 84, 8.4, 68, 74, NULL);
INSERT INTO run_segments (run_id, segment_order, segment_type, distance_miles, duration_seconds) VALUES ('892d28db-45ea-4ba0-9a03-dfee45ee95aa', 1, 'easy', 4.3, 3059);

INSERT INTO runs (id, athlete_id, run_date, run_type, distance_miles, duration_seconds, effort_rpe, avg_cadence, avg_hr, max_hr, route, conditions, temperature_f, wind_mph, humidity_percent, dewpoint_f, notes) VALUES ('798702e2-f998-4e3d-a2d4-76da90edcedc', '69c9fe99-0518-4fb4-be9e-d4d18f644668', '2026-04-18', 'easy', 2.5, 1423, 4, 187, 167, 187, 'Track at Plant HS', 'Partly cloudy', 82, 4.3, 77, 75, NULL);
INSERT INTO run_segments (run_id, segment_order, segment_type, distance_miles, duration_seconds) VALUES ('798702e2-f998-4e3d-a2d4-76da90edcedc', 1, 'easy', 2.5, 1423);
INSERT INTO runs (id, athlete_id, run_date, run_type, distance_miles, duration_seconds, effort_rpe, avg_cadence, avg_hr, max_hr, route, conditions, temperature_f, wind_mph, humidity_percent, dewpoint_f, notes) VALUES ('5ed53cbe-4328-4fb6-b9c1-b7b6627f5b5a', '69c9fe99-0518-4fb4-be9e-d4d18f644668', '2026-04-19', 'tempo', 4.94, 2492, 7, 181, 172, 192, 'Davis Islands loop', 'Clear', 82, 6.6, 79, 77, NULL);
INSERT INTO run_segments (run_id, segment_order, segment_type, distance_miles, duration_seconds) VALUES ('5ed53cbe-4328-4fb6-b9c1-b7b6627f5b5a', 1, 'warmup', 0.99, 543);
INSERT INTO run_segments (run_id, segment_order, segment_type, distance_miles, duration_seconds) VALUES ('5ed53cbe-4328-4fb6-b9c1-b7b6627f5b5a', 2, 'tempo', 3.21, 1508);
INSERT INTO run_segments (run_id, segment_order, segment_type, distance_miles, duration_seconds) VALUES ('5ed53cbe-4328-4fb6-b9c1-b7b6627f5b5a', 3, 'cooldown', 0.74, 441);
INSERT INTO runs (id, athlete_id, run_date, run_type, distance_miles, duration_seconds, effort_rpe, avg_cadence, avg_hr, max_hr, route, conditions, temperature_f, wind_mph, humidity_percent, dewpoint_f, notes) VALUES ('48d7894f-4480-454e-a229-e34e0dc766a2', '69c9fe99-0518-4fb4-be9e-d4d18f644668', '2026-04-20', 'easy', 3.52, 1881, 4, 184, 171, 186, 'Al Lopez Park trails', 'Humid', 76, 2.3, 71, 66, NULL);
INSERT INTO run_segments (run_id, segment_order, segment_type, distance_miles, duration_seconds) VALUES ('48d7894f-4480-454e-a229-e34e0dc766a2', 1, 'easy', 3.52, 1881);
INSERT INTO runs (id, athlete_id, run_date, run_type, duration_seconds, effort_rpe, cross_train_activity, notes) VALUES ('c4e91951-bfd7-40ba-8515-e796cab3a890', '69c9fe99-0518-4fb4-be9e-d4d18f644668', '2026-04-21', 'cross_train', 2100, 3, 'pool run', NULL);
INSERT INTO runs (id, athlete_id, run_date, run_type, distance_miles, duration_seconds, effort_rpe, avg_cadence, avg_hr, max_hr, route, conditions, temperature_f, wind_mph, humidity_percent, dewpoint_f, notes) VALUES ('18d35f6f-e8bd-4fb7-ad85-8cc7bdc17627', '69c9fe99-0518-4fb4-be9e-d4d18f644668', '2026-04-22', 'easy', 3.69, 1992, 3, 187, 167, 187, 'Hyde Park loop', 'Clear', 86, 11.2, 76, 81, NULL);
INSERT INTO run_segments (run_id, segment_order, segment_type, distance_miles, duration_seconds) VALUES ('18d35f6f-e8bd-4fb7-ad85-8cc7bdc17627', 1, 'easy', 3.69, 1992);
INSERT INTO runs (id, athlete_id, run_date, run_type, distance_miles, duration_seconds, effort_rpe, avg_cadence, avg_hr, max_hr, route, conditions, temperature_f, wind_mph, humidity_percent, dewpoint_f, notes) VALUES ('2384bdbe-5758-4dff-9ee4-c688e5f5f1da', '69c9fe99-0518-4fb4-be9e-d4d18f644668', '2026-04-23', 'long', 6.4, 3831, 5, 184, 156, 173, 'Neighborhood — easy', 'Partly cloudy', 80, 2.3, 91, 70, NULL);
INSERT INTO run_segments (run_id, segment_order, segment_type, distance_miles, duration_seconds) VALUES ('2384bdbe-5758-4dff-9ee4-c688e5f5f1da', 1, 'easy', 6.4, 3831);
INSERT INTO runs (id, athlete_id, run_date, run_type, distance_miles, duration_seconds, effort_rpe, avg_cadence, avg_hr, max_hr, route, conditions, temperature_f, wind_mph, humidity_percent, dewpoint_f, notes) VALUES ('51b4dd18-d6ba-4375-b23c-ebc10afe0cf9', '69c9fe99-0518-4fb4-be9e-d4d18f644668', '2026-04-25', 'easy', 3.93, 2151, 5, 183, 170, 191, 'Curtis Hixon waterfront', 'Humid', 69, 4.8, 65, 63, NULL);
INSERT INTO run_segments (run_id, segment_order, segment_type, distance_miles, duration_seconds) VALUES ('51b4dd18-d6ba-4375-b23c-ebc10afe0cf9', 1, 'easy', 3.93, 2151);
INSERT INTO runs (id, athlete_id, run_date, run_type, distance_miles, duration_seconds, effort_rpe, avg_cadence, avg_hr, max_hr, route, conditions, temperature_f, wind_mph, humidity_percent, dewpoint_f, notes) VALUES ('bde56e8a-d7e4-4f95-a3f7-068bfc35226a', '69c9fe99-0518-4fb4-be9e-d4d18f644668', '2026-04-26', 'tempo', 5.52, 2892, 8, 185, 170, 190, 'Track at Plant HS', 'Partly cloudy', 80, 3.8, 77, 71, NULL);
INSERT INTO run_segments (run_id, segment_order, segment_type, distance_miles, duration_seconds) VALUES ('bde56e8a-d7e4-4f95-a3f7-068bfc35226a', 1, 'warmup', 1.1, 598);
INSERT INTO run_segments (run_id, segment_order, segment_type, distance_miles, duration_seconds) VALUES ('bde56e8a-d7e4-4f95-a3f7-068bfc35226a', 2, 'tempo', 3.59, 1796);
INSERT INTO run_segments (run_id, segment_order, segment_type, distance_miles, duration_seconds) VALUES ('bde56e8a-d7e4-4f95-a3f7-068bfc35226a', 3, 'cooldown', 0.83, 498);
INSERT INTO runs (id, athlete_id, run_date, run_type, distance_miles, duration_seconds, effort_rpe, avg_cadence, avg_hr, max_hr, route, conditions, temperature_f, wind_mph, humidity_percent, dewpoint_f, notes) VALUES ('6bc50eba-0c6a-411c-af50-8b568da3e48b', '69c9fe99-0518-4fb4-be9e-d4d18f644668', '2026-04-27', 'easy', 3.77, 2105, 4, 186, 162, 181, 'Bayshore out & back', 'Partly cloudy', 75, 5.5, 84, 69, NULL);
INSERT INTO run_segments (run_id, segment_order, segment_type, distance_miles, duration_seconds) VALUES ('6bc50eba-0c6a-411c-af50-8b568da3e48b', 1, 'easy', 3.77, 2105);
INSERT INTO runs (id, athlete_id, run_date, run_type, duration_seconds, effort_rpe, cross_train_activity, notes) VALUES ('7782cf5f-1cfc-499a-a87d-473f0eb77bf2', '69c9fe99-0518-4fb4-be9e-d4d18f644668', '2026-04-28', 'cross_train', 2400, 3, 'elliptical', NULL);
INSERT INTO runs (id, athlete_id, run_date, run_type, distance_miles, duration_seconds, effort_rpe, avg_cadence, avg_hr, max_hr, route, conditions, temperature_f, wind_mph, humidity_percent, dewpoint_f, notes) VALUES ('3439298d-4217-4011-ac5c-7313b29838b6', '69c9fe99-0518-4fb4-be9e-d4d18f644668', '2026-04-29', 'easy', 3.02, 1703, 4, 184, 156, 172, 'Bayshore out & back', 'Clear', 75, 2.2, 74, 64, NULL);
INSERT INTO run_segments (run_id, segment_order, segment_type, distance_miles, duration_seconds) VALUES ('3439298d-4217-4011-ac5c-7313b29838b6', 1, 'easy', 3.02, 1703);
INSERT INTO runs (id, athlete_id, run_date, run_type, distance_miles, duration_seconds, effort_rpe, avg_cadence, avg_hr, max_hr, route, conditions, temperature_f, wind_mph, humidity_percent, dewpoint_f, notes) VALUES ('a843a204-da40-491a-857e-b758b219fafd', '69c9fe99-0518-4fb4-be9e-d4d18f644668', '2026-04-30', 'long', 7.37, 4482, 6, 182, 173, 190, 'Hyde Park loop', 'Humid', 84, 11.6, 83, 75, NULL);
INSERT INTO run_segments (run_id, segment_order, segment_type, distance_miles, duration_seconds) VALUES ('a843a204-da40-491a-857e-b758b219fafd', 1, 'easy', 7.37, 4482);
INSERT INTO runs (id, athlete_id, run_date, run_type, distance_miles, duration_seconds, effort_rpe, avg_cadence, avg_hr, max_hr, route, conditions, temperature_f, wind_mph, humidity_percent, dewpoint_f, notes) VALUES ('c357bd77-a414-47dd-819e-26b68b13939e', '69c9fe99-0518-4fb4-be9e-d4d18f644668', '2026-05-02', 'easy', 3.06, 1683, 4, 183, 160, 183, 'Track at Plant HS', 'Partly cloudy', 75, 5.8, 71, 67, NULL);
INSERT INTO run_segments (run_id, segment_order, segment_type, distance_miles, duration_seconds) VALUES ('c357bd77-a414-47dd-819e-26b68b13939e', 1, 'easy', 3.06, 1683);
INSERT INTO runs (id, athlete_id, run_date, run_type, distance_miles, duration_seconds, effort_rpe, avg_cadence, avg_hr, max_hr, route, conditions, temperature_f, wind_mph, humidity_percent, dewpoint_f, notes) VALUES ('691c4d73-9387-4b7f-a3b1-7810b9719d6a', '69c9fe99-0518-4fb4-be9e-d4d18f644668', '2026-05-03', 'tempo', 4.16, 2218, 7, 182, 175, 199, 'Hyde Park loop', 'Partly cloudy', 83, 5.3, 69, 78, NULL);
INSERT INTO run_segments (run_id, segment_order, segment_type, distance_miles, duration_seconds) VALUES ('691c4d73-9387-4b7f-a3b1-7810b9719d6a', 1, 'warmup', 0.83, 460);
INSERT INTO run_segments (run_id, segment_order, segment_type, distance_miles, duration_seconds) VALUES ('691c4d73-9387-4b7f-a3b1-7810b9719d6a', 2, 'tempo', 2.71, 1397);
INSERT INTO run_segments (run_id, segment_order, segment_type, distance_miles, duration_seconds) VALUES ('691c4d73-9387-4b7f-a3b1-7810b9719d6a', 3, 'cooldown', 0.62, 361);
INSERT INTO runs (id, athlete_id, run_date, run_type, distance_miles, duration_seconds, effort_rpe, avg_cadence, avg_hr, max_hr, route, conditions, temperature_f, wind_mph, humidity_percent, dewpoint_f, notes) VALUES ('9c5c4591-116f-41cf-bbef-758ba4e9ca4e', '69c9fe99-0518-4fb4-be9e-d4d18f644668', '2026-05-04', 'easy', 4.1, 2370, 4, 182, 157, 177, 'Al Lopez Park trails', 'Humid', 71, 2.5, 60, 60, NULL);
INSERT INTO run_segments (run_id, segment_order, segment_type, distance_miles, duration_seconds) VALUES ('9c5c4591-116f-41cf-bbef-758ba4e9ca4e', 1, 'easy', 4.1, 2370);
INSERT INTO runs (id, athlete_id, run_date, run_type, duration_seconds, effort_rpe, cross_train_activity, notes) VALUES ('c9cececb-3fcf-4717-bd49-7262e99bcec0', '69c9fe99-0518-4fb4-be9e-d4d18f644668', '2026-05-05', 'cross_train', 2700, 6, 'stretch + core', NULL);
INSERT INTO runs (id, athlete_id, run_date, run_type, distance_miles, duration_seconds, effort_rpe, avg_cadence, avg_hr, max_hr, route, conditions, temperature_f, wind_mph, humidity_percent, dewpoint_f, notes) VALUES ('2b2e5a33-0c28-43ea-b904-c1b92695dcbe', '69c9fe99-0518-4fb4-be9e-d4d18f644668', '2026-05-06', 'easy', 3.12, 1805, 4, 183, 155, 175, 'Al Lopez Park trails', 'Partly cloudy', 71, 5.4, 64, 61, NULL);
INSERT INTO run_segments (run_id, segment_order, segment_type, distance_miles, duration_seconds) VALUES ('2b2e5a33-0c28-43ea-b904-c1b92695dcbe', 1, 'easy', 3.12, 1805);
INSERT INTO runs (id, athlete_id, run_date, run_type, distance_miles, duration_seconds, effort_rpe, avg_cadence, avg_hr, max_hr, route, conditions, temperature_f, wind_mph, humidity_percent, dewpoint_f, notes) VALUES ('f1f44256-a6b7-4db5-b005-a2794956982a', '69c9fe99-0518-4fb4-be9e-d4d18f644668', '2026-05-07', 'long', 7.38, 4528, 6, 181, 168, 193, 'Riverwalk + bridges', 'Overcast', 87, 3.6, 87, 82, NULL);
INSERT INTO run_segments (run_id, segment_order, segment_type, distance_miles, duration_seconds) VALUES ('f1f44256-a6b7-4db5-b005-a2794956982a', 1, 'easy', 7.38, 4528);
INSERT INTO runs (id, athlete_id, run_date, run_type, distance_miles, duration_seconds, effort_rpe, avg_cadence, avg_hr, max_hr, route, conditions, temperature_f, wind_mph, humidity_percent, dewpoint_f, notes) VALUES ('4be0fb2c-3706-42a3-be0f-02a7bb6c7b07', '69c9fe99-0518-4fb4-be9e-d4d18f644668', '2026-05-09', 'easy', 2.87, 1639, 4, 181, 167, 191, 'Curtis Hixon waterfront', 'Clear', 72, 5.6, 63, 62, NULL);
INSERT INTO run_segments (run_id, segment_order, segment_type, distance_miles, duration_seconds) VALUES ('4be0fb2c-3706-42a3-be0f-02a7bb6c7b07', 1, 'easy', 2.87, 1639);
INSERT INTO runs (id, athlete_id, run_date, run_type, distance_miles, duration_seconds, effort_rpe, avg_cadence, avg_hr, max_hr, route, conditions, temperature_f, wind_mph, humidity_percent, dewpoint_f, notes) VALUES ('e3f5395a-30fa-4b18-87be-9ae6c9a20878', '69c9fe99-0518-4fb4-be9e-d4d18f644668', '2026-05-10', 'tempo', 5.37, 2834, 7, 186, 164, 180, 'Curtis Hixon waterfront', 'Humid', 71, 9.8, 79, 60, NULL);
INSERT INTO run_segments (run_id, segment_order, segment_type, distance_miles, duration_seconds) VALUES ('e3f5395a-30fa-4b18-87be-9ae6c9a20878', 1, 'warmup', 1.07, 613);
INSERT INTO run_segments (run_id, segment_order, segment_type, distance_miles, duration_seconds) VALUES ('e3f5395a-30fa-4b18-87be-9ae6c9a20878', 2, 'tempo', 3.49, 1750);
INSERT INTO run_segments (run_id, segment_order, segment_type, distance_miles, duration_seconds) VALUES ('e3f5395a-30fa-4b18-87be-9ae6c9a20878', 3, 'cooldown', 0.81, 471);
INSERT INTO runs (id, athlete_id, run_date, run_type, distance_miles, duration_seconds, effort_rpe, avg_cadence, avg_hr, max_hr, route, conditions, temperature_f, wind_mph, humidity_percent, dewpoint_f, notes) VALUES ('5aa5ddb8-862a-472d-aec4-85e2593f9a78', '69c9fe99-0518-4fb4-be9e-d4d18f644668', '2026-05-11', 'easy', 3.2, 1769, 5, 183, 169, 191, 'Al Lopez Park trails', 'Clear', 75, 7.6, 77, 69, NULL);
INSERT INTO run_segments (run_id, segment_order, segment_type, distance_miles, duration_seconds) VALUES ('5aa5ddb8-862a-472d-aec4-85e2593f9a78', 1, 'easy', 3.2, 1769);
INSERT INTO runs (id, athlete_id, run_date, run_type, duration_seconds, effort_rpe, cross_train_activity, notes) VALUES ('bd2e7cbf-072e-42dd-a2ff-c928acb586ba', '69c9fe99-0518-4fb4-be9e-d4d18f644668', '2026-05-12', 'cross_train', 3600, 6, 'elliptical', NULL);
INSERT INTO runs (id, athlete_id, run_date, run_type, distance_miles, duration_seconds, effort_rpe, avg_cadence, avg_hr, max_hr, route, conditions, temperature_f, wind_mph, humidity_percent, dewpoint_f, notes) VALUES ('fb96d902-19d3-4bf7-b794-5e623812c2ad', '69c9fe99-0518-4fb4-be9e-d4d18f644668', '2026-05-13', 'easy', 3.55, 1999, 5, 182, 170, 189, 'Hyde Park loop', 'Partly cloudy', 80, 7.0, 62, 68, NULL);
INSERT INTO run_segments (run_id, segment_order, segment_type, distance_miles, duration_seconds) VALUES ('fb96d902-19d3-4bf7-b794-5e623812c2ad', 1, 'easy', 3.55, 1999);
INSERT INTO runs (id, athlete_id, run_date, run_type, distance_miles, duration_seconds, effort_rpe, avg_cadence, avg_hr, max_hr, route, conditions, temperature_f, wind_mph, humidity_percent, dewpoint_f, notes) VALUES ('d43231f5-0b9d-425e-9ab6-6d568138765f', '69c9fe99-0518-4fb4-be9e-d4d18f644668', '2026-05-14', 'long', 7.97, 4548, 6, 184, 157, 182, 'Neighborhood — easy', 'Overcast', 74, 10.3, 69, 66, NULL);
INSERT INTO run_segments (run_id, segment_order, segment_type, distance_miles, duration_seconds) VALUES ('d43231f5-0b9d-425e-9ab6-6d568138765f', 1, 'easy', 7.97, 4548);

INSERT INTO runs (id, athlete_id, run_date, run_type, distance_miles, duration_seconds, effort_rpe, avg_cadence, avg_hr, max_hr, route, conditions, temperature_f, wind_mph, humidity_percent, dewpoint_f, notes) VALUES ('b0db65e3-f9a2-4ce6-84dc-5ef73d62cde5', '43864e1c-f550-4d10-9675-105f352c6c06', '2026-04-18', 'easy', 0.77, 552, 5, NULL, NULL, NULL, 'Curtis Hixon waterfront', 'Partly cloudy', 68, 3.1, 86, 62, NULL);
INSERT INTO run_segments (run_id, segment_order, segment_type, distance_miles, duration_seconds) VALUES ('b0db65e3-f9a2-4ce6-84dc-5ef73d62cde5', 1, 'easy', 0.77, 552);
INSERT INTO runs (id, athlete_id, run_date, run_type, distance_miles, duration_seconds, effort_rpe, avg_cadence, avg_hr, max_hr, route, conditions, temperature_f, wind_mph, humidity_percent, dewpoint_f, notes) VALUES ('1ae39ca7-8d7e-408b-819a-de4b9e5355d9', '43864e1c-f550-4d10-9675-105f352c6c06', '2026-04-19', 'tempo', 0.99, 741, 8, NULL, NULL, NULL, 'Track at Plant HS', 'Humid', 81, 5.8, 76, 70, NULL);
INSERT INTO run_segments (run_id, segment_order, segment_type, distance_miles, duration_seconds) VALUES ('1ae39ca7-8d7e-408b-819a-de4b9e5355d9', 1, 'warmup', 0.2, 145);
INSERT INTO run_segments (run_id, segment_order, segment_type, distance_miles, duration_seconds) VALUES ('1ae39ca7-8d7e-408b-819a-de4b9e5355d9', 2, 'tempo', 0.64, 481);
INSERT INTO run_segments (run_id, segment_order, segment_type, distance_miles, duration_seconds) VALUES ('1ae39ca7-8d7e-408b-819a-de4b9e5355d9', 3, 'cooldown', 0.15, 115);
INSERT INTO runs (id, athlete_id, run_date, run_type, distance_miles, duration_seconds, effort_rpe, avg_cadence, avg_hr, max_hr, route, conditions, temperature_f, wind_mph, humidity_percent, dewpoint_f, notes) VALUES ('6b6f7aae-f1aa-40d7-84c0-c9f575592b62', '43864e1c-f550-4d10-9675-105f352c6c06', '2026-04-20', 'easy', 0.67, 512, 3, NULL, NULL, NULL, 'Curtis Hixon waterfront', 'Overcast', 76, 2.2, 83, 68, NULL);
INSERT INTO run_segments (run_id, segment_order, segment_type, distance_miles, duration_seconds) VALUES ('6b6f7aae-f1aa-40d7-84c0-c9f575592b62', 1, 'easy', 0.67, 512);
INSERT INTO runs (id, athlete_id, run_date, run_type, duration_seconds, effort_rpe, cross_train_activity, notes) VALUES ('21e91932-6220-4be7-b02b-1aca44a84506', '43864e1c-f550-4d10-9675-105f352c6c06', '2026-04-21', 'cross_train', 1800, 4, 'stretch + core', NULL);
INSERT INTO runs (id, athlete_id, run_date, run_type, distance_miles, duration_seconds, effort_rpe, avg_cadence, avg_hr, max_hr, route, conditions, temperature_f, wind_mph, humidity_percent, dewpoint_f, notes) VALUES ('17a872f3-89c3-43ef-9826-468edeaf4b0b', '43864e1c-f550-4d10-9675-105f352c6c06', '2026-04-22', 'easy', 0.79, 589, 4, NULL, NULL, NULL, 'Hyde Park loop', 'Humid', 74, 4.1, 88, 64, NULL);
INSERT INTO run_segments (run_id, segment_order, segment_type, distance_miles, duration_seconds) VALUES ('17a872f3-89c3-43ef-9826-468edeaf4b0b', 1, 'easy', 0.79, 589);
INSERT INTO runs (id, athlete_id, run_date, run_type, distance_miles, duration_seconds, effort_rpe, avg_cadence, avg_hr, max_hr, route, conditions, temperature_f, wind_mph, humidity_percent, dewpoint_f, notes) VALUES ('b9ece594-e27c-4b9f-89a9-781baefdc07c', '43864e1c-f550-4d10-9675-105f352c6c06', '2026-04-23', 'long', 1.55, 1248, 5, NULL, NULL, NULL, 'Bayshore out & back', 'Clear', 73, 10.8, 72, 66, NULL);
INSERT INTO run_segments (run_id, segment_order, segment_type, distance_miles, duration_seconds) VALUES ('b9ece594-e27c-4b9f-89a9-781baefdc07c', 1, 'easy', 1.55, 1248);
INSERT INTO runs (id, athlete_id, run_date, run_type, distance_miles, duration_seconds, effort_rpe, avg_cadence, avg_hr, max_hr, route, conditions, temperature_f, wind_mph, humidity_percent, dewpoint_f, notes) VALUES ('132487ae-1429-47b4-9889-8d0ac0a5f1b9', '43864e1c-f550-4d10-9675-105f352c6c06', '2026-04-25', 'easy', 0.7, 547, 4, NULL, NULL, NULL, 'Neighborhood — easy', 'Overcast', 88, 8.8, 67, 81, NULL);
INSERT INTO run_segments (run_id, segment_order, segment_type, distance_miles, duration_seconds) VALUES ('132487ae-1429-47b4-9889-8d0ac0a5f1b9', 1, 'easy', 0.7, 547);
INSERT INTO runs (id, athlete_id, run_date, run_type, distance_miles, duration_seconds, effort_rpe, avg_cadence, avg_hr, max_hr, route, conditions, temperature_f, wind_mph, humidity_percent, dewpoint_f, notes) VALUES ('561edd7c-3e72-4c47-8c08-c618e1f266da', '43864e1c-f550-4d10-9675-105f352c6c06', '2026-04-26', 'tempo', 1.06, 793, 7, NULL, NULL, NULL, 'Hyde Park loop', 'Partly cloudy', 77, 5.9, 61, 71, NULL);
INSERT INTO run_segments (run_id, segment_order, segment_type, distance_miles, duration_seconds) VALUES ('561edd7c-3e72-4c47-8c08-c618e1f266da', 1, 'warmup', 0.21, 160);
INSERT INTO run_segments (run_id, segment_order, segment_type, distance_miles, duration_seconds) VALUES ('561edd7c-3e72-4c47-8c08-c618e1f266da', 2, 'tempo', 0.69, 508);
INSERT INTO run_segments (run_id, segment_order, segment_type, distance_miles, duration_seconds) VALUES ('561edd7c-3e72-4c47-8c08-c618e1f266da', 3, 'cooldown', 0.16, 125);
INSERT INTO runs (id, athlete_id, run_date, run_type, distance_miles, duration_seconds, effort_rpe, avg_cadence, avg_hr, max_hr, route, conditions, temperature_f, wind_mph, humidity_percent, dewpoint_f, notes) VALUES ('c5cf1064-c35f-406c-838f-5c0d894e1430', '43864e1c-f550-4d10-9675-105f352c6c06', '2026-04-27', 'easy', 0.63, 468, 3, NULL, NULL, NULL, 'Riverwalk + bridges', 'Overcast', 87, 4.2, 60, 79, NULL);
INSERT INTO run_segments (run_id, segment_order, segment_type, distance_miles, duration_seconds) VALUES ('c5cf1064-c35f-406c-838f-5c0d894e1430', 1, 'easy', 0.63, 468);
INSERT INTO runs (id, athlete_id, run_date, run_type, duration_seconds, effort_rpe, cross_train_activity, notes) VALUES ('a2f52bee-dc8a-41f4-bca7-13dc8a045348', '43864e1c-f550-4d10-9675-105f352c6c06', '2026-04-28', 'cross_train', 2400, 6, 'stretch + core', NULL);
INSERT INTO runs (id, athlete_id, run_date, run_type, distance_miles, duration_seconds, effort_rpe, avg_cadence, avg_hr, max_hr, route, conditions, temperature_f, wind_mph, humidity_percent, dewpoint_f, notes) VALUES ('83fa7cc9-bfce-42ce-87d1-3e49c04b999d', '43864e1c-f550-4d10-9675-105f352c6c06', '2026-04-29', 'easy', 0.7, 534, 5, NULL, NULL, NULL, 'Al Lopez Park trails', 'Overcast', 77, 6.8, 66, 68, NULL);
INSERT INTO run_segments (run_id, segment_order, segment_type, distance_miles, duration_seconds) VALUES ('83fa7cc9-bfce-42ce-87d1-3e49c04b999d', 1, 'easy', 0.7, 534);
INSERT INTO runs (id, athlete_id, run_date, run_type, distance_miles, duration_seconds, effort_rpe, avg_cadence, avg_hr, max_hr, route, conditions, temperature_f, wind_mph, humidity_percent, dewpoint_f, notes) VALUES ('8cab1173-4714-4a6c-8746-d072053f8c3d', '43864e1c-f550-4d10-9675-105f352c6c06', '2026-04-30', 'long', 1.73, 1317, 6, NULL, NULL, NULL, 'Neighborhood — easy', 'Overcast', 78, 9.2, 68, 67, NULL);
INSERT INTO run_segments (run_id, segment_order, segment_type, distance_miles, duration_seconds) VALUES ('8cab1173-4714-4a6c-8746-d072053f8c3d', 1, 'easy', 1.73, 1317);
INSERT INTO runs (id, athlete_id, run_date, run_type, distance_miles, duration_seconds, effort_rpe, avg_cadence, avg_hr, max_hr, route, conditions, temperature_f, wind_mph, humidity_percent, dewpoint_f, notes) VALUES ('d137da16-73b6-4ced-aefa-3e63fe3e76c4', '43864e1c-f550-4d10-9675-105f352c6c06', '2026-05-02', 'easy', 0.77, 571, 3, NULL, NULL, NULL, 'Curtis Hixon waterfront', 'Partly cloudy', 79, 5.0, 92, 73, NULL);
INSERT INTO run_segments (run_id, segment_order, segment_type, distance_miles, duration_seconds) VALUES ('d137da16-73b6-4ced-aefa-3e63fe3e76c4', 1, 'easy', 0.77, 571);
INSERT INTO runs (id, athlete_id, run_date, run_type, distance_miles, duration_seconds, effort_rpe, avg_cadence, avg_hr, max_hr, route, conditions, temperature_f, wind_mph, humidity_percent, dewpoint_f, notes) VALUES ('c7f561fa-9293-493a-a2da-14b17535b391', '43864e1c-f550-4d10-9675-105f352c6c06', '2026-05-03', 'tempo', 1.19, 871, 8, NULL, NULL, NULL, 'Track at Plant HS', 'Overcast', 75, 6.2, 79, 66, NULL);
INSERT INTO run_segments (run_id, segment_order, segment_type, distance_miles, duration_seconds) VALUES ('c7f561fa-9293-493a-a2da-14b17535b391', 1, 'warmup', 0.24, 177);
INSERT INTO run_segments (run_id, segment_order, segment_type, distance_miles, duration_seconds) VALUES ('c7f561fa-9293-493a-a2da-14b17535b391', 2, 'tempo', 0.77, 556);
INSERT INTO run_segments (run_id, segment_order, segment_type, distance_miles, duration_seconds) VALUES ('c7f561fa-9293-493a-a2da-14b17535b391', 3, 'cooldown', 0.18, 138);
INSERT INTO runs (id, athlete_id, run_date, run_type, distance_miles, duration_seconds, effort_rpe, avg_cadence, avg_hr, max_hr, route, conditions, temperature_f, wind_mph, humidity_percent, dewpoint_f, notes) VALUES ('9c8ee425-5bb1-40be-9d99-01a1ad3d4bb3', '43864e1c-f550-4d10-9675-105f352c6c06', '2026-05-04', 'easy', 0.79, 614, 3, NULL, NULL, NULL, 'Neighborhood — easy', 'Partly cloudy', 84, 6.1, 79, 78, NULL);
INSERT INTO run_segments (run_id, segment_order, segment_type, distance_miles, duration_seconds) VALUES ('9c8ee425-5bb1-40be-9d99-01a1ad3d4bb3', 1, 'easy', 0.79, 614);
INSERT INTO runs (id, athlete_id, run_date, run_type, duration_seconds, effort_rpe, cross_train_activity, notes) VALUES ('5d91f778-0854-4f84-8bf9-61fc375cd7fb', '43864e1c-f550-4d10-9675-105f352c6c06', '2026-05-05', 'cross_train', 2700, 6, 'elliptical', NULL);
INSERT INTO runs (id, athlete_id, run_date, run_type, distance_miles, duration_seconds, effort_rpe, avg_cadence, avg_hr, max_hr, route, conditions, temperature_f, wind_mph, humidity_percent, dewpoint_f, notes) VALUES ('bab1c4c2-bdcd-4407-929e-e00db07a73f5', '43864e1c-f550-4d10-9675-105f352c6c06', '2026-05-06', 'easy', 0.95, 690, 3, NULL, NULL, NULL, 'Bayshore out & back', 'Partly cloudy', 68, 4.7, 88, 62, NULL);
INSERT INTO run_segments (run_id, segment_order, segment_type, distance_miles, duration_seconds) VALUES ('bab1c4c2-bdcd-4407-929e-e00db07a73f5', 1, 'easy', 0.95, 690);
INSERT INTO runs (id, athlete_id, run_date, run_type, distance_miles, duration_seconds, effort_rpe, avg_cadence, avg_hr, max_hr, route, conditions, temperature_f, wind_mph, humidity_percent, dewpoint_f, notes) VALUES ('e105ec7a-387d-4831-9a49-800854563124', '43864e1c-f550-4d10-9675-105f352c6c06', '2026-05-07', 'long', 1.89, 1413, 7, NULL, NULL, NULL, 'Neighborhood — easy', 'Clear', 68, 7.3, 62, 59, NULL);
INSERT INTO run_segments (run_id, segment_order, segment_type, distance_miles, duration_seconds) VALUES ('e105ec7a-387d-4831-9a49-800854563124', 1, 'easy', 1.89, 1413);
INSERT INTO runs (id, athlete_id, run_date, run_type, distance_miles, duration_seconds, effort_rpe, avg_cadence, avg_hr, max_hr, route, conditions, temperature_f, wind_mph, humidity_percent, dewpoint_f, notes) VALUES ('642255fc-f110-4520-bb21-e41a92bfc58d', '43864e1c-f550-4d10-9675-105f352c6c06', '2026-05-09', 'easy', 1.01, 760, 3, NULL, NULL, NULL, 'Track at Plant HS', 'Overcast', 77, 3.0, 68, 65, NULL);
INSERT INTO run_segments (run_id, segment_order, segment_type, distance_miles, duration_seconds) VALUES ('642255fc-f110-4520-bb21-e41a92bfc58d', 1, 'easy', 1.01, 760);
INSERT INTO runs (id, athlete_id, run_date, run_type, distance_miles, duration_seconds, effort_rpe, avg_cadence, avg_hr, max_hr, route, conditions, temperature_f, wind_mph, humidity_percent, dewpoint_f, notes) VALUES ('b1c363b3-d515-48d3-8aab-c36edacbe90d', '43864e1c-f550-4d10-9675-105f352c6c06', '2026-05-10', 'tempo', 1.49, 1044, 8, NULL, NULL, NULL, 'Riverwalk + bridges', 'Partly cloudy', 78, 5.6, 91, 71, NULL);
INSERT INTO run_segments (run_id, segment_order, segment_type, distance_miles, duration_seconds) VALUES ('b1c363b3-d515-48d3-8aab-c36edacbe90d', 1, 'warmup', 0.3, 231);
INSERT INTO run_segments (run_id, segment_order, segment_type, distance_miles, duration_seconds) VALUES ('b1c363b3-d515-48d3-8aab-c36edacbe90d', 2, 'tempo', 0.97, 638);
INSERT INTO run_segments (run_id, segment_order, segment_type, distance_miles, duration_seconds) VALUES ('b1c363b3-d515-48d3-8aab-c36edacbe90d', 3, 'cooldown', 0.22, 175);
INSERT INTO runs (id, athlete_id, run_date, run_type, distance_miles, duration_seconds, effort_rpe, avg_cadence, avg_hr, max_hr, route, conditions, temperature_f, wind_mph, humidity_percent, dewpoint_f, notes) VALUES ('d9e4991f-a57d-4edb-91b5-952fc0a9acdc', '43864e1c-f550-4d10-9675-105f352c6c06', '2026-05-11', 'easy', 0.78, 598, 4, NULL, NULL, NULL, 'Riverwalk + bridges', 'Humid', 71, 9.1, 83, 67, NULL);
INSERT INTO run_segments (run_id, segment_order, segment_type, distance_miles, duration_seconds) VALUES ('d9e4991f-a57d-4edb-91b5-952fc0a9acdc', 1, 'easy', 0.78, 598);
INSERT INTO runs (id, athlete_id, run_date, run_type, duration_seconds, effort_rpe, cross_train_activity, notes) VALUES ('b9b75f82-7985-4272-b5cd-56225b71d427', '43864e1c-f550-4d10-9675-105f352c6c06', '2026-05-12', 'cross_train', 3600, 3, 'elliptical', NULL);
INSERT INTO runs (id, athlete_id, run_date, run_type, distance_miles, duration_seconds, effort_rpe, avg_cadence, avg_hr, max_hr, route, conditions, temperature_f, wind_mph, humidity_percent, dewpoint_f, notes) VALUES ('07c6603c-7c24-4958-9b81-c9f0c6b2c674', '43864e1c-f550-4d10-9675-105f352c6c06', '2026-05-13', 'easy', 0.7, 504, 3, NULL, NULL, NULL, 'Curtis Hixon waterfront', 'Partly cloudy', 80, 7.5, 67, 69, NULL);
INSERT INTO run_segments (run_id, segment_order, segment_type, distance_miles, duration_seconds) VALUES ('07c6603c-7c24-4958-9b81-c9f0c6b2c674', 1, 'easy', 0.7, 504);
INSERT INTO runs (id, athlete_id, run_date, run_type, distance_miles, duration_seconds, effort_rpe, avg_cadence, avg_hr, max_hr, route, conditions, temperature_f, wind_mph, humidity_percent, dewpoint_f, notes) VALUES ('4275138d-a4e9-45c2-890e-ae1de73b3861', '43864e1c-f550-4d10-9675-105f352c6c06', '2026-05-14', 'long', 2.07, 1535, 5, NULL, NULL, NULL, 'Riverwalk + bridges', 'Overcast', 81, 7.1, 66, 76, NULL);
INSERT INTO run_segments (run_id, segment_order, segment_type, distance_miles, duration_seconds) VALUES ('4275138d-a4e9-45c2-890e-ae1de73b3861', 1, 'easy', 2.07, 1535);

INSERT INTO runs (id, athlete_id, run_date, run_type, distance_miles, duration_seconds, effort_rpe, avg_cadence, avg_hr, max_hr, route, conditions, temperature_f, wind_mph, humidity_percent, dewpoint_f, notes) VALUES ('ddae9aa0-e411-4e77-a8e8-ff8cc1889ac2', '95f00a2e-5295-4ef5-8072-b27a3e7bdbe0', '2026-04-18', 'easy', 2.18, 1216, 4, 182, 168, 187, 'Riverwalk + bridges', 'Overcast', 69, 11.1, 91, 58, NULL);
INSERT INTO run_segments (run_id, segment_order, segment_type, distance_miles, duration_seconds) VALUES ('ddae9aa0-e411-4e77-a8e8-ff8cc1889ac2', 1, 'easy', 2.18, 1216);
INSERT INTO runs (id, athlete_id, run_date, run_type, distance_miles, duration_seconds, effort_rpe, avg_cadence, avg_hr, max_hr, route, conditions, temperature_f, wind_mph, humidity_percent, dewpoint_f, notes) VALUES ('d4e3189b-0f75-4239-821f-4f44143e4da0', '95f00a2e-5295-4ef5-8072-b27a3e7bdbe0', '2026-04-19', 'tempo', 3.42, 1754, 7, 177, 158, 177, 'Davis Islands loop', 'Clear', 82, 4.6, 78, 78, NULL);
INSERT INTO run_segments (run_id, segment_order, segment_type, distance_miles, duration_seconds) VALUES ('d4e3189b-0f75-4239-821f-4f44143e4da0', 1, 'warmup', 0.68, 398);
INSERT INTO run_segments (run_id, segment_order, segment_type, distance_miles, duration_seconds) VALUES ('d4e3189b-0f75-4239-821f-4f44143e4da0', 2, 'tempo', 2.23, 1041);
INSERT INTO run_segments (run_id, segment_order, segment_type, distance_miles, duration_seconds) VALUES ('d4e3189b-0f75-4239-821f-4f44143e4da0', 3, 'cooldown', 0.51, 315);
INSERT INTO runs (id, athlete_id, run_date, run_type, distance_miles, duration_seconds, effort_rpe, avg_cadence, avg_hr, max_hr, route, conditions, temperature_f, wind_mph, humidity_percent, dewpoint_f, notes) VALUES ('a47ece58-f96e-44b1-b0d0-b1f534559835', '95f00a2e-5295-4ef5-8072-b27a3e7bdbe0', '2026-04-20', 'easy', 2.53, 1480, 5, 183, 159, 184, 'Riverwalk + bridges', 'Clear', 78, 10.9, 82, 70, NULL);
INSERT INTO run_segments (run_id, segment_order, segment_type, distance_miles, duration_seconds) VALUES ('a47ece58-f96e-44b1-b0d0-b1f534559835', 1, 'easy', 2.53, 1480);
INSERT INTO runs (id, athlete_id, run_date, run_type, duration_seconds, effort_rpe, cross_train_activity, notes) VALUES ('ca302587-78b3-4b13-9171-1b04755f522f', '95f00a2e-5295-4ef5-8072-b27a3e7bdbe0', '2026-04-21', 'cross_train', 2100, 3, 'elliptical', NULL);
INSERT INTO runs (id, athlete_id, run_date, run_type, distance_miles, duration_seconds, effort_rpe, avg_cadence, avg_hr, max_hr, route, conditions, temperature_f, wind_mph, humidity_percent, dewpoint_f, notes) VALUES ('a9dad237-e77f-4e3a-915d-9851364c03d4', '95f00a2e-5295-4ef5-8072-b27a3e7bdbe0', '2026-04-22', 'easy', 3.35, 1882, 5, 178, 156, 173, 'Hyde Park loop', 'Partly cloudy', 81, 10.0, 90, 70, NULL);
INSERT INTO run_segments (run_id, segment_order, segment_type, distance_miles, duration_seconds) VALUES ('a9dad237-e77f-4e3a-915d-9851364c03d4', 1, 'easy', 3.35, 1882);
INSERT INTO runs (id, athlete_id, run_date, run_type, distance_miles, duration_seconds, effort_rpe, avg_cadence, avg_hr, max_hr, route, conditions, temperature_f, wind_mph, humidity_percent, dewpoint_f, notes) VALUES ('5a617b10-ef85-430b-8718-3666ce303b3f', '95f00a2e-5295-4ef5-8072-b27a3e7bdbe0', '2026-04-23', 'long', 6.42, 3927, 7, 180, 156, 172, 'Al Lopez Park trails', 'Partly cloudy', 88, 2.1, 80, 76, NULL);
INSERT INTO run_segments (run_id, segment_order, segment_type, distance_miles, duration_seconds) VALUES ('5a617b10-ef85-430b-8718-3666ce303b3f', 1, 'easy', 6.42, 3927);
INSERT INTO runs (id, athlete_id, run_date, run_type, distance_miles, duration_seconds, effort_rpe, avg_cadence, avg_hr, max_hr, route, conditions, temperature_f, wind_mph, humidity_percent, dewpoint_f, notes) VALUES ('0f222b0e-3392-4672-8374-0a45360568a9', '95f00a2e-5295-4ef5-8072-b27a3e7bdbe0', '2026-04-25', 'easy', 3.1, 1754, 3, 179, 175, 196, 'Riverwalk + bridges', 'Humid', 85, 2.1, 63, 79, NULL);
INSERT INTO run_segments (run_id, segment_order, segment_type, distance_miles, duration_seconds) VALUES ('0f222b0e-3392-4672-8374-0a45360568a9', 1, 'easy', 3.1, 1754);
INSERT INTO runs (id, athlete_id, run_date, run_type, distance_miles, duration_seconds, effort_rpe, avg_cadence, avg_hr, max_hr, route, conditions, temperature_f, wind_mph, humidity_percent, dewpoint_f, notes) VALUES ('5d8137be-daf4-4790-b03f-faec91cd57a3', '95f00a2e-5295-4ef5-8072-b27a3e7bdbe0', '2026-04-26', 'tempo', 4.81, 2464, 7, 177, 171, 189, 'Neighborhood — easy', 'Humid', 80, 2.8, 75, 69, NULL);
INSERT INTO run_segments (run_id, segment_order, segment_type, distance_miles, duration_seconds) VALUES ('5d8137be-daf4-4790-b03f-faec91cd57a3', 1, 'warmup', 0.96, 538);
INSERT INTO run_segments (run_id, segment_order, segment_type, distance_miles, duration_seconds) VALUES ('5d8137be-daf4-4790-b03f-faec91cd57a3', 2, 'tempo', 3.13, 1491);
INSERT INTO run_segments (run_id, segment_order, segment_type, distance_miles, duration_seconds) VALUES ('5d8137be-daf4-4790-b03f-faec91cd57a3', 3, 'cooldown', 0.72, 435);
INSERT INTO runs (id, athlete_id, run_date, run_type, distance_miles, duration_seconds, effort_rpe, avg_cadence, avg_hr, max_hr, route, conditions, temperature_f, wind_mph, humidity_percent, dewpoint_f, notes) VALUES ('af12fa35-fec7-4a8d-8be4-6b66d6300886', '95f00a2e-5295-4ef5-8072-b27a3e7bdbe0', '2026-04-27', 'easy', 3.54, 2085, 3, 181, 172, 187, 'Hyde Park loop', 'Partly cloudy', 87, 10.9, 79, 75, NULL);
INSERT INTO run_segments (run_id, segment_order, segment_type, distance_miles, duration_seconds) VALUES ('af12fa35-fec7-4a8d-8be4-6b66d6300886', 1, 'easy', 3.54, 2085);
INSERT INTO runs (id, athlete_id, run_date, run_type, duration_seconds, effort_rpe, cross_train_activity, notes) VALUES ('db72ab83-6fcc-49cd-9e9e-782dfa89fae2', '95f00a2e-5295-4ef5-8072-b27a3e7bdbe0', '2026-04-28', 'cross_train', 2400, 5, 'stretch + core', NULL);
INSERT INTO runs (id, athlete_id, run_date, run_type, distance_miles, duration_seconds, effort_rpe, avg_cadence, avg_hr, max_hr, route, conditions, temperature_f, wind_mph, humidity_percent, dewpoint_f, notes) VALUES ('a3640854-584d-4952-a616-cce730808ed8', '95f00a2e-5295-4ef5-8072-b27a3e7bdbe0', '2026-04-29', 'easy', 3.31, 1969, 4, 180, 158, 174, 'Davis Islands loop', 'Overcast', 68, 5.6, 81, 60, NULL);
INSERT INTO run_segments (run_id, segment_order, segment_type, distance_miles, duration_seconds) VALUES ('a3640854-584d-4952-a616-cce730808ed8', 1, 'easy', 3.31, 1969);
INSERT INTO runs (id, athlete_id, run_date, run_type, distance_miles, duration_seconds, effort_rpe, avg_cadence, avg_hr, max_hr, route, conditions, temperature_f, wind_mph, humidity_percent, dewpoint_f, notes) VALUES ('df3993e3-039b-4ff8-bcf3-ac426b64c5db', '95f00a2e-5295-4ef5-8072-b27a3e7bdbe0', '2026-04-30', 'long', 5.44, 3181, 7, 178, 161, 177, 'Neighborhood — easy', 'Overcast', 74, 10.2, 89, 67, NULL);
INSERT INTO run_segments (run_id, segment_order, segment_type, distance_miles, duration_seconds) VALUES ('df3993e3-039b-4ff8-bcf3-ac426b64c5db', 1, 'easy', 5.44, 3181);
INSERT INTO runs (id, athlete_id, run_date, run_type, distance_miles, duration_seconds, effort_rpe, avg_cadence, avg_hr, max_hr, route, conditions, temperature_f, wind_mph, humidity_percent, dewpoint_f, notes) VALUES ('adb1ccbc-5ce1-4d50-b37c-7d4998929f80', '95f00a2e-5295-4ef5-8072-b27a3e7bdbe0', '2026-05-02', 'easy', 2.87, 1721, 3, 177, 171, 186, 'Neighborhood — easy', 'Partly cloudy', 86, 11.2, 90, 80, NULL);
INSERT INTO run_segments (run_id, segment_order, segment_type, distance_miles, duration_seconds) VALUES ('adb1ccbc-5ce1-4d50-b37c-7d4998929f80', 1, 'easy', 2.87, 1721);
INSERT INTO runs (id, athlete_id, run_date, run_type, distance_miles, duration_seconds, effort_rpe, avg_cadence, avg_hr, max_hr, route, conditions, temperature_f, wind_mph, humidity_percent, dewpoint_f, notes) VALUES ('d100de5d-2730-4764-a3fb-b4595baa5773', '95f00a2e-5295-4ef5-8072-b27a3e7bdbe0', '2026-05-03', 'tempo', 3.94, 2084, 7, 180, 165, 184, 'Curtis Hixon waterfront', 'Overcast', 72, 6.1, 68, 60, NULL);
INSERT INTO run_segments (run_id, segment_order, segment_type, distance_miles, duration_seconds) VALUES ('d100de5d-2730-4764-a3fb-b4595baa5773', 1, 'warmup', 0.79, 463);
INSERT INTO run_segments (run_id, segment_order, segment_type, distance_miles, duration_seconds) VALUES ('d100de5d-2730-4764-a3fb-b4595baa5773', 2, 'tempo', 2.56, 1264);
INSERT INTO run_segments (run_id, segment_order, segment_type, distance_miles, duration_seconds) VALUES ('d100de5d-2730-4764-a3fb-b4595baa5773', 3, 'cooldown', 0.59, 357);
INSERT INTO runs (id, athlete_id, run_date, run_type, distance_miles, duration_seconds, effort_rpe, avg_cadence, avg_hr, max_hr, route, conditions, temperature_f, wind_mph, humidity_percent, dewpoint_f, notes) VALUES ('364a2b9e-9e06-4635-9bca-8761914a63fe', '95f00a2e-5295-4ef5-8072-b27a3e7bdbe0', '2026-05-04', 'easy', 3.35, 1937, 4, 179, 159, 184, 'Riverwalk + bridges', 'Humid', 84, 9.1, 80, 75, NULL);
INSERT INTO run_segments (run_id, segment_order, segment_type, distance_miles, duration_seconds) VALUES ('364a2b9e-9e06-4635-9bca-8761914a63fe', 1, 'easy', 3.35, 1937);
INSERT INTO runs (id, athlete_id, run_date, run_type, duration_seconds, effort_rpe, cross_train_activity, notes) VALUES ('d394b6b1-d8fe-4658-90c6-0f05873b1626', '95f00a2e-5295-4ef5-8072-b27a3e7bdbe0', '2026-05-05', 'cross_train', 3600, 5, 'stretch + core', NULL);
INSERT INTO runs (id, athlete_id, run_date, run_type, distance_miles, duration_seconds, effort_rpe, avg_cadence, avg_hr, max_hr, route, conditions, temperature_f, wind_mph, humidity_percent, dewpoint_f, notes) VALUES ('5520f9b0-641a-4e66-b30d-e5f638272bad', '95f00a2e-5295-4ef5-8072-b27a3e7bdbe0', '2026-05-06', 'easy', 2.88, 1575, 3, 182, 156, 174, 'Al Lopez Park trails', 'Clear', 73, 8.8, 78, 67, NULL);
INSERT INTO run_segments (run_id, segment_order, segment_type, distance_miles, duration_seconds) VALUES ('5520f9b0-641a-4e66-b30d-e5f638272bad', 1, 'easy', 2.88, 1575);
INSERT INTO runs (id, athlete_id, run_date, run_type, distance_miles, duration_seconds, effort_rpe, avg_cadence, avg_hr, max_hr, route, conditions, temperature_f, wind_mph, humidity_percent, dewpoint_f, notes) VALUES ('260eb2e5-4ff8-47fb-bd4e-9d96c5b220b1', '95f00a2e-5295-4ef5-8072-b27a3e7bdbe0', '2026-05-07', 'long', 6.18, 3834, 6, 183, 172, 190, 'Neighborhood — easy', 'Clear', 75, 9.8, 92, 67, NULL);
INSERT INTO run_segments (run_id, segment_order, segment_type, distance_miles, duration_seconds) VALUES ('260eb2e5-4ff8-47fb-bd4e-9d96c5b220b1', 1, 'easy', 6.18, 3834);
INSERT INTO runs (id, athlete_id, run_date, run_type, distance_miles, duration_seconds, effort_rpe, avg_cadence, avg_hr, max_hr, route, conditions, temperature_f, wind_mph, humidity_percent, dewpoint_f, notes) VALUES ('59dabfa3-f71e-4ca9-b254-bf794dfeec4f', '95f00a2e-5295-4ef5-8072-b27a3e7bdbe0', '2026-05-09', 'easy', 2.97, 1786, 4, 181, 169, 187, 'Track at Plant HS', 'Overcast', 86, 9.8, 72, 79, NULL);
INSERT INTO run_segments (run_id, segment_order, segment_type, distance_miles, duration_seconds) VALUES ('59dabfa3-f71e-4ca9-b254-bf794dfeec4f', 1, 'easy', 2.97, 1786);
INSERT INTO runs (id, athlete_id, run_date, run_type, distance_miles, duration_seconds, effort_rpe, avg_cadence, avg_hr, max_hr, route, conditions, temperature_f, wind_mph, humidity_percent, dewpoint_f, notes) VALUES ('45033574-fe56-4aef-8a34-78545f5b8100', '95f00a2e-5295-4ef5-8072-b27a3e7bdbe0', '2026-05-10', 'tempo', 5.48, 2807, 7, 179, 172, 191, 'Riverwalk + bridges', 'Partly cloudy', 73, 2.1, 76, 62, NULL);
INSERT INTO run_segments (run_id, segment_order, segment_type, distance_miles, duration_seconds) VALUES ('45033574-fe56-4aef-8a34-78545f5b8100', 1, 'warmup', 1.1, 615);
INSERT INTO run_segments (run_id, segment_order, segment_type, distance_miles, duration_seconds) VALUES ('45033574-fe56-4aef-8a34-78545f5b8100', 2, 'tempo', 3.56, 1684);
INSERT INTO run_segments (run_id, segment_order, segment_type, distance_miles, duration_seconds) VALUES ('45033574-fe56-4aef-8a34-78545f5b8100', 3, 'cooldown', 0.82, 508);
INSERT INTO runs (id, athlete_id, run_date, run_type, distance_miles, duration_seconds, effort_rpe, avg_cadence, avg_hr, max_hr, route, conditions, temperature_f, wind_mph, humidity_percent, dewpoint_f, notes) VALUES ('c3f4fd63-0944-47b9-9fac-ea60adcf9927', '95f00a2e-5295-4ef5-8072-b27a3e7bdbe0', '2026-05-11', 'easy', 3.58, 2084, 4, 183, 165, 188, 'Davis Islands loop', 'Humid', 73, 9.9, 64, 67, NULL);
INSERT INTO run_segments (run_id, segment_order, segment_type, distance_miles, duration_seconds) VALUES ('c3f4fd63-0944-47b9-9fac-ea60adcf9927', 1, 'easy', 3.58, 2084);
INSERT INTO runs (id, athlete_id, run_date, run_type, duration_seconds, effort_rpe, cross_train_activity, notes) VALUES ('7b243e1e-5125-4c82-b101-115d14fa5aa0', '95f00a2e-5295-4ef5-8072-b27a3e7bdbe0', '2026-05-12', 'cross_train', 1800, 5, 'stretch + core', NULL);
INSERT INTO runs (id, athlete_id, run_date, run_type, distance_miles, duration_seconds, effort_rpe, avg_cadence, avg_hr, max_hr, route, conditions, temperature_f, wind_mph, humidity_percent, dewpoint_f, notes) VALUES ('44566561-fa19-4ac6-807b-0f9f06a79958', '95f00a2e-5295-4ef5-8072-b27a3e7bdbe0', '2026-05-13', 'easy', 2.7, 1526, 4, 183, 175, 190, 'Hyde Park loop', 'Clear', 79, 4.4, 88, 72, NULL);
INSERT INTO run_segments (run_id, segment_order, segment_type, distance_miles, duration_seconds) VALUES ('44566561-fa19-4ac6-807b-0f9f06a79958', 1, 'easy', 2.7, 1526);
INSERT INTO runs (id, athlete_id, run_date, run_type, distance_miles, duration_seconds, effort_rpe, avg_cadence, avg_hr, max_hr, route, conditions, temperature_f, wind_mph, humidity_percent, dewpoint_f, notes) VALUES ('a9d1f00e-d883-4baf-a34b-1c533998aa0b', '95f00a2e-5295-4ef5-8072-b27a3e7bdbe0', '2026-05-14', 'long', 6.54, 4121, 7, 181, 166, 189, 'Curtis Hixon waterfront', 'Overcast', 83, 5.0, 62, 76, NULL);
INSERT INTO run_segments (run_id, segment_order, segment_type, distance_miles, duration_seconds) VALUES ('a9d1f00e-d883-4baf-a34b-1c533998aa0b', 1, 'easy', 6.54, 4121);

-- - Race meet -
INSERT INTO runs (id, athlete_id, run_date, run_type, distance_miles, duration_seconds, effort_rpe, avg_cadence, avg_hr, max_hr, route, conditions, temperature_f, wind_mph, humidity_percent, dewpoint_f, notes) VALUES ('65ca6679-912c-45ea-b098-e2fee4a781f1', 'a8ff39d9-cf5c-4cf1-925b-c01132f35cfb', '2026-05-02', 'race', 2.9, 1801, 9, NULL, NULL, NULL, 'Race course', 'Clear', 82, 2.4, 81, 77, 'Race day at Tampa Bay Invitational.');
INSERT INTO run_segments (run_id, segment_order, segment_type, distance_miles, duration_seconds) VALUES ('65ca6679-912c-45ea-b098-e2fee4a781f1', 1, 'tempo', 2.9, 1801);
INSERT INTO runs (id, athlete_id, run_date, run_type, distance_miles, duration_seconds, effort_rpe, avg_cadence, avg_hr, max_hr, route, conditions, temperature_f, wind_mph, humidity_percent, dewpoint_f, notes) VALUES ('62effdd2-464e-45d1-9b37-b1ee7358ed10', '09f5ccc0-652b-4416-8782-9840d4b180fd', '2026-05-02', 'race', 2.08, 1176, 9, NULL, NULL, NULL, 'Race course', 'Humid', 82, 6.3, 85, 78, 'Race day at Tampa Bay Invitational.');
INSERT INTO run_segments (run_id, segment_order, segment_type, distance_miles, duration_seconds) VALUES ('62effdd2-464e-45d1-9b37-b1ee7358ed10', 1, 'tempo', 2.08, 1176);
INSERT INTO runs (id, athlete_id, run_date, run_type, distance_miles, duration_seconds, effort_rpe, avg_cadence, avg_hr, max_hr, route, conditions, temperature_f, wind_mph, humidity_percent, dewpoint_f, notes) VALUES ('7b2b4aac-8654-4d22-9978-2609a4c7f585', '95f00a2e-5295-4ef5-8072-b27a3e7bdbe0', '2026-05-02', 'race', 2.69, 1336, 9, 181, 158, 177, 'Race course', 'Humid', 77, 4.8, 65, 66, 'Race day at Tampa Bay Invitational.');
INSERT INTO run_segments (run_id, segment_order, segment_type, distance_miles, duration_seconds) VALUES ('7b2b4aac-8654-4d22-9978-2609a4c7f585', 1, 'tempo', 2.69, 1336);
INSERT INTO runs (id, athlete_id, run_date, run_type, distance_miles, duration_seconds, effort_rpe, avg_cadence, avg_hr, max_hr, route, conditions, temperature_f, wind_mph, humidity_percent, dewpoint_f, notes) VALUES ('74e41ce9-1ab1-4346-857a-1d4d665b7727', '13960d9e-d1b2-4111-95b7-f0437061ddec', '2026-05-02', 'race', 2.35, 1254, 9, 180, 167, 190, 'Race course', 'Clear', 77, 5.0, 69, 68, 'Race day at Tampa Bay Invitational.');
INSERT INTO run_segments (run_id, segment_order, segment_type, distance_miles, duration_seconds) VALUES ('74e41ce9-1ab1-4346-857a-1d4d665b7727', 1, 'tempo', 2.35, 1254);
INSERT INTO runs (id, athlete_id, run_date, run_type, distance_miles, duration_seconds, effort_rpe, avg_cadence, avg_hr, max_hr, route, conditions, temperature_f, wind_mph, humidity_percent, dewpoint_f, notes) VALUES ('7ee53d72-368b-4973-af31-79f438b5a446', '69c9fe99-0518-4fb4-be9e-d4d18f644668', '2026-05-02', 'race', 2.55, 1244, 10, 185, 157, 176, 'Race course', 'Partly cloudy', 74, 4.1, 82, 62, 'Race day at Tampa Bay Invitational.');
INSERT INTO run_segments (run_id, segment_order, segment_type, distance_miles, duration_seconds) VALUES ('7ee53d72-368b-4973-af31-79f438b5a446', 1, 'tempo', 2.55, 1244);
INSERT INTO runs (id, athlete_id, run_date, run_type, distance_miles, duration_seconds, effort_rpe, avg_cadence, avg_hr, max_hr, route, conditions, temperature_f, wind_mph, humidity_percent, dewpoint_f, notes) VALUES ('2fab04f0-0487-4d45-a1bf-81b88f7e04bb', 'dbc1a157-bfd2-463e-bf04-61c581027b80', '2026-05-02', 'race', 2.06, 1121, 10, NULL, NULL, NULL, 'Race course', 'Humid', 86, 10.5, 63, 74, 'Race day at Tampa Bay Invitational.');
INSERT INTO run_segments (run_id, segment_order, segment_type, distance_miles, duration_seconds) VALUES ('2fab04f0-0487-4d45-a1bf-81b88f7e04bb', 1, 'tempo', 2.06, 1121);
INSERT INTO runs (id, athlete_id, run_date, run_type, distance_miles, duration_seconds, effort_rpe, avg_cadence, avg_hr, max_hr, route, conditions, temperature_f, wind_mph, humidity_percent, dewpoint_f, notes) VALUES ('d70742f2-c395-4a6a-9142-df20d970db0c', '65aa7dce-a878-4519-947f-6b40512ca26a', '2026-05-02', 'race', 2.66, 1286, 10, 181, 170, 190, 'Race course', 'Clear', 79, 8.7, 68, 72, 'Race day at Tampa Bay Invitational.');
INSERT INTO run_segments (run_id, segment_order, segment_type, distance_miles, duration_seconds) VALUES ('d70742f2-c395-4a6a-9142-df20d970db0c', 1, 'tempo', 2.66, 1286);
INSERT INTO runs (id, athlete_id, run_date, run_type, distance_miles, duration_seconds, effort_rpe, avg_cadence, avg_hr, max_hr, route, conditions, temperature_f, wind_mph, humidity_percent, dewpoint_f, notes) VALUES ('f3a80e19-21f9-43cf-8064-a750682e85f7', 'ed5c06f6-9dcb-4104-a661-5ce67663e630', '2026-05-02', 'race', 2.21, 1079, 9, 177, 164, 188, 'Race course', 'Partly cloudy', 72, 10.1, 83, 62, 'Race day at Tampa Bay Invitational.');
INSERT INTO run_segments (run_id, segment_order, segment_type, distance_miles, duration_seconds) VALUES ('f3a80e19-21f9-43cf-8064-a750682e85f7', 1, 'tempo', 2.21, 1079);
INSERT INTO runs (id, athlete_id, run_date, run_type, distance_miles, duration_seconds, effort_rpe, avg_cadence, avg_hr, max_hr, route, conditions, temperature_f, wind_mph, humidity_percent, dewpoint_f, notes) VALUES ('d47ad535-24d0-4c94-95ab-86de85dc4895', '5a1f6b86-aee8-4ac4-8d96-e1fff7dae9df', '2026-05-02', 'race', 1.87, 984, 9, 176, 165, 187, 'Race course', 'Humid', 82, 5.6, 88, 74, 'Race day at Tampa Bay Invitational.');
INSERT INTO run_segments (run_id, segment_order, segment_type, distance_miles, duration_seconds) VALUES ('d47ad535-24d0-4c94-95ab-86de85dc4895', 1, 'tempo', 1.87, 984);
INSERT INTO runs (id, athlete_id, run_date, run_type, distance_miles, duration_seconds, effort_rpe, avg_cadence, avg_hr, max_hr, route, conditions, temperature_f, wind_mph, humidity_percent, dewpoint_f, notes) VALUES ('6ce8f859-6be1-4972-bd33-caeb3f44e4e7', '43864e1c-f550-4d10-9675-105f352c6c06', '2026-05-02', 'race', 2.54, 1671, 9, NULL, NULL, NULL, 'Race course', 'Clear', 88, 9.3, 64, 84, 'Race day at Tampa Bay Invitational.');
INSERT INTO run_segments (run_id, segment_order, segment_type, distance_miles, duration_seconds) VALUES ('6ce8f859-6be1-4972-bd33-caeb3f44e4e7', 1, 'tempo', 2.54, 1671);
INSERT INTO runs (id, athlete_id, run_date, run_type, distance_miles, duration_seconds, effort_rpe, avg_cadence, avg_hr, max_hr, route, conditions, temperature_f, wind_mph, humidity_percent, dewpoint_f, notes) VALUES ('1ab02e29-5b10-4565-aa8d-9655b69e49fc', 'bbc2fd78-56b5-4a91-b3e5-f04a20d66700', '2026-05-02', 'race', 2.87, 1360, 10, 183, 170, 195, 'Race course', 'Partly cloudy', 72, 5.9, 83, 64, 'Race day at Tampa Bay Invitational.');
INSERT INTO run_segments (run_id, segment_order, segment_type, distance_miles, duration_seconds) VALUES ('1ab02e29-5b10-4565-aa8d-9655b69e49fc', 1, 'tempo', 2.87, 1360);
INSERT INTO runs (id, athlete_id, run_date, run_type, distance_miles, duration_seconds, effort_rpe, avg_cadence, avg_hr, max_hr, route, conditions, temperature_f, wind_mph, humidity_percent, dewpoint_f, notes) VALUES ('4ab69f08-fd6d-48b4-9a70-ee57afa3505c', 'd1de806d-30ab-4190-aca5-04c57d7aef73', '2026-05-02', 'race', 2.44, 1466, 10, NULL, NULL, NULL, 'Race course', 'Humid', 75, 9.6, 70, 69, 'Race day at Tampa Bay Invitational.');
INSERT INTO run_segments (run_id, segment_order, segment_type, distance_miles, duration_seconds) VALUES ('4ab69f08-fd6d-48b4-9a70-ee57afa3505c', 1, 'tempo', 2.44, 1466);
-- race_results rows
INSERT INTO race_results (run_id, meet_name, course_name, course_type, official_distance_meters, finish_place_overall, finish_place_team, team_score_total, opponents, conditions_notes) VALUES ('65ca6679-912c-45ea-b098-e2fee4a781f1', 'Tampa Bay Invitational', 'Al Lopez Park', 'xc', 3000, 2, 1, 33, 'Plant, Hillsborough, Robinson', 'Warm, humid morning');
INSERT INTO race_results (run_id, meet_name, course_name, course_type, official_distance_meters, finish_place_overall, finish_place_team, team_score_total, opponents, conditions_notes) VALUES ('62effdd2-464e-45d1-9b37-b1ee7358ed10', 'Tampa Bay Invitational', 'Al Lopez Park', 'xc', 3000, 8, 2, 40, 'Plant, Hillsborough, Robinson', 'Warm, humid morning');
INSERT INTO race_results (run_id, meet_name, course_name, course_type, official_distance_meters, finish_place_overall, finish_place_team, team_score_total, opponents, conditions_notes) VALUES ('7b2b4aac-8654-4d22-9978-2609a4c7f585', 'Tampa Bay Invitational', 'Al Lopez Park', 'xc', 3000, 8, 3, 38, 'Plant, Hillsborough, Robinson', 'Warm, humid morning');
INSERT INTO race_results (run_id, meet_name, course_name, course_type, official_distance_meters, finish_place_overall, finish_place_team, team_score_total, opponents, conditions_notes) VALUES ('74e41ce9-1ab1-4346-857a-1d4d665b7727', 'Tampa Bay Invitational', 'Al Lopez Park', 'xc', 3000, 12, 4, 31, 'Plant, Hillsborough, Robinson', 'Warm, humid morning');
INSERT INTO race_results (run_id, meet_name, course_name, course_type, official_distance_meters, finish_place_overall, finish_place_team, team_score_total, opponents, conditions_notes) VALUES ('7ee53d72-368b-4973-af31-79f438b5a446', 'Tampa Bay Invitational', 'Al Lopez Park', 'xc', 3000, 14, 5, 38, 'Plant, Hillsborough, Robinson', 'Warm, humid morning');
INSERT INTO race_results (run_id, meet_name, course_name, course_type, official_distance_meters, finish_place_overall, finish_place_team, team_score_total, opponents, conditions_notes) VALUES ('2fab04f0-0487-4d45-a1bf-81b88f7e04bb', 'Tampa Bay Invitational', 'Al Lopez Park', 'xc', 3000, 17, 6, 32, 'Plant, Hillsborough, Robinson', 'Warm, humid morning');
INSERT INTO race_results (run_id, meet_name, course_name, course_type, official_distance_meters, finish_place_overall, finish_place_team, team_score_total, opponents, conditions_notes) VALUES ('d70742f2-c395-4a6a-9142-df20d970db0c', 'Tampa Bay Invitational', 'Al Lopez Park', 'xc', 3000, 21, 7, 36, 'Plant, Hillsborough, Robinson', 'Warm, humid morning');
INSERT INTO race_results (run_id, meet_name, course_name, course_type, official_distance_meters, finish_place_overall, finish_place_team, team_score_total, opponents, conditions_notes) VALUES ('f3a80e19-21f9-43cf-8064-a750682e85f7', 'Tampa Bay Invitational', 'Al Lopez Park', 'xc', 3000, 23, 8, 31, 'Plant, Hillsborough, Robinson', 'Warm, humid morning');
INSERT INTO race_results (run_id, meet_name, course_name, course_type, official_distance_meters, finish_place_overall, finish_place_team, team_score_total, opponents, conditions_notes) VALUES ('d47ad535-24d0-4c94-95ab-86de85dc4895', 'Tampa Bay Invitational', 'Al Lopez Park', 'xc', 3000, 26, 9, 39, 'Plant, Hillsborough, Robinson', 'Warm, humid morning');
INSERT INTO race_results (run_id, meet_name, course_name, course_type, official_distance_meters, finish_place_overall, finish_place_team, team_score_total, opponents, conditions_notes) VALUES ('6ce8f859-6be1-4972-bd33-caeb3f44e4e7', 'Tampa Bay Invitational', 'Al Lopez Park', 'xc', 3000, 30, 10, 37, 'Plant, Hillsborough, Robinson', 'Warm, humid morning');
INSERT INTO race_results (run_id, meet_name, course_name, course_type, official_distance_meters, finish_place_overall, finish_place_team, team_score_total, opponents, conditions_notes) VALUES ('1ab02e29-5b10-4565-aa8d-9655b69e49fc', 'Tampa Bay Invitational', 'Al Lopez Park', 'xc', 3000, 34, 11, 38, 'Plant, Hillsborough, Robinson', 'Warm, humid morning');
INSERT INTO race_results (run_id, meet_name, course_name, course_type, official_distance_meters, finish_place_overall, finish_place_team, team_score_total, opponents, conditions_notes) VALUES ('4ab69f08-fd6d-48b4-9a70-ee57afa3505c', 'Tampa Bay Invitational', 'Al Lopez Park', 'xc', 3000, 34, 12, 31, 'Plant, Hillsborough, Robinson', 'Warm, humid morning');

COMMIT;

