-- ============================================================================
-- Rampello demo seed data
-- Generated by tools/generate_demo_data.py on 2026-05-16
-- 
-- All seeded athletes use @piratesdemo.test emails so cleanup is one line:
--   DELETE FROM athletes WHERE email LIKE '%@piratesdemo.test';
-- (cascades through runs, run_segments, race_results via FK ON DELETE CASCADE)
-- ============================================================================

BEGIN;

-- - Athletes -
INSERT INTO athletes (id, first_name, last_name, email, grade, gender, joined_date, active, signup_source, parent_first_name, parent_last_name, parent_email, parent_phone) VALUES
  ('f04c73d4-83a6-4d4b-8cbf-3535c0602c55', 'Sarah', 'Johnson', 'sarah.johnson@piratesdemo.test', 7, 'F', current_date - interval '60 days', true, 'manual', 'Parent', 'Johnson', 'parent.johnson@piratesdemo.test', '(813) 555-2824'),
  ('9ba3e871-bf6d-46de-9a24-9f845e4251ee', 'Michael', 'Brown', 'michael.brown@piratesdemo.test', 8, 'M', current_date - interval '60 days', true, 'manual', 'Parent', 'Brown', 'parent.brown@piratesdemo.test', '(813) 555-1409'),
  ('f065e9d7-bc88-4e97-90dd-011fe76885f5', 'Emma', 'Davis', 'emma.davis@piratesdemo.test', 6, 'F', current_date - interval '60 days', true, 'manual', 'Parent', 'Davis', 'parent.davis@piratesdemo.test', '(813) 555-5506'),
  ('c2a2684c-fbfe-48d1-808e-785b2bd9bc4e', 'Lucas', 'Patel', 'lucas.patel@piratesdemo.test', 5, 'M', current_date - interval '60 days', true, 'manual', 'Parent', 'Patel', 'parent.patel@piratesdemo.test', '(813) 555-5012'),
  ('ff651091-e69d-4599-b6d3-448c347055e2', 'Ava', 'Smith', 'ava.smith@piratesdemo.test', 7, 'F', current_date - interval '60 days', true, 'manual', 'Parent', 'Smith', 'parent.smith@piratesdemo.test', '(813) 555-4657'),
  ('8dbd0b15-6375-4621-913d-d5e5053ec2b1', 'Noah', 'Thompson', 'noah.thompson@piratesdemo.test', 8, 'M', current_date - interval '60 days', true, 'manual', 'Parent', 'Thompson', 'parent.thompson@piratesdemo.test', '(813) 555-3286'),
  ('73f4b37e-407f-4c43-9f90-1f720e17ce98', 'Mia', 'Garcia', 'mia.garcia@piratesdemo.test', 4, 'F', current_date - interval '60 days', true, 'manual', 'Parent', 'Garcia', 'parent.garcia@piratesdemo.test', '(813) 555-2679'),
  ('44b5fbb3-291a-4e81-909f-a8c93a5d99de', 'Liam', 'Wilson', 'liam.wilson@piratesdemo.test', 6, 'M', current_date - interval '60 days', true, 'manual', 'Parent', 'Wilson', 'parent.wilson@piratesdemo.test', '(813) 555-9935'),
  ('260236b2-6fe6-4b7e-91c4-e3d831e5f9a3', 'Olivia', 'Martinez', 'olivia.martinez@piratesdemo.test', 5, 'F', current_date - interval '60 days', true, 'manual', 'Parent', 'Martinez', 'parent.martinez@piratesdemo.test', '(813) 555-2424'),
  ('83c2a08b-6666-477c-bbdb-cb06fefe83a9', 'Ethan', 'Rodriguez', 'ethan.rodriguez@piratesdemo.test', 8, 'M', current_date - interval '60 days', true, 'manual', 'Parent', 'Rodriguez', 'parent.rodriguez@piratesdemo.test', '(813) 555-7912'),
  ('2a26a1db-3f3c-486c-af48-0b60f84f2ca7', 'Sophia', 'Anderson', 'sophia.anderson@piratesdemo.test', 3, 'F', current_date - interval '60 days', true, 'manual', 'Parent', 'Anderson', 'parent.anderson@piratesdemo.test', '(813) 555-1520'),
  ('65c631ce-1487-41ad-9424-11cadb9e544d', 'Mason', 'Taylor', 'mason.taylor@piratesdemo.test', 7, 'M', current_date - interval '60 days', true, 'manual', 'Parent', 'Taylor', 'parent.taylor@piratesdemo.test', '(813) 555-1488');

-- - Runs + segments -
INSERT INTO runs (id, athlete_id, run_date, run_type, distance_miles, duration_seconds, effort_rpe, avg_cadence, avg_hr, max_hr, route, conditions, temperature_f, wind_mph, humidity_percent, dewpoint_f, notes) VALUES ('2b8338bf-b3a7-4e62-814a-9321fa4a9b29', 'f04c73d4-83a6-4d4b-8cbf-3535c0602c55', '2026-04-20', 'easy', 2.5, 1515, 4, 175, 155, 172, 'Neighborhood — easy', 'Clear', 78, 3.6, 77, 69, NULL);
INSERT INTO run_segments (run_id, segment_order, segment_type, distance_miles, duration_seconds) VALUES ('2b8338bf-b3a7-4e62-814a-9321fa4a9b29', 1, 'easy', 2.5, 1515);
INSERT INTO runs (id, athlete_id, run_date, run_type, distance_miles, duration_seconds, effort_rpe, avg_cadence, avg_hr, max_hr, route, conditions, temperature_f, wind_mph, humidity_percent, dewpoint_f, notes) VALUES ('8ba29e31-b05b-48b8-9c10-5861cb9a51b3', 'f04c73d4-83a6-4d4b-8cbf-3535c0602c55', '2026-04-21', 'tempo', 3.74, 2148, 8, 173, 167, 183, 'Al Lopez Park trails', 'Clear', 88, 7.8, 83, 83, NULL);
INSERT INTO run_segments (run_id, segment_order, segment_type, distance_miles, duration_seconds) VALUES ('8ba29e31-b05b-48b8-9c10-5861cb9a51b3', 1, 'warmup', 0.75, 454);
INSERT INTO run_segments (run_id, segment_order, segment_type, distance_miles, duration_seconds) VALUES ('8ba29e31-b05b-48b8-9c10-5861cb9a51b3', 2, 'tempo', 2.43, 1336);
INSERT INTO run_segments (run_id, segment_order, segment_type, distance_miles, duration_seconds) VALUES ('8ba29e31-b05b-48b8-9c10-5861cb9a51b3', 3, 'cooldown', 0.56, 358);
INSERT INTO runs (id, athlete_id, run_date, run_type, distance_miles, duration_seconds, effort_rpe, avg_cadence, avg_hr, max_hr, route, conditions, temperature_f, wind_mph, humidity_percent, dewpoint_f, notes) VALUES ('7ac1bd91-3f31-43f2-a64b-26298109944e', 'f04c73d4-83a6-4d4b-8cbf-3535c0602c55', '2026-04-22', 'easy', 3.39, 2109, 5, 175, 166, 184, 'Al Lopez Park trails', 'Partly cloudy', 88, 8.1, 64, 82, NULL);
INSERT INTO run_segments (run_id, segment_order, segment_type, distance_miles, duration_seconds) VALUES ('7ac1bd91-3f31-43f2-a64b-26298109944e', 1, 'easy', 3.39, 2109);
INSERT INTO runs (id, athlete_id, run_date, run_type, duration_seconds, effort_rpe, cross_train_activity, notes) VALUES ('11326634-c0b6-403f-af53-9e3676ac5903', 'f04c73d4-83a6-4d4b-8cbf-3535c0602c55', '2026-04-23', 'cross_train', 2400, 4, 'stretch + core', NULL);
INSERT INTO runs (id, athlete_id, run_date, run_type, distance_miles, duration_seconds, effort_rpe, avg_cadence, avg_hr, max_hr, route, conditions, temperature_f, wind_mph, humidity_percent, dewpoint_f, notes) VALUES ('af413e36-1430-4aa0-a967-c69f26a4892f', 'f04c73d4-83a6-4d4b-8cbf-3535c0602c55', '2026-04-24', 'easy', 3.37, 2078, 4, 173, 161, 185, 'Track at Plant HS', 'Partly cloudy', 74, 6.0, 91, 63, NULL);
INSERT INTO run_segments (run_id, segment_order, segment_type, distance_miles, duration_seconds) VALUES ('af413e36-1430-4aa0-a967-c69f26a4892f', 1, 'easy', 3.37, 2078);
INSERT INTO runs (id, athlete_id, run_date, run_type, distance_miles, duration_seconds, effort_rpe, avg_cadence, avg_hr, max_hr, route, conditions, temperature_f, wind_mph, humidity_percent, dewpoint_f, notes) VALUES ('ff340b89-e613-4077-899c-9fb0784e567d', 'f04c73d4-83a6-4d4b-8cbf-3535c0602c55', '2026-04-25', 'long', 5.84, 3702, 7, 174, 159, 182, 'Curtis Hixon waterfront', 'Partly cloudy', 70, 10.6, 63, 64, NULL);
INSERT INTO run_segments (run_id, segment_order, segment_type, distance_miles, duration_seconds) VALUES ('ff340b89-e613-4077-899c-9fb0784e567d', 1, 'easy', 5.84, 3702);
INSERT INTO runs (id, athlete_id, run_date, run_type, distance_miles, duration_seconds, effort_rpe, avg_cadence, avg_hr, max_hr, route, conditions, temperature_f, wind_mph, humidity_percent, dewpoint_f, notes) VALUES ('f9d3e1cf-03a8-482c-a98c-ce49621ca2ee', 'f04c73d4-83a6-4d4b-8cbf-3535c0602c55', '2026-04-27', 'easy', 2.91, 1670, 5, 179, 155, 180, 'Hyde Park loop', 'Clear', 85, 9.7, 77, 76, NULL);
INSERT INTO run_segments (run_id, segment_order, segment_type, distance_miles, duration_seconds) VALUES ('f9d3e1cf-03a8-482c-a98c-ce49621ca2ee', 1, 'easy', 2.91, 1670);
INSERT INTO runs (id, athlete_id, run_date, run_type, distance_miles, duration_seconds, effort_rpe, avg_cadence, avg_hr, max_hr, route, conditions, temperature_f, wind_mph, humidity_percent, dewpoint_f, notes) VALUES ('5f1ecb37-44ca-4f13-b18d-a3ffc4b7cb3d', 'f04c73d4-83a6-4d4b-8cbf-3535c0602c55', '2026-04-28', 'tempo', 4.02, 2120, 8, 175, 175, 198, 'Davis Islands loop', 'Clear', 72, 9.6, 83, 60, NULL);
INSERT INTO run_segments (run_id, segment_order, segment_type, distance_miles, duration_seconds) VALUES ('5f1ecb37-44ca-4f13-b18d-a3ffc4b7cb3d', 1, 'warmup', 0.8, 482);
INSERT INTO run_segments (run_id, segment_order, segment_type, distance_miles, duration_seconds) VALUES ('5f1ecb37-44ca-4f13-b18d-a3ffc4b7cb3d', 2, 'tempo', 2.62, 1261);
INSERT INTO run_segments (run_id, segment_order, segment_type, distance_miles, duration_seconds) VALUES ('5f1ecb37-44ca-4f13-b18d-a3ffc4b7cb3d', 3, 'cooldown', 0.6, 377);
INSERT INTO runs (id, athlete_id, run_date, run_type, distance_miles, duration_seconds, effort_rpe, avg_cadence, avg_hr, max_hr, route, conditions, temperature_f, wind_mph, humidity_percent, dewpoint_f, notes) VALUES ('d5833c0a-f064-4309-836d-0aafc2d10b1f', 'f04c73d4-83a6-4d4b-8cbf-3535c0602c55', '2026-04-29', 'easy', 2.82, 1774, 4, 173, 157, 179, 'Hyde Park loop', 'Partly cloudy', 85, 3.3, 68, 74, NULL);
INSERT INTO run_segments (run_id, segment_order, segment_type, distance_miles, duration_seconds) VALUES ('d5833c0a-f064-4309-836d-0aafc2d10b1f', 1, 'easy', 2.82, 1774);
INSERT INTO runs (id, athlete_id, run_date, run_type, duration_seconds, effort_rpe, cross_train_activity, notes) VALUES ('1eba2deb-c966-4f58-ade8-b255c72ee494', 'f04c73d4-83a6-4d4b-8cbf-3535c0602c55', '2026-04-30', 'cross_train', 2700, 4, 'pool run', NULL);
INSERT INTO runs (id, athlete_id, run_date, run_type, distance_miles, duration_seconds, effort_rpe, avg_cadence, avg_hr, max_hr, route, conditions, temperature_f, wind_mph, humidity_percent, dewpoint_f, notes) VALUES ('a48f0d29-dad6-4331-aabe-0be6fa45f035', 'f04c73d4-83a6-4d4b-8cbf-3535c0602c55', '2026-05-01', 'easy', 3.41, 2085, 4, 177, 169, 185, 'Davis Islands loop', 'Partly cloudy', 75, 5.4, 64, 63, NULL);
INSERT INTO run_segments (run_id, segment_order, segment_type, distance_miles, duration_seconds) VALUES ('a48f0d29-dad6-4331-aabe-0be6fa45f035', 1, 'easy', 3.41, 2085);
INSERT INTO runs (id, athlete_id, run_date, run_type, distance_miles, duration_seconds, effort_rpe, avg_cadence, avg_hr, max_hr, route, conditions, temperature_f, wind_mph, humidity_percent, dewpoint_f, notes) VALUES ('be9f22ad-e068-4954-944f-44611d5a0198', 'f04c73d4-83a6-4d4b-8cbf-3535c0602c55', '2026-05-02', 'long', 5.68, 3653, 6, 173, 171, 189, 'Al Lopez Park trails', 'Partly cloudy', 83, 7.4, 73, 72, NULL);
INSERT INTO run_segments (run_id, segment_order, segment_type, distance_miles, duration_seconds) VALUES ('be9f22ad-e068-4954-944f-44611d5a0198', 1, 'easy', 5.68, 3653);
INSERT INTO runs (id, athlete_id, run_date, run_type, distance_miles, duration_seconds, effort_rpe, avg_cadence, avg_hr, max_hr, route, conditions, temperature_f, wind_mph, humidity_percent, dewpoint_f, notes) VALUES ('90caaba0-98a3-4952-8dd0-9ae5935ff1da', 'f04c73d4-83a6-4d4b-8cbf-3535c0602c55', '2026-05-04', 'easy', 3.66, 2128, 3, 176, 156, 181, 'Hyde Park loop', 'Partly cloudy', 69, 9.3, 85, 64, NULL);
INSERT INTO run_segments (run_id, segment_order, segment_type, distance_miles, duration_seconds) VALUES ('90caaba0-98a3-4952-8dd0-9ae5935ff1da', 1, 'easy', 3.66, 2128);
INSERT INTO runs (id, athlete_id, run_date, run_type, distance_miles, duration_seconds, effort_rpe, avg_cadence, avg_hr, max_hr, route, conditions, temperature_f, wind_mph, humidity_percent, dewpoint_f, notes) VALUES ('ac890266-7975-49a3-b6d3-33bbca1232f6', 'f04c73d4-83a6-4d4b-8cbf-3535c0602c55', '2026-05-05', 'tempo', 4.82, 2579, 7, 176, 172, 188, 'Bayshore out & back', 'Partly cloudy', 88, 11.7, 60, 81, NULL);
INSERT INTO run_segments (run_id, segment_order, segment_type, distance_miles, duration_seconds) VALUES ('ac890266-7975-49a3-b6d3-33bbca1232f6', 1, 'warmup', 0.96, 572);
INSERT INTO run_segments (run_id, segment_order, segment_type, distance_miles, duration_seconds) VALUES ('ac890266-7975-49a3-b6d3-33bbca1232f6', 2, 'tempo', 3.14, 1554);
INSERT INTO run_segments (run_id, segment_order, segment_type, distance_miles, duration_seconds) VALUES ('ac890266-7975-49a3-b6d3-33bbca1232f6', 3, 'cooldown', 0.72, 453);
INSERT INTO runs (id, athlete_id, run_date, run_type, distance_miles, duration_seconds, effort_rpe, avg_cadence, avg_hr, max_hr, route, conditions, temperature_f, wind_mph, humidity_percent, dewpoint_f, notes) VALUES ('7972b769-a8a5-4918-9d63-0530ac74c648', 'f04c73d4-83a6-4d4b-8cbf-3535c0602c55', '2026-05-06', 'easy', 3.81, 2209, 3, 176, 172, 197, 'Curtis Hixon waterfront', 'Clear', 72, 5.0, 72, 68, NULL);
INSERT INTO run_segments (run_id, segment_order, segment_type, distance_miles, duration_seconds) VALUES ('7972b769-a8a5-4918-9d63-0530ac74c648', 1, 'easy', 3.81, 2209);
INSERT INTO runs (id, athlete_id, run_date, run_type, duration_seconds, effort_rpe, cross_train_activity, notes) VALUES ('974aa972-3a87-46fb-8834-76ea686f4624', 'f04c73d4-83a6-4d4b-8cbf-3535c0602c55', '2026-05-07', 'cross_train', 1800, 6, 'swimming', NULL);
INSERT INTO runs (id, athlete_id, run_date, run_type, distance_miles, duration_seconds, effort_rpe, avg_cadence, avg_hr, max_hr, route, conditions, temperature_f, wind_mph, humidity_percent, dewpoint_f, notes) VALUES ('5f3448d5-5976-4d2f-997a-896b3fdb7c4e', 'f04c73d4-83a6-4d4b-8cbf-3535c0602c55', '2026-05-08', 'easy', 3.74, 2167, 3, 179, 162, 183, 'Hyde Park loop', 'Clear', 86, 7.8, 75, 82, NULL);
INSERT INTO run_segments (run_id, segment_order, segment_type, distance_miles, duration_seconds) VALUES ('5f3448d5-5976-4d2f-997a-896b3fdb7c4e', 1, 'easy', 3.74, 2167);
INSERT INTO runs (id, athlete_id, run_date, run_type, distance_miles, duration_seconds, effort_rpe, avg_cadence, avg_hr, max_hr, route, conditions, temperature_f, wind_mph, humidity_percent, dewpoint_f, notes) VALUES ('9c449338-ebb2-4ca9-8a6d-407a755d7906', 'f04c73d4-83a6-4d4b-8cbf-3535c0602c55', '2026-05-09', 'long', 7.11, 4490, 6, 175, 167, 184, 'Al Lopez Park trails', 'Clear', 82, 11.3, 80, 77, NULL);
INSERT INTO run_segments (run_id, segment_order, segment_type, distance_miles, duration_seconds) VALUES ('9c449338-ebb2-4ca9-8a6d-407a755d7906', 1, 'easy', 7.11, 4490);
INSERT INTO runs (id, athlete_id, run_date, run_type, distance_miles, duration_seconds, effort_rpe, avg_cadence, avg_hr, max_hr, route, conditions, temperature_f, wind_mph, humidity_percent, dewpoint_f, notes) VALUES ('b78e378e-bc01-45c4-b173-63ee6acf55f8', 'f04c73d4-83a6-4d4b-8cbf-3535c0602c55', '2026-05-11', 'easy', 4.16, 2620, 3, 175, 157, 175, 'Track at Plant HS', 'Overcast', 77, 6.4, 70, 65, NULL);
INSERT INTO run_segments (run_id, segment_order, segment_type, distance_miles, duration_seconds) VALUES ('b78e378e-bc01-45c4-b173-63ee6acf55f8', 1, 'easy', 4.16, 2620);
INSERT INTO runs (id, athlete_id, run_date, run_type, distance_miles, duration_seconds, effort_rpe, avg_cadence, avg_hr, max_hr, route, conditions, temperature_f, wind_mph, humidity_percent, dewpoint_f, notes) VALUES ('8123b5d7-27e7-44ae-8791-6e5bef1e93c5', 'f04c73d4-83a6-4d4b-8cbf-3535c0602c55', '2026-05-12', 'tempo', 5.81, 3274, 8, 175, 158, 174, 'Riverwalk + bridges', 'Partly cloudy', 76, 8.0, 78, 67, NULL);
INSERT INTO run_segments (run_id, segment_order, segment_type, distance_miles, duration_seconds) VALUES ('8123b5d7-27e7-44ae-8791-6e5bef1e93c5', 1, 'warmup', 1.16, 703);
INSERT INTO run_segments (run_id, segment_order, segment_type, distance_miles, duration_seconds) VALUES ('8123b5d7-27e7-44ae-8791-6e5bef1e93c5', 2, 'tempo', 3.78, 2012);
INSERT INTO run_segments (run_id, segment_order, segment_type, distance_miles, duration_seconds) VALUES ('8123b5d7-27e7-44ae-8791-6e5bef1e93c5', 3, 'cooldown', 0.87, 559);
INSERT INTO runs (id, athlete_id, run_date, run_type, distance_miles, duration_seconds, effort_rpe, avg_cadence, avg_hr, max_hr, route, conditions, temperature_f, wind_mph, humidity_percent, dewpoint_f, notes) VALUES ('10eef52d-1c74-4d17-8ad9-2de99665a814', 'f04c73d4-83a6-4d4b-8cbf-3535c0602c55', '2026-05-13', 'easy', 2.92, 1824, 3, 173, 155, 175, 'Riverwalk + bridges', 'Humid', 88, 3.6, 76, 77, NULL);
INSERT INTO run_segments (run_id, segment_order, segment_type, distance_miles, duration_seconds) VALUES ('10eef52d-1c74-4d17-8ad9-2de99665a814', 1, 'easy', 2.92, 1824);
INSERT INTO runs (id, athlete_id, run_date, run_type, duration_seconds, effort_rpe, cross_train_activity, notes) VALUES ('17cdf32e-5c20-444c-937c-13fc0816bad3', 'f04c73d4-83a6-4d4b-8cbf-3535c0602c55', '2026-05-14', 'cross_train', 1800, 4, 'swimming', NULL);
INSERT INTO runs (id, athlete_id, run_date, run_type, distance_miles, duration_seconds, effort_rpe, avg_cadence, avg_hr, max_hr, route, conditions, temperature_f, wind_mph, humidity_percent, dewpoint_f, notes) VALUES ('c486568b-2076-432b-abc2-304da43aa286', 'f04c73d4-83a6-4d4b-8cbf-3535c0602c55', '2026-05-15', 'easy', 3.89, 2353, 4, 175, 156, 176, 'Davis Islands loop', 'Humid', 75, 5.5, 66, 63, NULL);
INSERT INTO run_segments (run_id, segment_order, segment_type, distance_miles, duration_seconds) VALUES ('c486568b-2076-432b-abc2-304da43aa286', 1, 'easy', 3.89, 2353);
INSERT INTO runs (id, athlete_id, run_date, run_type, distance_miles, duration_seconds, effort_rpe, avg_cadence, avg_hr, max_hr, route, conditions, temperature_f, wind_mph, humidity_percent, dewpoint_f, notes) VALUES ('5e0a565a-211f-4d5a-9d0d-a4a0e57b2fd5', 'f04c73d4-83a6-4d4b-8cbf-3535c0602c55', '2026-05-16', 'long', 7.81, 5130, 6, 174, 165, 186, 'Davis Islands loop', 'Humid', 76, 9.9, 70, 71, NULL);
INSERT INTO run_segments (run_id, segment_order, segment_type, distance_miles, duration_seconds) VALUES ('5e0a565a-211f-4d5a-9d0d-a4a0e57b2fd5', 1, 'easy', 7.81, 5130);

INSERT INTO runs (id, athlete_id, run_date, run_type, distance_miles, duration_seconds, effort_rpe, avg_cadence, avg_hr, max_hr, route, conditions, temperature_f, wind_mph, humidity_percent, dewpoint_f, notes) VALUES ('55f23b57-48c8-4bfd-9bc3-18cdad363aca', '9ba3e871-bf6d-46de-9a24-9f845e4251ee', '2026-04-20', 'easy', 4.15, 2179, 5, 179, 161, 182, 'Track at Plant HS', 'Overcast', 76, 11.7, 64, 68, NULL);
INSERT INTO run_segments (run_id, segment_order, segment_type, distance_miles, duration_seconds) VALUES ('55f23b57-48c8-4bfd-9bc3-18cdad363aca', 1, 'easy', 4.15, 2179);
INSERT INTO runs (id, athlete_id, run_date, run_type, distance_miles, duration_seconds, effort_rpe, avg_cadence, avg_hr, max_hr, route, conditions, temperature_f, wind_mph, humidity_percent, dewpoint_f, notes) VALUES ('39a61b36-c29a-428c-af0d-37e776f8b29a', '9ba3e871-bf6d-46de-9a24-9f845e4251ee', '2026-04-21', 'tempo', 5.1, 2699, 7, 183, 163, 178, 'Hyde Park loop', 'Humid', 87, 5.5, 87, 78, NULL);
INSERT INTO run_segments (run_id, segment_order, segment_type, distance_miles, duration_seconds) VALUES ('39a61b36-c29a-428c-af0d-37e776f8b29a', 1, 'warmup', 1.02, 554);
INSERT INTO run_segments (run_id, segment_order, segment_type, distance_miles, duration_seconds) VALUES ('39a61b36-c29a-428c-af0d-37e776f8b29a', 2, 'tempo', 3.32, 1712);
INSERT INTO run_segments (run_id, segment_order, segment_type, distance_miles, duration_seconds) VALUES ('39a61b36-c29a-428c-af0d-37e776f8b29a', 3, 'cooldown', 0.76, 433);
INSERT INTO runs (id, athlete_id, run_date, run_type, distance_miles, duration_seconds, effort_rpe, avg_cadence, avg_hr, max_hr, route, conditions, temperature_f, wind_mph, humidity_percent, dewpoint_f, notes) VALUES ('50cb5912-ef20-4ad8-8a83-e208f8986223', '9ba3e871-bf6d-46de-9a24-9f845e4251ee', '2026-04-22', 'easy', 3.65, 1923, 5, 182, 157, 182, 'Track at Plant HS', 'Overcast', 87, 8.6, 80, 82, NULL);
INSERT INTO run_segments (run_id, segment_order, segment_type, distance_miles, duration_seconds) VALUES ('50cb5912-ef20-4ad8-8a83-e208f8986223', 1, 'easy', 3.65, 1923);
INSERT INTO runs (id, athlete_id, run_date, run_type, duration_seconds, effort_rpe, cross_train_activity, notes) VALUES ('9b1e9bbd-89e0-4982-885b-62318a722c6b', '9ba3e871-bf6d-46de-9a24-9f845e4251ee', '2026-04-23', 'cross_train', 2400, 6, 'stretch + core', NULL);
INSERT INTO runs (id, athlete_id, run_date, run_type, distance_miles, duration_seconds, effort_rpe, avg_cadence, avg_hr, max_hr, route, conditions, temperature_f, wind_mph, humidity_percent, dewpoint_f, notes) VALUES ('70e5e77d-1e49-415d-a455-d13b81d50a9c', '9ba3e871-bf6d-46de-9a24-9f845e4251ee', '2026-04-24', 'easy', 3.62, 1895, 5, 183, 155, 174, 'Al Lopez Park trails', 'Humid', 74, 9.9, 87, 65, NULL);
INSERT INTO run_segments (run_id, segment_order, segment_type, distance_miles, duration_seconds) VALUES ('70e5e77d-1e49-415d-a455-d13b81d50a9c', 1, 'easy', 3.62, 1895);
INSERT INTO runs (id, athlete_id, run_date, run_type, distance_miles, duration_seconds, effort_rpe, avg_cadence, avg_hr, max_hr, route, conditions, temperature_f, wind_mph, humidity_percent, dewpoint_f, notes) VALUES ('dccd519b-a6cc-4ff4-b6e4-9e2b5bff4d96', '9ba3e871-bf6d-46de-9a24-9f845e4251ee', '2026-04-25', 'long', 8.09, 4616, 5, 185, 162, 187, 'Al Lopez Park trails', 'Partly cloudy', 75, 3.5, 72, 71, NULL);
INSERT INTO run_segments (run_id, segment_order, segment_type, distance_miles, duration_seconds) VALUES ('dccd519b-a6cc-4ff4-b6e4-9e2b5bff4d96', 1, 'easy', 8.09, 4616);
INSERT INTO runs (id, athlete_id, run_date, run_type, distance_miles, duration_seconds, effort_rpe, avg_cadence, avg_hr, max_hr, route, conditions, temperature_f, wind_mph, humidity_percent, dewpoint_f, notes) VALUES ('d2c24e2a-5563-4aa9-8e2e-63189ab7adaf', '9ba3e871-bf6d-46de-9a24-9f845e4251ee', '2026-04-27', 'easy', 3.86, 2140, 5, 184, 167, 189, 'Neighborhood — easy', 'Clear', 75, 8.6, 69, 71, NULL);
INSERT INTO run_segments (run_id, segment_order, segment_type, distance_miles, duration_seconds) VALUES ('d2c24e2a-5563-4aa9-8e2e-63189ab7adaf', 1, 'easy', 3.86, 2140);
INSERT INTO runs (id, athlete_id, run_date, run_type, distance_miles, duration_seconds, effort_rpe, avg_cadence, avg_hr, max_hr, route, conditions, temperature_f, wind_mph, humidity_percent, dewpoint_f, notes) VALUES ('8fe8c995-a7b6-404f-bcd2-05e02c4b1a57', '9ba3e871-bf6d-46de-9a24-9f845e4251ee', '2026-04-28', 'tempo', 4.98, 2591, 8, 182, 159, 181, 'Track at Plant HS', 'Humid', 82, 6.3, 92, 70, NULL);
INSERT INTO run_segments (run_id, segment_order, segment_type, distance_miles, duration_seconds) VALUES ('8fe8c995-a7b6-404f-bcd2-05e02c4b1a57', 1, 'warmup', 1.0, 552);
INSERT INTO run_segments (run_id, segment_order, segment_type, distance_miles, duration_seconds) VALUES ('8fe8c995-a7b6-404f-bcd2-05e02c4b1a57', 2, 'tempo', 3.23, 1606);
INSERT INTO run_segments (run_id, segment_order, segment_type, distance_miles, duration_seconds) VALUES ('8fe8c995-a7b6-404f-bcd2-05e02c4b1a57', 3, 'cooldown', 0.75, 433);
INSERT INTO runs (id, athlete_id, run_date, run_type, distance_miles, duration_seconds, effort_rpe, avg_cadence, avg_hr, max_hr, route, conditions, temperature_f, wind_mph, humidity_percent, dewpoint_f, notes) VALUES ('bd0bcf0d-9f70-499e-9954-68e53e9d2509', '9ba3e871-bf6d-46de-9a24-9f845e4251ee', '2026-04-29', 'easy', 3.22, 1695, 4, 182, 157, 176, 'Davis Islands loop', 'Clear', 76, 5.2, 81, 64, NULL);
INSERT INTO run_segments (run_id, segment_order, segment_type, distance_miles, duration_seconds) VALUES ('bd0bcf0d-9f70-499e-9954-68e53e9d2509', 1, 'easy', 3.22, 1695);
INSERT INTO runs (id, athlete_id, run_date, run_type, duration_seconds, effort_rpe, cross_train_activity, notes) VALUES ('479b9ba2-9583-4f44-9525-1323d2d3dab3', '9ba3e871-bf6d-46de-9a24-9f845e4251ee', '2026-04-30', 'cross_train', 2700, 4, 'biking', NULL);
INSERT INTO runs (id, athlete_id, run_date, run_type, distance_miles, duration_seconds, effort_rpe, avg_cadence, avg_hr, max_hr, route, conditions, temperature_f, wind_mph, humidity_percent, dewpoint_f, notes) VALUES ('aa7a5641-9ef8-46d3-92b2-e5dbbd18b64c', '9ba3e871-bf6d-46de-9a24-9f845e4251ee', '2026-05-01', 'easy', 2.86, 1530, 5, 182, 173, 188, 'Neighborhood — easy', 'Humid', 83, 11.4, 60, 75, NULL);
INSERT INTO run_segments (run_id, segment_order, segment_type, distance_miles, duration_seconds) VALUES ('aa7a5641-9ef8-46d3-92b2-e5dbbd18b64c', 1, 'easy', 2.86, 1530);
INSERT INTO runs (id, athlete_id, run_date, run_type, distance_miles, duration_seconds, effort_rpe, avg_cadence, avg_hr, max_hr, route, conditions, temperature_f, wind_mph, humidity_percent, dewpoint_f, notes) VALUES ('1cd091db-efc0-46b2-acfa-3cd082e5ef9c', '9ba3e871-bf6d-46de-9a24-9f845e4251ee', '2026-05-02', 'long', 9.05, 5117, 7, 182, 155, 176, 'Track at Plant HS', 'Clear', 80, 10.4, 70, 74, NULL);
INSERT INTO run_segments (run_id, segment_order, segment_type, distance_miles, duration_seconds) VALUES ('1cd091db-efc0-46b2-acfa-3cd082e5ef9c', 1, 'easy', 9.05, 5117);
INSERT INTO runs (id, athlete_id, run_date, run_type, distance_miles, duration_seconds, effort_rpe, avg_cadence, avg_hr, max_hr, route, conditions, temperature_f, wind_mph, humidity_percent, dewpoint_f, notes) VALUES ('71fbbbd0-dc88-4dbd-8ca7-488c0d1bc953', '9ba3e871-bf6d-46de-9a24-9f845e4251ee', '2026-05-04', 'easy', 3.98, 2184, 3, 179, 163, 184, 'Track at Plant HS', 'Overcast', 74, 5.3, 89, 64, NULL);
INSERT INTO run_segments (run_id, segment_order, segment_type, distance_miles, duration_seconds) VALUES ('71fbbbd0-dc88-4dbd-8ca7-488c0d1bc953', 1, 'easy', 3.98, 2184);
INSERT INTO runs (id, athlete_id, run_date, run_type, distance_miles, duration_seconds, effort_rpe, avg_cadence, avg_hr, max_hr, route, conditions, temperature_f, wind_mph, humidity_percent, dewpoint_f, notes) VALUES ('e76df37a-7cad-477f-befb-534b6e5f5bf6', '9ba3e871-bf6d-46de-9a24-9f845e4251ee', '2026-05-05', 'tempo', 6.34, 3122, 7, 180, 175, 191, 'Bayshore out & back', 'Partly cloudy', 68, 4.0, 75, 64, NULL);
INSERT INTO run_segments (run_id, segment_order, segment_type, distance_miles, duration_seconds) VALUES ('e76df37a-7cad-477f-befb-534b6e5f5bf6', 1, 'warmup', 1.27, 675);
INSERT INTO run_segments (run_id, segment_order, segment_type, distance_miles, duration_seconds) VALUES ('e76df37a-7cad-477f-befb-534b6e5f5bf6', 2, 'tempo', 4.12, 1907);
INSERT INTO run_segments (run_id, segment_order, segment_type, distance_miles, duration_seconds) VALUES ('e76df37a-7cad-477f-befb-534b6e5f5bf6', 3, 'cooldown', 0.95, 540);
INSERT INTO runs (id, athlete_id, run_date, run_type, distance_miles, duration_seconds, effort_rpe, avg_cadence, avg_hr, max_hr, route, conditions, temperature_f, wind_mph, humidity_percent, dewpoint_f, notes) VALUES ('7c0f327f-c40a-4a50-a31e-54289f402f40', '9ba3e871-bf6d-46de-9a24-9f845e4251ee', '2026-05-06', 'easy', 4.66, 2508, 4, 181, 158, 182, 'Bayshore out & back', 'Clear', 77, 6.0, 84, 70, NULL);
INSERT INTO run_segments (run_id, segment_order, segment_type, distance_miles, duration_seconds) VALUES ('7c0f327f-c40a-4a50-a31e-54289f402f40', 1, 'easy', 4.66, 2508);
INSERT INTO runs (id, athlete_id, run_date, run_type, duration_seconds, effort_rpe, cross_train_activity, notes) VALUES ('d190ae9c-33db-43ca-85bd-f5341b9e5217', '9ba3e871-bf6d-46de-9a24-9f845e4251ee', '2026-05-07', 'cross_train', 1800, 5, 'biking', NULL);
INSERT INTO runs (id, athlete_id, run_date, run_type, distance_miles, duration_seconds, effort_rpe, avg_cadence, avg_hr, max_hr, route, conditions, temperature_f, wind_mph, humidity_percent, dewpoint_f, notes) VALUES ('cd17e880-84cc-452a-8ae1-1bcf698c8f84', '9ba3e871-bf6d-46de-9a24-9f845e4251ee', '2026-05-08', 'easy', 4.0, 2078, 3, 181, 157, 180, 'Track at Plant HS', 'Humid', 68, 10.2, 86, 63, NULL);
INSERT INTO run_segments (run_id, segment_order, segment_type, distance_miles, duration_seconds) VALUES ('cd17e880-84cc-452a-8ae1-1bcf698c8f84', 1, 'easy', 4.0, 2078);
INSERT INTO runs (id, athlete_id, run_date, run_type, distance_miles, duration_seconds, effort_rpe, avg_cadence, avg_hr, max_hr, route, conditions, temperature_f, wind_mph, humidity_percent, dewpoint_f, notes) VALUES ('5b5a4d83-3567-45dd-a674-a96025c21694', '9ba3e871-bf6d-46de-9a24-9f845e4251ee', '2026-05-09', 'long', 8.65, 5093, 7, 185, 172, 194, 'Curtis Hixon waterfront', 'Clear', 81, 5.2, 77, 74, NULL);
INSERT INTO run_segments (run_id, segment_order, segment_type, distance_miles, duration_seconds) VALUES ('5b5a4d83-3567-45dd-a674-a96025c21694', 1, 'easy', 8.65, 5093);
INSERT INTO runs (id, athlete_id, run_date, run_type, distance_miles, duration_seconds, effort_rpe, avg_cadence, avg_hr, max_hr, route, conditions, temperature_f, wind_mph, humidity_percent, dewpoint_f, notes) VALUES ('e404263e-c51e-44ef-8012-5e4df41b17be', '9ba3e871-bf6d-46de-9a24-9f845e4251ee', '2026-05-11', 'easy', 3.86, 2137, 5, 180, 170, 188, 'Track at Plant HS', 'Clear', 76, 4.8, 81, 68, NULL);
INSERT INTO run_segments (run_id, segment_order, segment_type, distance_miles, duration_seconds) VALUES ('e404263e-c51e-44ef-8012-5e4df41b17be', 1, 'easy', 3.86, 2137);
INSERT INTO runs (id, athlete_id, run_date, run_type, distance_miles, duration_seconds, effort_rpe, avg_cadence, avg_hr, max_hr, route, conditions, temperature_f, wind_mph, humidity_percent, dewpoint_f, notes) VALUES ('edcefc2c-4b10-4a43-a661-f8785f173ad6', '9ba3e871-bf6d-46de-9a24-9f845e4251ee', '2026-05-12', 'tempo', 5.33, 2622, 8, 182, 175, 197, 'Curtis Hixon waterfront', 'Partly cloudy', 68, 4.9, 65, 58, NULL);
INSERT INTO run_segments (run_id, segment_order, segment_type, distance_miles, duration_seconds) VALUES ('edcefc2c-4b10-4a43-a661-f8785f173ad6', 1, 'warmup', 1.07, 571);
INSERT INTO run_segments (run_id, segment_order, segment_type, distance_miles, duration_seconds) VALUES ('edcefc2c-4b10-4a43-a661-f8785f173ad6', 2, 'tempo', 3.46, 1593);
INSERT INTO run_segments (run_id, segment_order, segment_type, distance_miles, duration_seconds) VALUES ('edcefc2c-4b10-4a43-a661-f8785f173ad6', 3, 'cooldown', 0.8, 458);
INSERT INTO runs (id, athlete_id, run_date, run_type, distance_miles, duration_seconds, effort_rpe, avg_cadence, avg_hr, max_hr, route, conditions, temperature_f, wind_mph, humidity_percent, dewpoint_f, notes) VALUES ('e6da6e2c-5f74-4286-be24-a8558de738b1', '9ba3e871-bf6d-46de-9a24-9f845e4251ee', '2026-05-13', 'easy', 4.02, 2155, 4, 181, 163, 181, 'Hyde Park loop', 'Partly cloudy', 74, 3.2, 80, 62, NULL);
INSERT INTO run_segments (run_id, segment_order, segment_type, distance_miles, duration_seconds) VALUES ('e6da6e2c-5f74-4286-be24-a8558de738b1', 1, 'easy', 4.02, 2155);
INSERT INTO runs (id, athlete_id, run_date, run_type, duration_seconds, effort_rpe, cross_train_activity, notes) VALUES ('29f04d5c-d3d6-4e84-a424-add37c1b8d17', '9ba3e871-bf6d-46de-9a24-9f845e4251ee', '2026-05-14', 'cross_train', 2400, 5, 'stretch + core', NULL);
INSERT INTO runs (id, athlete_id, run_date, run_type, distance_miles, duration_seconds, effort_rpe, avg_cadence, avg_hr, max_hr, route, conditions, temperature_f, wind_mph, humidity_percent, dewpoint_f, notes) VALUES ('6e416649-177d-40fc-980e-e83108bec76d', '9ba3e871-bf6d-46de-9a24-9f845e4251ee', '2026-05-15', 'easy', 4.62, 2444, 4, 183, 159, 178, 'Bayshore out & back', 'Humid', 69, 9.0, 78, 63, NULL);
INSERT INTO run_segments (run_id, segment_order, segment_type, distance_miles, duration_seconds) VALUES ('6e416649-177d-40fc-980e-e83108bec76d', 1, 'easy', 4.62, 2444);
INSERT INTO runs (id, athlete_id, run_date, run_type, distance_miles, duration_seconds, effort_rpe, avg_cadence, avg_hr, max_hr, route, conditions, temperature_f, wind_mph, humidity_percent, dewpoint_f, notes) VALUES ('4ad6eac7-d35f-4319-9a2d-f6f6601de62d', '9ba3e871-bf6d-46de-9a24-9f845e4251ee', '2026-05-16', 'long', 7.45, 4155, 7, 181, 170, 186, 'Hyde Park loop', 'Partly cloudy', 80, 2.7, 91, 76, NULL);
INSERT INTO run_segments (run_id, segment_order, segment_type, distance_miles, duration_seconds) VALUES ('4ad6eac7-d35f-4319-9a2d-f6f6601de62d', 1, 'easy', 7.45, 4155);

INSERT INTO runs (id, athlete_id, run_date, run_type, distance_miles, duration_seconds, effort_rpe, avg_cadence, avg_hr, max_hr, route, conditions, temperature_f, wind_mph, humidity_percent, dewpoint_f, notes) VALUES ('2c86970b-a332-42a7-858a-61053c3bca00', 'f065e9d7-bc88-4e97-90dd-011fe76885f5', '2026-04-20', 'easy', 2.31, 1404, 4, 175, 174, 192, 'Neighborhood — easy', 'Overcast', 82, 5.0, 88, 72, NULL);
INSERT INTO run_segments (run_id, segment_order, segment_type, distance_miles, duration_seconds) VALUES ('2c86970b-a332-42a7-858a-61053c3bca00', 1, 'easy', 2.31, 1404);
INSERT INTO runs (id, athlete_id, run_date, run_type, distance_miles, duration_seconds, effort_rpe, avg_cadence, avg_hr, max_hr, route, conditions, temperature_f, wind_mph, humidity_percent, dewpoint_f, notes) VALUES ('c7ed96f4-ba7f-4a31-9066-913a092ad52d', 'f065e9d7-bc88-4e97-90dd-011fe76885f5', '2026-04-21', 'tempo', 2.87, 1741, 8, 176, 157, 174, 'Davis Islands loop', 'Humid', 73, 3.6, 64, 63, NULL);
INSERT INTO run_segments (run_id, segment_order, segment_type, distance_miles, duration_seconds) VALUES ('c7ed96f4-ba7f-4a31-9066-913a092ad52d', 1, 'warmup', 0.57, 357);
INSERT INTO run_segments (run_id, segment_order, segment_type, distance_miles, duration_seconds) VALUES ('c7ed96f4-ba7f-4a31-9066-913a092ad52d', 2, 'tempo', 1.87, 1106);
INSERT INTO run_segments (run_id, segment_order, segment_type, distance_miles, duration_seconds) VALUES ('c7ed96f4-ba7f-4a31-9066-913a092ad52d', 3, 'cooldown', 0.43, 278);
INSERT INTO runs (id, athlete_id, run_date, run_type, distance_miles, duration_seconds, effort_rpe, avg_cadence, avg_hr, max_hr, route, conditions, temperature_f, wind_mph, humidity_percent, dewpoint_f, notes) VALUES ('0f76b144-d109-4a24-bb09-b568673420b3', 'f065e9d7-bc88-4e97-90dd-011fe76885f5', '2026-04-22', 'easy', 2.0, 1213, 5, 177, 175, 199, 'Davis Islands loop', 'Overcast', 81, 7.4, 67, 75, NULL);
INSERT INTO run_segments (run_id, segment_order, segment_type, distance_miles, duration_seconds) VALUES ('0f76b144-d109-4a24-bb09-b568673420b3', 1, 'easy', 2.0, 1213);
INSERT INTO runs (id, athlete_id, run_date, run_type, duration_seconds, effort_rpe, cross_train_activity, notes) VALUES ('1c4f9d31-b1dc-4fef-9e2f-a825dae3e9f2', 'f065e9d7-bc88-4e97-90dd-011fe76885f5', '2026-04-23', 'cross_train', 1800, 4, 'swimming', NULL);
INSERT INTO runs (id, athlete_id, run_date, run_type, distance_miles, duration_seconds, effort_rpe, avg_cadence, avg_hr, max_hr, route, conditions, temperature_f, wind_mph, humidity_percent, dewpoint_f, notes) VALUES ('74fae85d-a7bb-4554-afd0-013f92237b8a', 'f065e9d7-bc88-4e97-90dd-011fe76885f5', '2026-04-24', 'easy', 2.35, 1504, 4, 173, 167, 186, 'Curtis Hixon waterfront', 'Overcast', 82, 8.0, 65, 72, NULL);
INSERT INTO run_segments (run_id, segment_order, segment_type, distance_miles, duration_seconds) VALUES ('74fae85d-a7bb-4554-afd0-013f92237b8a', 1, 'easy', 2.35, 1504);
INSERT INTO runs (id, athlete_id, run_date, run_type, distance_miles, duration_seconds, effort_rpe, avg_cadence, avg_hr, max_hr, route, conditions, temperature_f, wind_mph, humidity_percent, dewpoint_f, notes) VALUES ('130cf3e5-7fe8-497e-be90-af7854b6b711', 'f065e9d7-bc88-4e97-90dd-011fe76885f5', '2026-04-25', 'long', 4.24, 2681, 6, 174, 171, 196, 'Curtis Hixon waterfront', 'Humid', 76, 12.0, 71, 66, NULL);
INSERT INTO run_segments (run_id, segment_order, segment_type, distance_miles, duration_seconds) VALUES ('130cf3e5-7fe8-497e-be90-af7854b6b711', 1, 'easy', 4.24, 2681);
INSERT INTO runs (id, athlete_id, run_date, run_type, distance_miles, duration_seconds, effort_rpe, avg_cadence, avg_hr, max_hr, route, conditions, temperature_f, wind_mph, humidity_percent, dewpoint_f, notes) VALUES ('23cdeb92-3efc-48eb-979d-ba2228d4336c', 'f065e9d7-bc88-4e97-90dd-011fe76885f5', '2026-04-27', 'easy', 2.34, 1438, 4, 176, 170, 189, 'Neighborhood — easy', 'Overcast', 85, 6.5, 62, 76, NULL);
INSERT INTO run_segments (run_id, segment_order, segment_type, distance_miles, duration_seconds) VALUES ('23cdeb92-3efc-48eb-979d-ba2228d4336c', 1, 'easy', 2.34, 1438);
INSERT INTO runs (id, athlete_id, run_date, run_type, distance_miles, duration_seconds, effort_rpe, avg_cadence, avg_hr, max_hr, route, conditions, temperature_f, wind_mph, humidity_percent, dewpoint_f, notes) VALUES ('e5bcead9-f12b-45e1-aa03-865fca93aa0a', 'f065e9d7-bc88-4e97-90dd-011fe76885f5', '2026-04-28', 'tempo', 4.12, 2367, 7, 175, 166, 190, 'Curtis Hixon waterfront', 'Overcast', 88, 9.6, 88, 81, NULL);
INSERT INTO run_segments (run_id, segment_order, segment_type, distance_miles, duration_seconds) VALUES ('e5bcead9-f12b-45e1-aa03-865fca93aa0a', 1, 'warmup', 0.82, 509);
INSERT INTO run_segments (run_id, segment_order, segment_type, distance_miles, duration_seconds) VALUES ('e5bcead9-f12b-45e1-aa03-865fca93aa0a', 2, 'tempo', 2.68, 1445);
INSERT INTO run_segments (run_id, segment_order, segment_type, distance_miles, duration_seconds) VALUES ('e5bcead9-f12b-45e1-aa03-865fca93aa0a', 3, 'cooldown', 0.62, 413);
INSERT INTO runs (id, athlete_id, run_date, run_type, distance_miles, duration_seconds, effort_rpe, avg_cadence, avg_hr, max_hr, route, conditions, temperature_f, wind_mph, humidity_percent, dewpoint_f, notes) VALUES ('8116a3ca-9470-481f-82ed-9b55d9767302', 'f065e9d7-bc88-4e97-90dd-011fe76885f5', '2026-04-29', 'easy', 2.61, 1557, 4, 174, 157, 175, 'Hyde Park loop', 'Humid', 82, 8.5, 67, 76, NULL);
INSERT INTO run_segments (run_id, segment_order, segment_type, distance_miles, duration_seconds) VALUES ('8116a3ca-9470-481f-82ed-9b55d9767302', 1, 'easy', 2.61, 1557);
INSERT INTO runs (id, athlete_id, run_date, run_type, duration_seconds, effort_rpe, cross_train_activity, notes) VALUES ('5046bfe2-fca1-45e5-9614-e2c3b39047f0', 'f065e9d7-bc88-4e97-90dd-011fe76885f5', '2026-04-30', 'cross_train', 3600, 5, 'elliptical', NULL);
INSERT INTO runs (id, athlete_id, run_date, run_type, distance_miles, duration_seconds, effort_rpe, avg_cadence, avg_hr, max_hr, route, conditions, temperature_f, wind_mph, humidity_percent, dewpoint_f, notes) VALUES ('e82a3bc3-9803-440d-bdd7-0e8608a4e90e', 'f065e9d7-bc88-4e97-90dd-011fe76885f5', '2026-05-01', 'easy', 2.35, 1453, 5, 175, 159, 175, 'Al Lopez Park trails', 'Overcast', 81, 11.3, 81, 69, NULL);
INSERT INTO run_segments (run_id, segment_order, segment_type, distance_miles, duration_seconds) VALUES ('e82a3bc3-9803-440d-bdd7-0e8608a4e90e', 1, 'easy', 2.35, 1453);
INSERT INTO runs (id, athlete_id, run_date, run_type, distance_miles, duration_seconds, effort_rpe, avg_cadence, avg_hr, max_hr, route, conditions, temperature_f, wind_mph, humidity_percent, dewpoint_f, notes) VALUES ('190a1f3a-b4bd-428b-b101-ddb5c7d6cd2f', 'f065e9d7-bc88-4e97-90dd-011fe76885f5', '2026-05-02', 'long', 4.87, 3102, 6, 173, 172, 195, 'Neighborhood — easy', 'Humid', 82, 10.7, 80, 75, NULL);
INSERT INTO run_segments (run_id, segment_order, segment_type, distance_miles, duration_seconds) VALUES ('190a1f3a-b4bd-428b-b101-ddb5c7d6cd2f', 1, 'easy', 4.87, 3102);
INSERT INTO runs (id, athlete_id, run_date, run_type, distance_miles, duration_seconds, effort_rpe, avg_cadence, avg_hr, max_hr, route, conditions, temperature_f, wind_mph, humidity_percent, dewpoint_f, notes) VALUES ('bac5dc4f-9995-4371-b26d-6b5b793acd56', 'f065e9d7-bc88-4e97-90dd-011fe76885f5', '2026-05-04', 'easy', 2.86, 1692, 5, 171, 159, 182, 'Track at Plant HS', 'Clear', 71, 3.0, 88, 60, NULL);
INSERT INTO run_segments (run_id, segment_order, segment_type, distance_miles, duration_seconds) VALUES ('bac5dc4f-9995-4371-b26d-6b5b793acd56', 1, 'easy', 2.86, 1692);
INSERT INTO runs (id, athlete_id, run_date, run_type, distance_miles, duration_seconds, effort_rpe, avg_cadence, avg_hr, max_hr, route, conditions, temperature_f, wind_mph, humidity_percent, dewpoint_f, notes) VALUES ('0e057e83-1034-417f-a5b9-5058f8b8a606', 'f065e9d7-bc88-4e97-90dd-011fe76885f5', '2026-05-05', 'tempo', 3.66, 2156, 7, 175, 167, 192, 'Hyde Park loop', 'Clear', 78, 11.5, 84, 67, NULL);
INSERT INTO run_segments (run_id, segment_order, segment_type, distance_miles, duration_seconds) VALUES ('0e057e83-1034-417f-a5b9-5058f8b8a606', 1, 'warmup', 0.73, 455);
INSERT INTO run_segments (run_id, segment_order, segment_type, distance_miles, duration_seconds) VALUES ('0e057e83-1034-417f-a5b9-5058f8b8a606', 2, 'tempo', 2.38, 1350);
INSERT INTO run_segments (run_id, segment_order, segment_type, distance_miles, duration_seconds) VALUES ('0e057e83-1034-417f-a5b9-5058f8b8a606', 3, 'cooldown', 0.55, 351);
INSERT INTO runs (id, athlete_id, run_date, run_type, distance_miles, duration_seconds, effort_rpe, avg_cadence, avg_hr, max_hr, route, conditions, temperature_f, wind_mph, humidity_percent, dewpoint_f, notes) VALUES ('f8319304-aea4-480c-af0b-f337e4008d03', 'f065e9d7-bc88-4e97-90dd-011fe76885f5', '2026-05-06', 'easy', 2.25, 1357, 3, 172, 164, 179, 'Bayshore out & back', 'Humid', 78, 4.9, 63, 69, NULL);
INSERT INTO run_segments (run_id, segment_order, segment_type, distance_miles, duration_seconds) VALUES ('f8319304-aea4-480c-af0b-f337e4008d03', 1, 'easy', 2.25, 1357);
INSERT INTO runs (id, athlete_id, run_date, run_type, duration_seconds, effort_rpe, cross_train_activity, notes) VALUES ('9b3241e1-991d-4247-997a-99c07a903014', 'f065e9d7-bc88-4e97-90dd-011fe76885f5', '2026-05-07', 'cross_train', 2700, 4, 'pool run', NULL);
INSERT INTO runs (id, athlete_id, run_date, run_type, distance_miles, duration_seconds, effort_rpe, avg_cadence, avg_hr, max_hr, route, conditions, temperature_f, wind_mph, humidity_percent, dewpoint_f, notes) VALUES ('c6baadfa-b98d-45df-941d-e8ae1e1eb8ee', 'f065e9d7-bc88-4e97-90dd-011fe76885f5', '2026-05-08', 'easy', 1.99, 1280, 4, 174, 175, 194, 'Curtis Hixon waterfront', 'Overcast', 76, 11.0, 60, 65, NULL);
INSERT INTO run_segments (run_id, segment_order, segment_type, distance_miles, duration_seconds) VALUES ('c6baadfa-b98d-45df-941d-e8ae1e1eb8ee', 1, 'easy', 1.99, 1280);
INSERT INTO runs (id, athlete_id, run_date, run_type, distance_miles, duration_seconds, effort_rpe, avg_cadence, avg_hr, max_hr, route, conditions, temperature_f, wind_mph, humidity_percent, dewpoint_f, notes) VALUES ('f3054d75-0495-4563-828b-8690b336aabc', 'f065e9d7-bc88-4e97-90dd-011fe76885f5', '2026-05-09', 'long', 4.97, 3212, 6, 173, 169, 188, 'Davis Islands loop', 'Overcast', 80, 3.1, 90, 70, NULL);
INSERT INTO run_segments (run_id, segment_order, segment_type, distance_miles, duration_seconds) VALUES ('f3054d75-0495-4563-828b-8690b336aabc', 1, 'easy', 4.97, 3212);
INSERT INTO runs (id, athlete_id, run_date, run_type, distance_miles, duration_seconds, effort_rpe, avg_cadence, avg_hr, max_hr, route, conditions, temperature_f, wind_mph, humidity_percent, dewpoint_f, notes) VALUES ('18b86812-afce-49ce-9491-e0b9ee21f803', 'f065e9d7-bc88-4e97-90dd-011fe76885f5', '2026-05-11', 'easy', 3.33, 2022, 5, 176, 170, 189, 'Davis Islands loop', 'Overcast', 87, 4.2, 82, 80, NULL);
INSERT INTO run_segments (run_id, segment_order, segment_type, distance_miles, duration_seconds) VALUES ('18b86812-afce-49ce-9491-e0b9ee21f803', 1, 'easy', 3.33, 2022);
INSERT INTO runs (id, athlete_id, run_date, run_type, distance_miles, duration_seconds, effort_rpe, avg_cadence, avg_hr, max_hr, route, conditions, temperature_f, wind_mph, humidity_percent, dewpoint_f, notes) VALUES ('f6e8ceae-780b-41a0-bcb4-97a757e0f6c4', 'f065e9d7-bc88-4e97-90dd-011fe76885f5', '2026-05-12', 'tempo', 4.3, 2534, 8, 177, 169, 184, 'Track at Plant HS', 'Humid', 72, 11.1, 65, 63, NULL);
INSERT INTO run_segments (run_id, segment_order, segment_type, distance_miles, duration_seconds) VALUES ('f6e8ceae-780b-41a0-bcb4-97a757e0f6c4', 1, 'warmup', 0.86, 522);
INSERT INTO run_segments (run_id, segment_order, segment_type, distance_miles, duration_seconds) VALUES ('f6e8ceae-780b-41a0-bcb4-97a757e0f6c4', 2, 'tempo', 2.8, 1606);
INSERT INTO run_segments (run_id, segment_order, segment_type, distance_miles, duration_seconds) VALUES ('f6e8ceae-780b-41a0-bcb4-97a757e0f6c4', 3, 'cooldown', 0.64, 406);
INSERT INTO runs (id, athlete_id, run_date, run_type, distance_miles, duration_seconds, effort_rpe, avg_cadence, avg_hr, max_hr, route, conditions, temperature_f, wind_mph, humidity_percent, dewpoint_f, notes) VALUES ('bc1da8ad-3928-4b38-b103-4ec91f152785', 'f065e9d7-bc88-4e97-90dd-011fe76885f5', '2026-05-13', 'easy', 3.3, 2052, 4, 176, 165, 181, 'Curtis Hixon waterfront', 'Humid', 70, 9.5, 69, 63, NULL);
INSERT INTO run_segments (run_id, segment_order, segment_type, distance_miles, duration_seconds) VALUES ('bc1da8ad-3928-4b38-b103-4ec91f152785', 1, 'easy', 3.3, 2052);
INSERT INTO runs (id, athlete_id, run_date, run_type, duration_seconds, effort_rpe, cross_train_activity, notes) VALUES ('aa0d9c2f-beee-4634-bd0c-0560baff106b', 'f065e9d7-bc88-4e97-90dd-011fe76885f5', '2026-05-14', 'cross_train', 2400, 3, 'pool run', NULL);
INSERT INTO runs (id, athlete_id, run_date, run_type, distance_miles, duration_seconds, effort_rpe, avg_cadence, avg_hr, max_hr, route, conditions, temperature_f, wind_mph, humidity_percent, dewpoint_f, notes) VALUES ('a2922868-8996-4dbb-aaeb-7f0eeae38ab8', 'f065e9d7-bc88-4e97-90dd-011fe76885f5', '2026-05-15', 'easy', 2.02, 1257, 5, 174, 175, 195, 'Hyde Park loop', 'Overcast', 75, 2.3, 90, 63, NULL);
INSERT INTO run_segments (run_id, segment_order, segment_type, distance_miles, duration_seconds) VALUES ('a2922868-8996-4dbb-aaeb-7f0eeae38ab8', 1, 'easy', 2.02, 1257);
INSERT INTO runs (id, athlete_id, run_date, run_type, distance_miles, duration_seconds, effort_rpe, avg_cadence, avg_hr, max_hr, route, conditions, temperature_f, wind_mph, humidity_percent, dewpoint_f, notes) VALUES ('fe19494c-1006-4779-8894-73a32b11f72d', 'f065e9d7-bc88-4e97-90dd-011fe76885f5', '2026-05-16', 'long', 5.37, 3338, 6, 172, 156, 171, 'Al Lopez Park trails', 'Partly cloudy', 83, 3.0, 67, 71, NULL);
INSERT INTO run_segments (run_id, segment_order, segment_type, distance_miles, duration_seconds) VALUES ('fe19494c-1006-4779-8894-73a32b11f72d', 1, 'easy', 5.37, 3338);

INSERT INTO runs (id, athlete_id, run_date, run_type, distance_miles, duration_seconds, effort_rpe, avg_cadence, avg_hr, max_hr, route, conditions, temperature_f, wind_mph, humidity_percent, dewpoint_f, notes) VALUES ('a0d490bb-e599-4d67-9f65-c727288aa2ee', 'c2a2684c-fbfe-48d1-808e-785b2bd9bc4e', '2026-04-20', 'easy', 1.65, 1138, 5, NULL, NULL, NULL, 'Neighborhood — easy', 'Humid', 76, 8.9, 62, 69, NULL);
INSERT INTO run_segments (run_id, segment_order, segment_type, distance_miles, duration_seconds) VALUES ('a0d490bb-e599-4d67-9f65-c727288aa2ee', 1, 'easy', 1.65, 1138);
INSERT INTO runs (id, athlete_id, run_date, run_type, distance_miles, duration_seconds, effort_rpe, avg_cadence, avg_hr, max_hr, route, conditions, temperature_f, wind_mph, humidity_percent, dewpoint_f, notes) VALUES ('862fbe7a-c12b-4611-90ce-7b2657a91fd6', 'c2a2684c-fbfe-48d1-808e-785b2bd9bc4e', '2026-04-21', 'tempo', 2.41, 1474, 7, NULL, NULL, NULL, 'Davis Islands loop', 'Clear', 71, 2.9, 89, 64, NULL);
INSERT INTO run_segments (run_id, segment_order, segment_type, distance_miles, duration_seconds) VALUES ('862fbe7a-c12b-4611-90ce-7b2657a91fd6', 1, 'warmup', 0.48, 308);
INSERT INTO run_segments (run_id, segment_order, segment_type, distance_miles, duration_seconds) VALUES ('862fbe7a-c12b-4611-90ce-7b2657a91fd6', 2, 'tempo', 1.57, 921);
INSERT INTO run_segments (run_id, segment_order, segment_type, distance_miles, duration_seconds) VALUES ('862fbe7a-c12b-4611-90ce-7b2657a91fd6', 3, 'cooldown', 0.36, 245);
INSERT INTO runs (id, athlete_id, run_date, run_type, distance_miles, duration_seconds, effort_rpe, avg_cadence, avg_hr, max_hr, route, conditions, temperature_f, wind_mph, humidity_percent, dewpoint_f, notes) VALUES ('15e53eb1-c4dc-431d-a5fd-df793ebde96c', 'c2a2684c-fbfe-48d1-808e-785b2bd9bc4e', '2026-04-22', 'easy', 2.01, 1287, 4, NULL, NULL, NULL, 'Bayshore out & back', 'Overcast', 76, 11.9, 69, 64, NULL);
INSERT INTO run_segments (run_id, segment_order, segment_type, distance_miles, duration_seconds) VALUES ('15e53eb1-c4dc-431d-a5fd-df793ebde96c', 1, 'easy', 2.01, 1287);
INSERT INTO runs (id, athlete_id, run_date, run_type, duration_seconds, effort_rpe, cross_train_activity, notes) VALUES ('35cd63ca-b422-45b3-a1d3-9c6ca0ec1235', 'c2a2684c-fbfe-48d1-808e-785b2bd9bc4e', '2026-04-23', 'cross_train', 1800, 4, 'swimming', NULL);
INSERT INTO runs (id, athlete_id, run_date, run_type, distance_miles, duration_seconds, effort_rpe, avg_cadence, avg_hr, max_hr, route, conditions, temperature_f, wind_mph, humidity_percent, dewpoint_f, notes) VALUES ('8d591ccf-cdca-49b0-bb48-d02d9d94e2c3', 'c2a2684c-fbfe-48d1-808e-785b2bd9bc4e', '2026-04-24', 'easy', 2.02, 1298, 4, NULL, NULL, NULL, 'Riverwalk + bridges', 'Humid', 81, 9.5, 67, 70, NULL);
INSERT INTO run_segments (run_id, segment_order, segment_type, distance_miles, duration_seconds) VALUES ('8d591ccf-cdca-49b0-bb48-d02d9d94e2c3', 1, 'easy', 2.02, 1298);
INSERT INTO runs (id, athlete_id, run_date, run_type, distance_miles, duration_seconds, effort_rpe, avg_cadence, avg_hr, max_hr, route, conditions, temperature_f, wind_mph, humidity_percent, dewpoint_f, notes) VALUES ('1abce7d1-e404-441e-bbc8-742195a186d6', 'c2a2684c-fbfe-48d1-808e-785b2bd9bc4e', '2026-04-25', 'long', 3.86, 2559, 5, NULL, NULL, NULL, 'Bayshore out & back', 'Clear', 69, 10.5, 90, 59, NULL);
INSERT INTO run_segments (run_id, segment_order, segment_type, distance_miles, duration_seconds) VALUES ('1abce7d1-e404-441e-bbc8-742195a186d6', 1, 'easy', 3.86, 2559);
INSERT INTO runs (id, athlete_id, run_date, run_type, distance_miles, duration_seconds, effort_rpe, avg_cadence, avg_hr, max_hr, route, conditions, temperature_f, wind_mph, humidity_percent, dewpoint_f, notes) VALUES ('54a81e88-f2c4-4e03-a4d4-0a8234058706', 'c2a2684c-fbfe-48d1-808e-785b2bd9bc4e', '2026-04-27', 'easy', 2.29, 1447, 3, NULL, NULL, NULL, 'Riverwalk + bridges', 'Overcast', 76, 5.8, 80, 64, NULL);
INSERT INTO run_segments (run_id, segment_order, segment_type, distance_miles, duration_seconds) VALUES ('54a81e88-f2c4-4e03-a4d4-0a8234058706', 1, 'easy', 2.29, 1447);
INSERT INTO runs (id, athlete_id, run_date, run_type, distance_miles, duration_seconds, effort_rpe, avg_cadence, avg_hr, max_hr, route, conditions, temperature_f, wind_mph, humidity_percent, dewpoint_f, notes) VALUES ('8865ff71-4c5f-418b-abf3-1caea46b57d9', 'c2a2684c-fbfe-48d1-808e-785b2bd9bc4e', '2026-04-28', 'tempo', 2.95, 1756, 7, NULL, NULL, NULL, 'Neighborhood — easy', 'Overcast', 78, 6.0, 89, 73, NULL);
INSERT INTO run_segments (run_id, segment_order, segment_type, distance_miles, duration_seconds) VALUES ('8865ff71-4c5f-418b-abf3-1caea46b57d9', 1, 'warmup', 0.59, 387);
INSERT INTO run_segments (run_id, segment_order, segment_type, distance_miles, duration_seconds) VALUES ('8865ff71-4c5f-418b-abf3-1caea46b57d9', 2, 'tempo', 1.92, 1063);
INSERT INTO run_segments (run_id, segment_order, segment_type, distance_miles, duration_seconds) VALUES ('8865ff71-4c5f-418b-abf3-1caea46b57d9', 3, 'cooldown', 0.44, 306);
INSERT INTO runs (id, athlete_id, run_date, run_type, distance_miles, duration_seconds, effort_rpe, avg_cadence, avg_hr, max_hr, route, conditions, temperature_f, wind_mph, humidity_percent, dewpoint_f, notes) VALUES ('816490ba-db0b-4524-9e2e-cf6b64d72daf', 'c2a2684c-fbfe-48d1-808e-785b2bd9bc4e', '2026-04-29', 'easy', 1.57, 1080, 3, NULL, NULL, NULL, 'Hyde Park loop', 'Overcast', 79, 7.6, 68, 67, NULL);
INSERT INTO run_segments (run_id, segment_order, segment_type, distance_miles, duration_seconds) VALUES ('816490ba-db0b-4524-9e2e-cf6b64d72daf', 1, 'easy', 1.57, 1080);
INSERT INTO runs (id, athlete_id, run_date, run_type, duration_seconds, effort_rpe, cross_train_activity, notes) VALUES ('0c38571d-4e57-450d-b53e-8f1d615f218f', 'c2a2684c-fbfe-48d1-808e-785b2bd9bc4e', '2026-04-30', 'cross_train', 2400, 6, 'stretch + core', NULL);
INSERT INTO runs (id, athlete_id, run_date, run_type, distance_miles, duration_seconds, effort_rpe, avg_cadence, avg_hr, max_hr, route, conditions, temperature_f, wind_mph, humidity_percent, dewpoint_f, notes) VALUES ('dd22a64c-0786-4bcf-b493-98408dc9cb13', 'c2a2684c-fbfe-48d1-808e-785b2bd9bc4e', '2026-05-01', 'easy', 2.11, 1458, 4, NULL, NULL, NULL, 'Curtis Hixon waterfront', 'Overcast', 75, 5.5, 66, 63, NULL);
INSERT INTO run_segments (run_id, segment_order, segment_type, distance_miles, duration_seconds) VALUES ('dd22a64c-0786-4bcf-b493-98408dc9cb13', 1, 'easy', 2.11, 1458);
INSERT INTO runs (id, athlete_id, run_date, run_type, distance_miles, duration_seconds, effort_rpe, avg_cadence, avg_hr, max_hr, route, conditions, temperature_f, wind_mph, humidity_percent, dewpoint_f, notes) VALUES ('d9026801-bb50-4c06-9942-fc3caff3fd97', 'c2a2684c-fbfe-48d1-808e-785b2bd9bc4e', '2026-05-02', 'long', 3.89, 2611, 5, NULL, NULL, NULL, 'Riverwalk + bridges', 'Clear', 76, 11.2, 79, 67, NULL);
INSERT INTO run_segments (run_id, segment_order, segment_type, distance_miles, duration_seconds) VALUES ('d9026801-bb50-4c06-9942-fc3caff3fd97', 1, 'easy', 3.89, 2611);
INSERT INTO runs (id, athlete_id, run_date, run_type, distance_miles, duration_seconds, effort_rpe, avg_cadence, avg_hr, max_hr, route, conditions, temperature_f, wind_mph, humidity_percent, dewpoint_f, notes) VALUES ('4702b820-406c-4253-a59e-43dce23401a5', 'c2a2684c-fbfe-48d1-808e-785b2bd9bc4e', '2026-05-04', 'easy', 1.69, 1133, 3, NULL, NULL, NULL, 'Davis Islands loop', 'Overcast', 80, 6.5, 86, 74, NULL);
INSERT INTO run_segments (run_id, segment_order, segment_type, distance_miles, duration_seconds) VALUES ('4702b820-406c-4253-a59e-43dce23401a5', 1, 'easy', 1.69, 1133);
INSERT INTO runs (id, athlete_id, run_date, run_type, distance_miles, duration_seconds, effort_rpe, avg_cadence, avg_hr, max_hr, route, conditions, temperature_f, wind_mph, humidity_percent, dewpoint_f, notes) VALUES ('8ab643e3-f6b6-4f8d-9e79-f6d4489e33f6', 'c2a2684c-fbfe-48d1-808e-785b2bd9bc4e', '2026-05-05', 'tempo', 2.9, 1877, 7, NULL, NULL, NULL, 'Bayshore out & back', 'Humid', 70, 6.4, 77, 60, NULL);
INSERT INTO run_segments (run_id, segment_order, segment_type, distance_miles, duration_seconds) VALUES ('8ab643e3-f6b6-4f8d-9e79-f6d4489e33f6', 1, 'warmup', 0.58, 385);
INSERT INTO run_segments (run_id, segment_order, segment_type, distance_miles, duration_seconds) VALUES ('8ab643e3-f6b6-4f8d-9e79-f6d4489e33f6', 2, 'tempo', 1.89, 1197);
INSERT INTO run_segments (run_id, segment_order, segment_type, distance_miles, duration_seconds) VALUES ('8ab643e3-f6b6-4f8d-9e79-f6d4489e33f6', 3, 'cooldown', 0.43, 295);
INSERT INTO runs (id, athlete_id, run_date, run_type, distance_miles, duration_seconds, effort_rpe, avg_cadence, avg_hr, max_hr, route, conditions, temperature_f, wind_mph, humidity_percent, dewpoint_f, notes) VALUES ('10b4d220-0cd9-4ef7-afc3-7ed6db41ef95', 'c2a2684c-fbfe-48d1-808e-785b2bd9bc4e', '2026-05-06', 'easy', 2.07, 1345, 3, NULL, NULL, NULL, 'Al Lopez Park trails', 'Clear', 69, 6.0, 74, 65, NULL);
INSERT INTO run_segments (run_id, segment_order, segment_type, distance_miles, duration_seconds) VALUES ('10b4d220-0cd9-4ef7-afc3-7ed6db41ef95', 1, 'easy', 2.07, 1345);
INSERT INTO runs (id, athlete_id, run_date, run_type, duration_seconds, effort_rpe, cross_train_activity, notes) VALUES ('ed4f5c5c-ee5f-4bfd-9ff1-3fc65e726820', 'c2a2684c-fbfe-48d1-808e-785b2bd9bc4e', '2026-05-07', 'cross_train', 2100, 5, 'biking', NULL);
INSERT INTO runs (id, athlete_id, run_date, run_type, distance_miles, duration_seconds, effort_rpe, avg_cadence, avg_hr, max_hr, route, conditions, temperature_f, wind_mph, humidity_percent, dewpoint_f, notes) VALUES ('1f3a2a20-c011-4af9-82d0-044c3cde96b9', 'c2a2684c-fbfe-48d1-808e-785b2bd9bc4e', '2026-05-08', 'easy', 1.66, 1095, 5, NULL, NULL, NULL, 'Davis Islands loop', 'Humid', 84, 2.7, 82, 80, NULL);
INSERT INTO run_segments (run_id, segment_order, segment_type, distance_miles, duration_seconds) VALUES ('1f3a2a20-c011-4af9-82d0-044c3cde96b9', 1, 'easy', 1.66, 1095);
INSERT INTO runs (id, athlete_id, run_date, run_type, distance_miles, duration_seconds, effort_rpe, avg_cadence, avg_hr, max_hr, route, conditions, temperature_f, wind_mph, humidity_percent, dewpoint_f, notes) VALUES ('fa437de5-a6f0-4190-b266-822b4ade1288', 'c2a2684c-fbfe-48d1-808e-785b2bd9bc4e', '2026-05-09', 'long', 5.03, 3596, 7, NULL, NULL, NULL, 'Hyde Park loop', 'Humid', 80, 11.7, 61, 74, NULL);
INSERT INTO run_segments (run_id, segment_order, segment_type, distance_miles, duration_seconds) VALUES ('fa437de5-a6f0-4190-b266-822b4ade1288', 1, 'easy', 5.03, 3596);
INSERT INTO runs (id, athlete_id, run_date, run_type, distance_miles, duration_seconds, effort_rpe, avg_cadence, avg_hr, max_hr, route, conditions, temperature_f, wind_mph, humidity_percent, dewpoint_f, notes) VALUES ('b1278b4d-b956-4160-8b1d-546eaaa71410', 'c2a2684c-fbfe-48d1-808e-785b2bd9bc4e', '2026-05-11', 'easy', 2.68, 1696, 3, NULL, NULL, NULL, 'Hyde Park loop', 'Overcast', 80, 9.5, 79, 73, NULL);
INSERT INTO run_segments (run_id, segment_order, segment_type, distance_miles, duration_seconds) VALUES ('b1278b4d-b956-4160-8b1d-546eaaa71410', 1, 'easy', 2.68, 1696);
INSERT INTO runs (id, athlete_id, run_date, run_type, distance_miles, duration_seconds, effort_rpe, avg_cadence, avg_hr, max_hr, route, conditions, temperature_f, wind_mph, humidity_percent, dewpoint_f, notes) VALUES ('e05bb937-a79e-4104-9039-aa27ec702705', 'c2a2684c-fbfe-48d1-808e-785b2bd9bc4e', '2026-05-12', 'tempo', 2.86, 1797, 7, NULL, NULL, NULL, 'Hyde Park loop', 'Clear', 72, 4.0, 76, 66, NULL);
INSERT INTO run_segments (run_id, segment_order, segment_type, distance_miles, duration_seconds) VALUES ('e05bb937-a79e-4104-9039-aa27ec702705', 1, 'warmup', 0.57, 368);
INSERT INTO run_segments (run_id, segment_order, segment_type, distance_miles, duration_seconds) VALUES ('e05bb937-a79e-4104-9039-aa27ec702705', 2, 'tempo', 1.86, 1128);
INSERT INTO run_segments (run_id, segment_order, segment_type, distance_miles, duration_seconds) VALUES ('e05bb937-a79e-4104-9039-aa27ec702705', 3, 'cooldown', 0.43, 301);
INSERT INTO runs (id, athlete_id, run_date, run_type, distance_miles, duration_seconds, effort_rpe, avg_cadence, avg_hr, max_hr, route, conditions, temperature_f, wind_mph, humidity_percent, dewpoint_f, notes) VALUES ('9bd22d90-a9e2-46bf-b1f9-b6d9818c157f', 'c2a2684c-fbfe-48d1-808e-785b2bd9bc4e', '2026-05-13', 'easy', 2.5, 1693, 5, NULL, NULL, NULL, 'Curtis Hixon waterfront', 'Overcast', 70, 6.4, 90, 62, NULL);
INSERT INTO run_segments (run_id, segment_order, segment_type, distance_miles, duration_seconds) VALUES ('9bd22d90-a9e2-46bf-b1f9-b6d9818c157f', 1, 'easy', 2.5, 1693);
INSERT INTO runs (id, athlete_id, run_date, run_type, duration_seconds, effort_rpe, cross_train_activity, notes) VALUES ('19a23f3b-c56a-4c89-99a5-53b26237fd86', 'c2a2684c-fbfe-48d1-808e-785b2bd9bc4e', '2026-05-14', 'cross_train', 3600, 3, 'elliptical', NULL);
INSERT INTO runs (id, athlete_id, run_date, run_type, distance_miles, duration_seconds, effort_rpe, avg_cadence, avg_hr, max_hr, route, conditions, temperature_f, wind_mph, humidity_percent, dewpoint_f, notes) VALUES ('fd560562-a738-4d2b-a40d-a7291aa1b858', 'c2a2684c-fbfe-48d1-808e-785b2bd9bc4e', '2026-05-15', 'easy', 2.16, 1362, 4, NULL, NULL, NULL, 'Neighborhood — easy', 'Overcast', 82, 6.5, 62, 75, NULL);
INSERT INTO run_segments (run_id, segment_order, segment_type, distance_miles, duration_seconds) VALUES ('fd560562-a738-4d2b-a40d-a7291aa1b858', 1, 'easy', 2.16, 1362);
INSERT INTO runs (id, athlete_id, run_date, run_type, distance_miles, duration_seconds, effort_rpe, avg_cadence, avg_hr, max_hr, route, conditions, temperature_f, wind_mph, humidity_percent, dewpoint_f, notes) VALUES ('61741736-bacd-4800-b416-c87768986de5', 'c2a2684c-fbfe-48d1-808e-785b2bd9bc4e', '2026-05-16', 'long', 4.85, 3500, 5, NULL, NULL, NULL, 'Riverwalk + bridges', 'Partly cloudy', 69, 9.1, 75, 58, NULL);
INSERT INTO run_segments (run_id, segment_order, segment_type, distance_miles, duration_seconds) VALUES ('61741736-bacd-4800-b416-c87768986de5', 1, 'easy', 4.85, 3500);

INSERT INTO runs (id, athlete_id, run_date, run_type, distance_miles, duration_seconds, effort_rpe, avg_cadence, avg_hr, max_hr, route, conditions, temperature_f, wind_mph, humidity_percent, dewpoint_f, notes) VALUES ('3231c668-cd4f-41a9-8b0e-0f220c4f2eb8', 'ff651091-e69d-4599-b6d3-448c347055e2', '2026-04-20', 'easy', 3.09, 1848, 4, 177, 158, 181, 'Neighborhood — easy', 'Overcast', 77, 9.2, 76, 71, NULL);
INSERT INTO run_segments (run_id, segment_order, segment_type, distance_miles, duration_seconds) VALUES ('3231c668-cd4f-41a9-8b0e-0f220c4f2eb8', 1, 'easy', 3.09, 1848);
INSERT INTO runs (id, athlete_id, run_date, run_type, distance_miles, duration_seconds, effort_rpe, avg_cadence, avg_hr, max_hr, route, conditions, temperature_f, wind_mph, humidity_percent, dewpoint_f, notes) VALUES ('3686c51f-b46f-4d5c-aaaf-4954fb533450', 'ff651091-e69d-4599-b6d3-448c347055e2', '2026-04-21', 'tempo', 4.05, 2384, 7, 179, 167, 192, 'Track at Plant HS', 'Overcast', 72, 8.5, 65, 62, NULL);
INSERT INTO run_segments (run_id, segment_order, segment_type, distance_miles, duration_seconds) VALUES ('3686c51f-b46f-4d5c-aaaf-4954fb533450', 1, 'warmup', 0.81, 475);
INSERT INTO run_segments (run_id, segment_order, segment_type, distance_miles, duration_seconds) VALUES ('3686c51f-b46f-4d5c-aaaf-4954fb533450', 2, 'tempo', 2.63, 1527);
INSERT INTO run_segments (run_id, segment_order, segment_type, distance_miles, duration_seconds) VALUES ('3686c51f-b46f-4d5c-aaaf-4954fb533450', 3, 'cooldown', 0.61, 382);
INSERT INTO runs (id, athlete_id, run_date, run_type, distance_miles, duration_seconds, effort_rpe, avg_cadence, avg_hr, max_hr, route, conditions, temperature_f, wind_mph, humidity_percent, dewpoint_f, notes) VALUES ('b018229b-de01-42fa-98f1-ed8e582c4615', 'ff651091-e69d-4599-b6d3-448c347055e2', '2026-04-22', 'easy', 2.36, 1466, 4, 177, 158, 181, 'Bayshore out & back', 'Partly cloudy', 78, 8.0, 68, 72, NULL);
INSERT INTO run_segments (run_id, segment_order, segment_type, distance_miles, duration_seconds) VALUES ('b018229b-de01-42fa-98f1-ed8e582c4615', 1, 'easy', 2.36, 1466);
INSERT INTO runs (id, athlete_id, run_date, run_type, duration_seconds, effort_rpe, cross_train_activity, notes) VALUES ('90c410af-3665-488e-9cf6-ef502fb5e972', 'ff651091-e69d-4599-b6d3-448c347055e2', '2026-04-23', 'cross_train', 2100, 6, 'pool run', NULL);
INSERT INTO runs (id, athlete_id, run_date, run_type, distance_miles, duration_seconds, effort_rpe, avg_cadence, avg_hr, max_hr, route, conditions, temperature_f, wind_mph, humidity_percent, dewpoint_f, notes) VALUES ('83c9243b-3dea-42d7-83d6-4c6bee64f258', 'ff651091-e69d-4599-b6d3-448c347055e2', '2026-04-24', 'easy', 2.39, 1478, 5, 179, 162, 181, 'Curtis Hixon waterfront', 'Humid', 74, 8.8, 83, 63, NULL);
INSERT INTO run_segments (run_id, segment_order, segment_type, distance_miles, duration_seconds) VALUES ('83c9243b-3dea-42d7-83d6-4c6bee64f258', 1, 'easy', 2.39, 1478);
INSERT INTO runs (id, athlete_id, run_date, run_type, distance_miles, duration_seconds, effort_rpe, avg_cadence, avg_hr, max_hr, route, conditions, temperature_f, wind_mph, humidity_percent, dewpoint_f, notes) VALUES ('b40c1b61-c7fe-41ae-acb4-96c469a6328e', 'ff651091-e69d-4599-b6d3-448c347055e2', '2026-04-25', 'long', 6.04, 3837, 6, 175, 175, 197, 'Track at Plant HS', 'Clear', 85, 9.1, 66, 73, NULL);
INSERT INTO run_segments (run_id, segment_order, segment_type, distance_miles, duration_seconds) VALUES ('b40c1b61-c7fe-41ae-acb4-96c469a6328e', 1, 'easy', 6.04, 3837);
INSERT INTO runs (id, athlete_id, run_date, run_type, distance_miles, duration_seconds, effort_rpe, avg_cadence, avg_hr, max_hr, route, conditions, temperature_f, wind_mph, humidity_percent, dewpoint_f, notes) VALUES ('0f009efc-5c3b-4bc8-a481-07c96562de08', 'ff651091-e69d-4599-b6d3-448c347055e2', '2026-04-27', 'easy', 3.07, 1815, 4, 177, 155, 176, 'Bayshore out & back', 'Clear', 80, 5.7, 92, 70, NULL);
INSERT INTO run_segments (run_id, segment_order, segment_type, distance_miles, duration_seconds) VALUES ('0f009efc-5c3b-4bc8-a481-07c96562de08', 1, 'easy', 3.07, 1815);
INSERT INTO runs (id, athlete_id, run_date, run_type, distance_miles, duration_seconds, effort_rpe, avg_cadence, avg_hr, max_hr, route, conditions, temperature_f, wind_mph, humidity_percent, dewpoint_f, notes) VALUES ('1e45bdee-9884-4032-b424-94963ea374e1', 'ff651091-e69d-4599-b6d3-448c347055e2', '2026-04-28', 'tempo', 3.43, 2021, 7, 181, 170, 187, 'Curtis Hixon waterfront', 'Overcast', 82, 11.1, 60, 78, NULL);
INSERT INTO run_segments (run_id, segment_order, segment_type, distance_miles, duration_seconds) VALUES ('1e45bdee-9884-4032-b424-94963ea374e1', 1, 'warmup', 0.69, 410);
INSERT INTO run_segments (run_id, segment_order, segment_type, distance_miles, duration_seconds) VALUES ('1e45bdee-9884-4032-b424-94963ea374e1', 2, 'tempo', 2.23, 1294);
INSERT INTO run_segments (run_id, segment_order, segment_type, distance_miles, duration_seconds) VALUES ('1e45bdee-9884-4032-b424-94963ea374e1', 3, 'cooldown', 0.51, 317);
INSERT INTO runs (id, athlete_id, run_date, run_type, distance_miles, duration_seconds, effort_rpe, avg_cadence, avg_hr, max_hr, route, conditions, temperature_f, wind_mph, humidity_percent, dewpoint_f, notes) VALUES ('24226080-2fe0-4a93-8b63-19bda90ed541', 'ff651091-e69d-4599-b6d3-448c347055e2', '2026-04-29', 'easy', 2.86, 1717, 4, 176, 168, 193, 'Curtis Hixon waterfront', 'Clear', 70, 10.4, 67, 59, NULL);
INSERT INTO run_segments (run_id, segment_order, segment_type, distance_miles, duration_seconds) VALUES ('24226080-2fe0-4a93-8b63-19bda90ed541', 1, 'easy', 2.86, 1717);
INSERT INTO runs (id, athlete_id, run_date, run_type, duration_seconds, effort_rpe, cross_train_activity, notes) VALUES ('9bee9959-8160-44e0-a209-13cea87b94ab', 'ff651091-e69d-4599-b6d3-448c347055e2', '2026-04-30', 'cross_train', 2100, 4, 'pool run', NULL);
INSERT INTO runs (id, athlete_id, run_date, run_type, distance_miles, duration_seconds, effort_rpe, avg_cadence, avg_hr, max_hr, route, conditions, temperature_f, wind_mph, humidity_percent, dewpoint_f, notes) VALUES ('2f804d22-4878-430f-881c-9811c572ec55', 'ff651091-e69d-4599-b6d3-448c347055e2', '2026-05-01', 'easy', 2.04, 1216, 5, 177, 157, 180, 'Bayshore out & back', 'Overcast', 80, 2.4, 90, 70, NULL);
INSERT INTO run_segments (run_id, segment_order, segment_type, distance_miles, duration_seconds) VALUES ('2f804d22-4878-430f-881c-9811c572ec55', 1, 'easy', 2.04, 1216);
INSERT INTO runs (id, athlete_id, run_date, run_type, distance_miles, duration_seconds, effort_rpe, avg_cadence, avg_hr, max_hr, route, conditions, temperature_f, wind_mph, humidity_percent, dewpoint_f, notes) VALUES ('1816038c-3af0-495a-9f60-ca6a94d6fe9f', 'ff651091-e69d-4599-b6d3-448c347055e2', '2026-05-02', 'long', 5.12, 3345, 6, 180, 165, 182, 'Bayshore out & back', 'Humid', 79, 10.1, 81, 73, NULL);
INSERT INTO run_segments (run_id, segment_order, segment_type, distance_miles, duration_seconds) VALUES ('1816038c-3af0-495a-9f60-ca6a94d6fe9f', 1, 'easy', 5.12, 3345);
INSERT INTO runs (id, athlete_id, run_date, run_type, distance_miles, duration_seconds, effort_rpe, avg_cadence, avg_hr, max_hr, route, conditions, temperature_f, wind_mph, humidity_percent, dewpoint_f, notes) VALUES ('9df4bd56-56d9-462e-8118-44f1126c8b4b', 'ff651091-e69d-4599-b6d3-448c347055e2', '2026-05-04', 'easy', 2.85, 1669, 4, 177, 161, 176, 'Davis Islands loop', 'Humid', 69, 11.3, 80, 57, NULL);
INSERT INTO run_segments (run_id, segment_order, segment_type, distance_miles, duration_seconds) VALUES ('9df4bd56-56d9-462e-8118-44f1126c8b4b', 1, 'easy', 2.85, 1669);
INSERT INTO runs (id, athlete_id, run_date, run_type, distance_miles, duration_seconds, effort_rpe, avg_cadence, avg_hr, max_hr, route, conditions, temperature_f, wind_mph, humidity_percent, dewpoint_f, notes) VALUES ('e7559dd3-4189-4af8-8e05-843a9167b205', 'ff651091-e69d-4599-b6d3-448c347055e2', '2026-05-05', 'tempo', 4.38, 2414, 7, 177, 163, 179, 'Track at Plant HS', 'Overcast', 81, 9.4, 85, 71, NULL);
INSERT INTO run_segments (run_id, segment_order, segment_type, distance_miles, duration_seconds) VALUES ('e7559dd3-4189-4af8-8e05-843a9167b205', 1, 'warmup', 0.88, 547);
INSERT INTO run_segments (run_id, segment_order, segment_type, distance_miles, duration_seconds) VALUES ('e7559dd3-4189-4af8-8e05-843a9167b205', 2, 'tempo', 2.84, 1448);
INSERT INTO run_segments (run_id, segment_order, segment_type, distance_miles, duration_seconds) VALUES ('e7559dd3-4189-4af8-8e05-843a9167b205', 3, 'cooldown', 0.66, 419);
INSERT INTO runs (id, athlete_id, run_date, run_type, distance_miles, duration_seconds, effort_rpe, avg_cadence, avg_hr, max_hr, route, conditions, temperature_f, wind_mph, humidity_percent, dewpoint_f, notes) VALUES ('0d3e8416-edb4-4988-9a66-e0a6a4a4e0c6', 'ff651091-e69d-4599-b6d3-448c347055e2', '2026-05-06', 'easy', 3.49, 2116, 3, 181, 160, 183, 'Al Lopez Park trails', 'Overcast', 78, 2.8, 66, 70, NULL);
INSERT INTO run_segments (run_id, segment_order, segment_type, distance_miles, duration_seconds) VALUES ('0d3e8416-edb4-4988-9a66-e0a6a4a4e0c6', 1, 'easy', 3.49, 2116);
INSERT INTO runs (id, athlete_id, run_date, run_type, duration_seconds, effort_rpe, cross_train_activity, notes) VALUES ('c0d228f5-60c6-4d8c-a4ac-75f6c1d9a8d2', 'ff651091-e69d-4599-b6d3-448c347055e2', '2026-05-07', 'cross_train', 2100, 6, 'stretch + core', NULL);
INSERT INTO runs (id, athlete_id, run_date, run_type, distance_miles, duration_seconds, effort_rpe, avg_cadence, avg_hr, max_hr, route, conditions, temperature_f, wind_mph, humidity_percent, dewpoint_f, notes) VALUES ('58ad42c5-bb14-4038-89f3-d665a2aa8123', 'ff651091-e69d-4599-b6d3-448c347055e2', '2026-05-08', 'easy', 2.22, 1393, 4, 180, 175, 196, 'Track at Plant HS', 'Humid', 84, 11.5, 70, 78, NULL);
INSERT INTO run_segments (run_id, segment_order, segment_type, distance_miles, duration_seconds) VALUES ('58ad42c5-bb14-4038-89f3-d665a2aa8123', 1, 'easy', 2.22, 1393);
INSERT INTO runs (id, athlete_id, run_date, run_type, distance_miles, duration_seconds, effort_rpe, avg_cadence, avg_hr, max_hr, route, conditions, temperature_f, wind_mph, humidity_percent, dewpoint_f, notes) VALUES ('cd5a15f8-3d79-457a-92da-c78f635fba18', 'ff651091-e69d-4599-b6d3-448c347055e2', '2026-05-09', 'long', 5.51, 3596, 6, 176, 169, 189, 'Track at Plant HS', 'Overcast', 82, 7.7, 64, 70, NULL);
INSERT INTO run_segments (run_id, segment_order, segment_type, distance_miles, duration_seconds) VALUES ('cd5a15f8-3d79-457a-92da-c78f635fba18', 1, 'easy', 5.51, 3596);
INSERT INTO runs (id, athlete_id, run_date, run_type, distance_miles, duration_seconds, effort_rpe, avg_cadence, avg_hr, max_hr, route, conditions, temperature_f, wind_mph, humidity_percent, dewpoint_f, notes) VALUES ('a853b9da-545f-49ac-b729-244ae6d51a01', 'ff651091-e69d-4599-b6d3-448c347055e2', '2026-05-11', 'easy', 3.28, 1935, 3, 179, 167, 190, 'Hyde Park loop', 'Overcast', 76, 9.0, 76, 69, NULL);
INSERT INTO run_segments (run_id, segment_order, segment_type, distance_miles, duration_seconds) VALUES ('a853b9da-545f-49ac-b729-244ae6d51a01', 1, 'easy', 3.28, 1935);
INSERT INTO runs (id, athlete_id, run_date, run_type, distance_miles, duration_seconds, effort_rpe, avg_cadence, avg_hr, max_hr, route, conditions, temperature_f, wind_mph, humidity_percent, dewpoint_f, notes) VALUES ('36853393-90a5-4047-bad5-5f06543954a1', 'ff651091-e69d-4599-b6d3-448c347055e2', '2026-05-12', 'tempo', 5.33, 2921, 7, 178, 157, 182, 'Track at Plant HS', 'Overcast', 79, 7.5, 64, 71, NULL);
INSERT INTO run_segments (run_id, segment_order, segment_type, distance_miles, duration_seconds) VALUES ('36853393-90a5-4047-bad5-5f06543954a1', 1, 'warmup', 1.07, 660);
INSERT INTO run_segments (run_id, segment_order, segment_type, distance_miles, duration_seconds) VALUES ('36853393-90a5-4047-bad5-5f06543954a1', 2, 'tempo', 3.46, 1747);
INSERT INTO run_segments (run_id, segment_order, segment_type, distance_miles, duration_seconds) VALUES ('36853393-90a5-4047-bad5-5f06543954a1', 3, 'cooldown', 0.8, 514);
INSERT INTO runs (id, athlete_id, run_date, run_type, distance_miles, duration_seconds, effort_rpe, avg_cadence, avg_hr, max_hr, route, conditions, temperature_f, wind_mph, humidity_percent, dewpoint_f, notes) VALUES ('f45f89d9-75b6-4ab7-b37a-a60f3dd3d23b', 'ff651091-e69d-4599-b6d3-448c347055e2', '2026-05-13', 'easy', 3.26, 2030, 4, 181, 170, 185, 'Track at Plant HS', 'Partly cloudy', 85, 6.7, 83, 73, NULL);
INSERT INTO run_segments (run_id, segment_order, segment_type, distance_miles, duration_seconds) VALUES ('f45f89d9-75b6-4ab7-b37a-a60f3dd3d23b', 1, 'easy', 3.26, 2030);
INSERT INTO runs (id, athlete_id, run_date, run_type, duration_seconds, effort_rpe, cross_train_activity, notes) VALUES ('34c85861-02a2-459f-9c19-64e69ba886f4', 'ff651091-e69d-4599-b6d3-448c347055e2', '2026-05-14', 'cross_train', 1800, 5, 'swimming', NULL);
INSERT INTO runs (id, athlete_id, run_date, run_type, distance_miles, duration_seconds, effort_rpe, avg_cadence, avg_hr, max_hr, route, conditions, temperature_f, wind_mph, humidity_percent, dewpoint_f, notes) VALUES ('baf10ed8-9277-4168-823e-1b36e69c71eb', 'ff651091-e69d-4599-b6d3-448c347055e2', '2026-05-15', 'easy', 3.38, 2041, 5, 177, 175, 191, 'Curtis Hixon waterfront', 'Partly cloudy', 82, 3.3, 82, 70, NULL);
INSERT INTO run_segments (run_id, segment_order, segment_type, distance_miles, duration_seconds) VALUES ('baf10ed8-9277-4168-823e-1b36e69c71eb', 1, 'easy', 3.38, 2041);
INSERT INTO runs (id, athlete_id, run_date, run_type, distance_miles, duration_seconds, effort_rpe, avg_cadence, avg_hr, max_hr, route, conditions, temperature_f, wind_mph, humidity_percent, dewpoint_f, notes) VALUES ('ed4e5370-2a1a-483d-815c-fc10a87d41ce', 'ff651091-e69d-4599-b6d3-448c347055e2', '2026-05-16', 'long', 5.96, 3786, 5, 176, 160, 180, 'Davis Islands loop', 'Partly cloudy', 79, 10.5, 78, 71, NULL);
INSERT INTO run_segments (run_id, segment_order, segment_type, distance_miles, duration_seconds) VALUES ('ed4e5370-2a1a-483d-815c-fc10a87d41ce', 1, 'easy', 5.96, 3786);

INSERT INTO runs (id, athlete_id, run_date, run_type, distance_miles, duration_seconds, effort_rpe, avg_cadence, avg_hr, max_hr, route, conditions, temperature_f, wind_mph, humidity_percent, dewpoint_f, notes) VALUES ('8883408a-41e1-4932-aa07-ba7ad26e909c', '8dbd0b15-6375-4621-913d-d5e5053ec2b1', '2026-04-20', 'easy', 2.3, 1295, 4, 181, 159, 176, 'Track at Plant HS', 'Clear', 86, 10.3, 62, 82, NULL);
INSERT INTO run_segments (run_id, segment_order, segment_type, distance_miles, duration_seconds) VALUES ('8883408a-41e1-4932-aa07-ba7ad26e909c', 1, 'easy', 2.3, 1295);
INSERT INTO runs (id, athlete_id, run_date, run_type, distance_miles, duration_seconds, effort_rpe, avg_cadence, avg_hr, max_hr, route, conditions, temperature_f, wind_mph, humidity_percent, dewpoint_f, notes) VALUES ('639f6191-b616-41a2-918b-8ee169cb70f7', '8dbd0b15-6375-4621-913d-d5e5053ec2b1', '2026-04-21', 'tempo', 3.52, 1933, 8, 182, 172, 191, 'Al Lopez Park trails', 'Overcast', 83, 10.0, 75, 73, NULL);
INSERT INTO run_segments (run_id, segment_order, segment_type, distance_miles, duration_seconds) VALUES ('639f6191-b616-41a2-918b-8ee169cb70f7', 1, 'warmup', 0.7, 408);
INSERT INTO run_segments (run_id, segment_order, segment_type, distance_miles, duration_seconds) VALUES ('639f6191-b616-41a2-918b-8ee169cb70f7', 2, 'tempo', 2.29, 1196);
INSERT INTO run_segments (run_id, segment_order, segment_type, distance_miles, duration_seconds) VALUES ('639f6191-b616-41a2-918b-8ee169cb70f7', 3, 'cooldown', 0.53, 329);
INSERT INTO runs (id, athlete_id, run_date, run_type, distance_miles, duration_seconds, effort_rpe, avg_cadence, avg_hr, max_hr, route, conditions, temperature_f, wind_mph, humidity_percent, dewpoint_f, notes) VALUES ('b594d2a6-736a-4e29-89c2-d429add44ec0', '8dbd0b15-6375-4621-913d-d5e5053ec2b1', '2026-04-22', 'easy', 2.15, 1253, 4, 183, 166, 187, 'Riverwalk + bridges', 'Partly cloudy', 79, 7.6, 92, 70, NULL);
INSERT INTO run_segments (run_id, segment_order, segment_type, distance_miles, duration_seconds) VALUES ('b594d2a6-736a-4e29-89c2-d429add44ec0', 1, 'easy', 2.15, 1253);
INSERT INTO runs (id, athlete_id, run_date, run_type, duration_seconds, effort_rpe, cross_train_activity, notes) VALUES ('4f9f14dd-9c0f-431f-8f46-d569509718a3', '8dbd0b15-6375-4621-913d-d5e5053ec2b1', '2026-04-23', 'cross_train', 2700, 4, 'elliptical', NULL);
INSERT INTO runs (id, athlete_id, run_date, run_type, distance_miles, duration_seconds, effort_rpe, avg_cadence, avg_hr, max_hr, route, conditions, temperature_f, wind_mph, humidity_percent, dewpoint_f, notes) VALUES ('f23b904e-c53e-473a-9bbf-9ca9c472d9dc', '8dbd0b15-6375-4621-913d-d5e5053ec2b1', '2026-04-24', 'easy', 1.74, 1063, 5, 182, 165, 183, 'Riverwalk + bridges', 'Humid', 83, 6.7, 92, 75, NULL);
INSERT INTO run_segments (run_id, segment_order, segment_type, distance_miles, duration_seconds) VALUES ('f23b904e-c53e-473a-9bbf-9ca9c472d9dc', 1, 'easy', 1.74, 1063);
INSERT INTO runs (id, athlete_id, run_date, run_type, distance_miles, duration_seconds, effort_rpe, avg_cadence, avg_hr, max_hr, route, conditions, temperature_f, wind_mph, humidity_percent, dewpoint_f, notes) VALUES ('a45392dd-b738-4cb4-bfa2-c92c8f2f4fb4', '8dbd0b15-6375-4621-913d-d5e5053ec2b1', '2026-04-25', 'long', 5.52, 3397, 6, 177, 164, 186, 'Curtis Hixon waterfront', 'Partly cloudy', 77, 10.5, 60, 67, NULL);
INSERT INTO run_segments (run_id, segment_order, segment_type, distance_miles, duration_seconds) VALUES ('a45392dd-b738-4cb4-bfa2-c92c8f2f4fb4', 1, 'easy', 5.52, 3397);
INSERT INTO runs (id, athlete_id, run_date, run_type, distance_miles, duration_seconds, effort_rpe, avg_cadence, avg_hr, max_hr, route, conditions, temperature_f, wind_mph, humidity_percent, dewpoint_f, notes) VALUES ('fa1e21e2-4219-4460-8ecb-f5b9801760c8', '8dbd0b15-6375-4621-913d-d5e5053ec2b1', '2026-04-27', 'easy', 2.62, 1573, 4, 181, 161, 181, 'Al Lopez Park trails', 'Overcast', 70, 7.0, 84, 58, NULL);
INSERT INTO run_segments (run_id, segment_order, segment_type, distance_miles, duration_seconds) VALUES ('fa1e21e2-4219-4460-8ecb-f5b9801760c8', 1, 'easy', 2.62, 1573);
INSERT INTO runs (id, athlete_id, run_date, run_type, distance_miles, duration_seconds, effort_rpe, avg_cadence, avg_hr, max_hr, route, conditions, temperature_f, wind_mph, humidity_percent, dewpoint_f, notes) VALUES ('c705d126-2f00-4c5e-80a4-39bec8d0fb58', '8dbd0b15-6375-4621-913d-d5e5053ec2b1', '2026-04-28', 'tempo', 3.67, 2022, 7, 181, 166, 183, 'Davis Islands loop', 'Clear', 87, 6.0, 92, 83, NULL);
INSERT INTO run_segments (run_id, segment_order, segment_type, distance_miles, duration_seconds) VALUES ('c705d126-2f00-4c5e-80a4-39bec8d0fb58', 1, 'warmup', 0.73, 415);
INSERT INTO run_segments (run_id, segment_order, segment_type, distance_miles, duration_seconds) VALUES ('c705d126-2f00-4c5e-80a4-39bec8d0fb58', 2, 'tempo', 2.39, 1265);
INSERT INTO run_segments (run_id, segment_order, segment_type, distance_miles, duration_seconds) VALUES ('c705d126-2f00-4c5e-80a4-39bec8d0fb58', 3, 'cooldown', 0.55, 342);
INSERT INTO runs (id, athlete_id, run_date, run_type, distance_miles, duration_seconds, effort_rpe, avg_cadence, avg_hr, max_hr, route, conditions, temperature_f, wind_mph, humidity_percent, dewpoint_f, notes) VALUES ('7479ef4b-e524-4815-a38b-78a2f4417691', '8dbd0b15-6375-4621-913d-d5e5053ec2b1', '2026-04-29', 'easy', 2.37, 1338, 4, 180, 174, 193, 'Track at Plant HS', 'Humid', 84, 7.3, 92, 76, NULL);
INSERT INTO run_segments (run_id, segment_order, segment_type, distance_miles, duration_seconds) VALUES ('7479ef4b-e524-4815-a38b-78a2f4417691', 1, 'easy', 2.37, 1338);
INSERT INTO runs (id, athlete_id, run_date, run_type, duration_seconds, effort_rpe, cross_train_activity, notes) VALUES ('55e4638f-7b66-4d37-89bc-040598e1912c', '8dbd0b15-6375-4621-913d-d5e5053ec2b1', '2026-04-30', 'cross_train', 2400, 3, 'elliptical', NULL);
INSERT INTO runs (id, athlete_id, run_date, run_type, distance_miles, duration_seconds, effort_rpe, avg_cadence, avg_hr, max_hr, route, conditions, temperature_f, wind_mph, humidity_percent, dewpoint_f, notes) VALUES ('ac2ac798-a3cf-4c68-add9-d205dda6a606', '8dbd0b15-6375-4621-913d-d5e5053ec2b1', '2026-05-01', 'easy', 2.45, 1476, 3, 177, 173, 195, 'Riverwalk + bridges', 'Clear', 84, 3.5, 84, 77, NULL);
INSERT INTO run_segments (run_id, segment_order, segment_type, distance_miles, duration_seconds) VALUES ('ac2ac798-a3cf-4c68-add9-d205dda6a606', 1, 'easy', 2.45, 1476);
INSERT INTO runs (id, athlete_id, run_date, run_type, distance_miles, duration_seconds, effort_rpe, avg_cadence, avg_hr, max_hr, route, conditions, temperature_f, wind_mph, humidity_percent, dewpoint_f, notes) VALUES ('6a627064-cddd-43dd-9ddf-fa367afa4d86', '8dbd0b15-6375-4621-913d-d5e5053ec2b1', '2026-05-02', 'long', 5.44, 3242, 6, 182, 161, 182, 'Curtis Hixon waterfront', 'Overcast', 69, 7.2, 68, 57, NULL);
INSERT INTO run_segments (run_id, segment_order, segment_type, distance_miles, duration_seconds) VALUES ('6a627064-cddd-43dd-9ddf-fa367afa4d86', 1, 'easy', 5.44, 3242);
INSERT INTO runs (id, athlete_id, run_date, run_type, distance_miles, duration_seconds, effort_rpe, avg_cadence, avg_hr, max_hr, route, conditions, temperature_f, wind_mph, humidity_percent, dewpoint_f, notes) VALUES ('d53cfad1-58f6-4dac-b7ba-ed0fc7a69249', '8dbd0b15-6375-4621-913d-d5e5053ec2b1', '2026-05-04', 'easy', 2.44, 1410, 4, 179, 175, 194, 'Curtis Hixon waterfront', 'Partly cloudy', 74, 4.8, 75, 66, NULL);
INSERT INTO run_segments (run_id, segment_order, segment_type, distance_miles, duration_seconds) VALUES ('d53cfad1-58f6-4dac-b7ba-ed0fc7a69249', 1, 'easy', 2.44, 1410);
INSERT INTO runs (id, athlete_id, run_date, run_type, distance_miles, duration_seconds, effort_rpe, avg_cadence, avg_hr, max_hr, route, conditions, temperature_f, wind_mph, humidity_percent, dewpoint_f, notes) VALUES ('001ae564-6a44-4841-8fd1-b3985017c65e', '8dbd0b15-6375-4621-913d-d5e5053ec2b1', '2026-05-05', 'tempo', 4.3, 2407, 7, 181, 163, 182, 'Hyde Park loop', 'Overcast', 86, 11.0, 84, 76, NULL);
INSERT INTO run_segments (run_id, segment_order, segment_type, distance_miles, duration_seconds) VALUES ('001ae564-6a44-4841-8fd1-b3985017c65e', 1, 'warmup', 0.86, 516);
INSERT INTO run_segments (run_id, segment_order, segment_type, distance_miles, duration_seconds) VALUES ('001ae564-6a44-4841-8fd1-b3985017c65e', 2, 'tempo', 2.8, 1491);
INSERT INTO run_segments (run_id, segment_order, segment_type, distance_miles, duration_seconds) VALUES ('001ae564-6a44-4841-8fd1-b3985017c65e', 3, 'cooldown', 0.64, 400);
INSERT INTO runs (id, athlete_id, run_date, run_type, distance_miles, duration_seconds, effort_rpe, avg_cadence, avg_hr, max_hr, route, conditions, temperature_f, wind_mph, humidity_percent, dewpoint_f, notes) VALUES ('f007692c-8f5c-44ca-9a50-278c4ffb9315', '8dbd0b15-6375-4621-913d-d5e5053ec2b1', '2026-05-06', 'easy', 2.21, 1321, 4, 180, 161, 179, 'Al Lopez Park trails', 'Partly cloudy', 85, 3.4, 77, 78, NULL);
INSERT INTO run_segments (run_id, segment_order, segment_type, distance_miles, duration_seconds) VALUES ('f007692c-8f5c-44ca-9a50-278c4ffb9315', 1, 'easy', 2.21, 1321);
INSERT INTO runs (id, athlete_id, run_date, run_type, duration_seconds, effort_rpe, cross_train_activity, notes) VALUES ('cd8afa0a-58ad-4d70-a38a-cfdfd7106e87', '8dbd0b15-6375-4621-913d-d5e5053ec2b1', '2026-05-07', 'cross_train', 2100, 4, 'pool run', NULL);
INSERT INTO runs (id, athlete_id, run_date, run_type, distance_miles, duration_seconds, effort_rpe, avg_cadence, avg_hr, max_hr, route, conditions, temperature_f, wind_mph, humidity_percent, dewpoint_f, notes) VALUES ('2270964b-69f2-4488-b23e-b26c3337dbfd', '8dbd0b15-6375-4621-913d-d5e5053ec2b1', '2026-05-08', 'easy', 2.36, 1411, 3, 182, 170, 192, 'Davis Islands loop', 'Clear', 77, 4.9, 80, 73, NULL);
INSERT INTO run_segments (run_id, segment_order, segment_type, distance_miles, duration_seconds) VALUES ('2270964b-69f2-4488-b23e-b26c3337dbfd', 1, 'easy', 2.36, 1411);
INSERT INTO runs (id, athlete_id, run_date, run_type, distance_miles, duration_seconds, effort_rpe, avg_cadence, avg_hr, max_hr, route, conditions, temperature_f, wind_mph, humidity_percent, dewpoint_f, notes) VALUES ('f28a8105-7fb5-4556-94a1-8bb5e1983e9f', '8dbd0b15-6375-4621-913d-d5e5053ec2b1', '2026-05-09', 'long', 4.99, 3142, 6, 183, 167, 189, 'Riverwalk + bridges', 'Overcast', 77, 2.1, 62, 72, NULL);
INSERT INTO run_segments (run_id, segment_order, segment_type, distance_miles, duration_seconds) VALUES ('f28a8105-7fb5-4556-94a1-8bb5e1983e9f', 1, 'easy', 4.99, 3142);
INSERT INTO runs (id, athlete_id, run_date, run_type, distance_miles, duration_seconds, effort_rpe, avg_cadence, avg_hr, max_hr, route, conditions, temperature_f, wind_mph, humidity_percent, dewpoint_f, notes) VALUES ('9ba2c5e4-1f86-48f8-b3c0-7e12daf4db57', '8dbd0b15-6375-4621-913d-d5e5053ec2b1', '2026-05-11', 'easy', 4.2, 2468, 5, 178, 158, 178, 'Riverwalk + bridges', 'Overcast', 82, 9.2, 76, 78, NULL);
INSERT INTO run_segments (run_id, segment_order, segment_type, distance_miles, duration_seconds) VALUES ('9ba2c5e4-1f86-48f8-b3c0-7e12daf4db57', 1, 'easy', 4.2, 2468);
INSERT INTO runs (id, athlete_id, run_date, run_type, distance_miles, duration_seconds, effort_rpe, avg_cadence, avg_hr, max_hr, route, conditions, temperature_f, wind_mph, humidity_percent, dewpoint_f, notes) VALUES ('ebf0e80a-4437-4115-aa69-9c675e03f063', '8dbd0b15-6375-4621-913d-d5e5053ec2b1', '2026-05-12', 'tempo', 5.17, 2890, 7, 180, 158, 175, 'Riverwalk + bridges', 'Overcast', 83, 11.4, 80, 79, NULL);
INSERT INTO run_segments (run_id, segment_order, segment_type, distance_miles, duration_seconds) VALUES ('ebf0e80a-4437-4115-aa69-9c675e03f063', 1, 'warmup', 1.03, 598);
INSERT INTO run_segments (run_id, segment_order, segment_type, distance_miles, duration_seconds) VALUES ('ebf0e80a-4437-4115-aa69-9c675e03f063', 2, 'tempo', 3.36, 1814);
INSERT INTO run_segments (run_id, segment_order, segment_type, distance_miles, duration_seconds) VALUES ('ebf0e80a-4437-4115-aa69-9c675e03f063', 3, 'cooldown', 0.78, 478);
INSERT INTO runs (id, athlete_id, run_date, run_type, distance_miles, duration_seconds, effort_rpe, avg_cadence, avg_hr, max_hr, route, conditions, temperature_f, wind_mph, humidity_percent, dewpoint_f, notes) VALUES ('8afec329-e880-42f6-871e-148d506fe3c4', '8dbd0b15-6375-4621-913d-d5e5053ec2b1', '2026-05-13', 'easy', 3.08, 1817, 3, 178, 156, 181, 'Hyde Park loop', 'Overcast', 82, 3.6, 79, 70, NULL);
INSERT INTO run_segments (run_id, segment_order, segment_type, distance_miles, duration_seconds) VALUES ('8afec329-e880-42f6-871e-148d506fe3c4', 1, 'easy', 3.08, 1817);
INSERT INTO runs (id, athlete_id, run_date, run_type, duration_seconds, effort_rpe, cross_train_activity, notes) VALUES ('5358dd1d-65a0-4756-9390-0697db2d0615', '8dbd0b15-6375-4621-913d-d5e5053ec2b1', '2026-05-14', 'cross_train', 2400, 4, 'elliptical', NULL);
INSERT INTO runs (id, athlete_id, run_date, run_type, distance_miles, duration_seconds, effort_rpe, avg_cadence, avg_hr, max_hr, route, conditions, temperature_f, wind_mph, humidity_percent, dewpoint_f, notes) VALUES ('fbcb79a7-a22d-4c24-9da7-8d29ec2f1058', '8dbd0b15-6375-4621-913d-d5e5053ec2b1', '2026-05-15', 'easy', 2.75, 1553, 4, 183, 161, 179, 'Hyde Park loop', 'Clear', 84, 7.3, 88, 75, NULL);
INSERT INTO run_segments (run_id, segment_order, segment_type, distance_miles, duration_seconds) VALUES ('fbcb79a7-a22d-4c24-9da7-8d29ec2f1058', 1, 'easy', 2.75, 1553);
INSERT INTO runs (id, athlete_id, run_date, run_type, distance_miles, duration_seconds, effort_rpe, avg_cadence, avg_hr, max_hr, route, conditions, temperature_f, wind_mph, humidity_percent, dewpoint_f, notes) VALUES ('3430bdba-608d-4dc1-9237-7a4fe4cf57ae', '8dbd0b15-6375-4621-913d-d5e5053ec2b1', '2026-05-16', 'long', 6.56, 4167, 6, 180, 158, 183, 'Davis Islands loop', 'Humid', 86, 2.9, 91, 74, NULL);
INSERT INTO run_segments (run_id, segment_order, segment_type, distance_miles, duration_seconds) VALUES ('3430bdba-608d-4dc1-9237-7a4fe4cf57ae', 1, 'easy', 6.56, 4167);

INSERT INTO runs (id, athlete_id, run_date, run_type, distance_miles, duration_seconds, effort_rpe, avg_cadence, avg_hr, max_hr, route, conditions, temperature_f, wind_mph, humidity_percent, dewpoint_f, notes) VALUES ('589a8395-16c2-4aaf-b8d7-037448fbf2b2', '73f4b37e-407f-4c43-9f90-1f720e17ce98', '2026-04-20', 'easy', 0.94, 678, 5, NULL, NULL, NULL, 'Al Lopez Park trails', 'Partly cloudy', 68, 4.5, 85, 64, NULL);
INSERT INTO run_segments (run_id, segment_order, segment_type, distance_miles, duration_seconds) VALUES ('589a8395-16c2-4aaf-b8d7-037448fbf2b2', 1, 'easy', 0.94, 678);
INSERT INTO runs (id, athlete_id, run_date, run_type, distance_miles, duration_seconds, effort_rpe, avg_cadence, avg_hr, max_hr, route, conditions, temperature_f, wind_mph, humidity_percent, dewpoint_f, notes) VALUES ('6c8ca386-5527-4e75-8e5d-c15c52c6ceff', '73f4b37e-407f-4c43-9f90-1f720e17ce98', '2026-04-21', 'tempo', 1.22, 817, 7, NULL, NULL, NULL, 'Al Lopez Park trails', 'Overcast', 81, 9.7, 71, 71, NULL);
INSERT INTO run_segments (run_id, segment_order, segment_type, distance_miles, duration_seconds) VALUES ('6c8ca386-5527-4e75-8e5d-c15c52c6ceff', 1, 'warmup', 0.24, 177);
INSERT INTO run_segments (run_id, segment_order, segment_type, distance_miles, duration_seconds) VALUES ('6c8ca386-5527-4e75-8e5d-c15c52c6ceff', 2, 'tempo', 0.8, 506);
INSERT INTO run_segments (run_id, segment_order, segment_type, distance_miles, duration_seconds) VALUES ('6c8ca386-5527-4e75-8e5d-c15c52c6ceff', 3, 'cooldown', 0.18, 134);
INSERT INTO runs (id, athlete_id, run_date, run_type, distance_miles, duration_seconds, effort_rpe, avg_cadence, avg_hr, max_hr, route, conditions, temperature_f, wind_mph, humidity_percent, dewpoint_f, notes) VALUES ('e389d07e-c6a9-4418-ac95-5313ba8048ae', '73f4b37e-407f-4c43-9f90-1f720e17ce98', '2026-04-22', 'easy', 1.16, 825, 4, NULL, NULL, NULL, 'Neighborhood — easy', 'Clear', 84, 9.3, 68, 77, NULL);
INSERT INTO run_segments (run_id, segment_order, segment_type, distance_miles, duration_seconds) VALUES ('e389d07e-c6a9-4418-ac95-5313ba8048ae', 1, 'easy', 1.16, 825);
INSERT INTO runs (id, athlete_id, run_date, run_type, duration_seconds, effort_rpe, cross_train_activity, notes) VALUES ('c073f264-5991-4902-a1cf-fa1cf03b7d4a', '73f4b37e-407f-4c43-9f90-1f720e17ce98', '2026-04-23', 'cross_train', 2700, 6, 'elliptical', NULL);
INSERT INTO runs (id, athlete_id, run_date, run_type, distance_miles, duration_seconds, effort_rpe, avg_cadence, avg_hr, max_hr, route, conditions, temperature_f, wind_mph, humidity_percent, dewpoint_f, notes) VALUES ('42279a0c-f200-45d1-8d43-75d4343f04fd', '73f4b37e-407f-4c43-9f90-1f720e17ce98', '2026-04-24', 'easy', 1.12, 786, 4, NULL, NULL, NULL, 'Hyde Park loop', 'Partly cloudy', 69, 8.1, 86, 65, NULL);
INSERT INTO run_segments (run_id, segment_order, segment_type, distance_miles, duration_seconds) VALUES ('42279a0c-f200-45d1-8d43-75d4343f04fd', 1, 'easy', 1.12, 786);
INSERT INTO runs (id, athlete_id, run_date, run_type, distance_miles, duration_seconds, effort_rpe, avg_cadence, avg_hr, max_hr, route, conditions, temperature_f, wind_mph, humidity_percent, dewpoint_f, notes) VALUES ('dafc64a6-a0de-43e3-ab39-98573d9b22bc', '73f4b37e-407f-4c43-9f90-1f720e17ce98', '2026-04-25', 'long', 1.86, 1330, 6, NULL, NULL, NULL, 'Curtis Hixon waterfront', 'Partly cloudy', 75, 9.5, 73, 71, NULL);
INSERT INTO run_segments (run_id, segment_order, segment_type, distance_miles, duration_seconds) VALUES ('dafc64a6-a0de-43e3-ab39-98573d9b22bc', 1, 'easy', 1.86, 1330);
INSERT INTO runs (id, athlete_id, run_date, run_type, distance_miles, duration_seconds, effort_rpe, avg_cadence, avg_hr, max_hr, route, conditions, temperature_f, wind_mph, humidity_percent, dewpoint_f, notes) VALUES ('1af1fd1d-32f5-4d23-b753-b1245c66a1de', '73f4b37e-407f-4c43-9f90-1f720e17ce98', '2026-04-27', 'easy', 0.94, 698, 4, NULL, NULL, NULL, 'Davis Islands loop', 'Partly cloudy', 81, 4.8, 79, 69, NULL);
INSERT INTO run_segments (run_id, segment_order, segment_type, distance_miles, duration_seconds) VALUES ('1af1fd1d-32f5-4d23-b753-b1245c66a1de', 1, 'easy', 0.94, 698);
INSERT INTO runs (id, athlete_id, run_date, run_type, distance_miles, duration_seconds, effort_rpe, avg_cadence, avg_hr, max_hr, route, conditions, temperature_f, wind_mph, humidity_percent, dewpoint_f, notes) VALUES ('dd6c62de-f328-48d9-b835-3f673328c494', '73f4b37e-407f-4c43-9f90-1f720e17ce98', '2026-04-28', 'tempo', 1.55, 1054, 8, NULL, NULL, NULL, 'Neighborhood — easy', 'Humid', 81, 5.0, 69, 75, NULL);
INSERT INTO run_segments (run_id, segment_order, segment_type, distance_miles, duration_seconds) VALUES ('dd6c62de-f328-48d9-b835-3f673328c494', 1, 'warmup', 0.31, 219);
INSERT INTO run_segments (run_id, segment_order, segment_type, distance_miles, duration_seconds) VALUES ('dd6c62de-f328-48d9-b835-3f673328c494', 2, 'tempo', 1.01, 666);
INSERT INTO run_segments (run_id, segment_order, segment_type, distance_miles, duration_seconds) VALUES ('dd6c62de-f328-48d9-b835-3f673328c494', 3, 'cooldown', 0.23, 169);
INSERT INTO runs (id, athlete_id, run_date, run_type, distance_miles, duration_seconds, effort_rpe, avg_cadence, avg_hr, max_hr, route, conditions, temperature_f, wind_mph, humidity_percent, dewpoint_f, notes) VALUES ('e95c0247-eb68-44c6-9fab-5affac21e19a', '73f4b37e-407f-4c43-9f90-1f720e17ce98', '2026-04-29', 'easy', 0.87, 624, 3, NULL, NULL, NULL, 'Davis Islands loop', 'Humid', 76, 5.3, 73, 71, NULL);
INSERT INTO run_segments (run_id, segment_order, segment_type, distance_miles, duration_seconds) VALUES ('e95c0247-eb68-44c6-9fab-5affac21e19a', 1, 'easy', 0.87, 624);
INSERT INTO runs (id, athlete_id, run_date, run_type, duration_seconds, effort_rpe, cross_train_activity, notes) VALUES ('b4c4524c-3ff8-4c53-820c-1f4ebfa8e90c', '73f4b37e-407f-4c43-9f90-1f720e17ce98', '2026-04-30', 'cross_train', 3600, 4, 'swimming', NULL);
INSERT INTO runs (id, athlete_id, run_date, run_type, distance_miles, duration_seconds, effort_rpe, avg_cadence, avg_hr, max_hr, route, conditions, temperature_f, wind_mph, humidity_percent, dewpoint_f, notes) VALUES ('4b19ccd1-1138-42f7-a144-21d1c8f66db0', '73f4b37e-407f-4c43-9f90-1f720e17ce98', '2026-05-01', 'easy', 0.99, 720, 3, NULL, NULL, NULL, 'Davis Islands loop', 'Partly cloudy', 78, 11.6, 79, 74, NULL);
INSERT INTO run_segments (run_id, segment_order, segment_type, distance_miles, duration_seconds) VALUES ('4b19ccd1-1138-42f7-a144-21d1c8f66db0', 1, 'easy', 0.99, 720);
INSERT INTO runs (id, athlete_id, run_date, run_type, distance_miles, duration_seconds, effort_rpe, avg_cadence, avg_hr, max_hr, route, conditions, temperature_f, wind_mph, humidity_percent, dewpoint_f, notes) VALUES ('ea5b9451-961a-4da6-b186-3b66306dc33b', '73f4b37e-407f-4c43-9f90-1f720e17ce98', '2026-05-02', 'long', 2.61, 1883, 6, NULL, NULL, NULL, 'Davis Islands loop', 'Humid', 85, 9.8, 80, 75, NULL);
INSERT INTO run_segments (run_id, segment_order, segment_type, distance_miles, duration_seconds) VALUES ('ea5b9451-961a-4da6-b186-3b66306dc33b', 1, 'easy', 2.61, 1883);
INSERT INTO runs (id, athlete_id, run_date, run_type, distance_miles, duration_seconds, effort_rpe, avg_cadence, avg_hr, max_hr, route, conditions, temperature_f, wind_mph, humidity_percent, dewpoint_f, notes) VALUES ('3df6d7ef-fe19-46f0-bcf1-6acdb2a23d95', '73f4b37e-407f-4c43-9f90-1f720e17ce98', '2026-05-04', 'easy', 1.08, 759, 5, NULL, NULL, NULL, 'Davis Islands loop', 'Partly cloudy', 79, 6.1, 80, 72, NULL);
INSERT INTO run_segments (run_id, segment_order, segment_type, distance_miles, duration_seconds) VALUES ('3df6d7ef-fe19-46f0-bcf1-6acdb2a23d95', 1, 'easy', 1.08, 759);
INSERT INTO runs (id, athlete_id, run_date, run_type, distance_miles, duration_seconds, effort_rpe, avg_cadence, avg_hr, max_hr, route, conditions, temperature_f, wind_mph, humidity_percent, dewpoint_f, notes) VALUES ('307087ba-6867-4bad-86a1-582c1c055f29', '73f4b37e-407f-4c43-9f90-1f720e17ce98', '2026-05-05', 'tempo', 1.77, 1214, 7, NULL, NULL, NULL, 'Davis Islands loop', 'Overcast', 80, 7.0, 75, 71, NULL);
INSERT INTO run_segments (run_id, segment_order, segment_type, distance_miles, duration_seconds) VALUES ('307087ba-6867-4bad-86a1-582c1c055f29', 1, 'warmup', 0.35, 255);
INSERT INTO run_segments (run_id, segment_order, segment_type, distance_miles, duration_seconds) VALUES ('307087ba-6867-4bad-86a1-582c1c055f29', 2, 'tempo', 1.15, 757);
INSERT INTO run_segments (run_id, segment_order, segment_type, distance_miles, duration_seconds) VALUES ('307087ba-6867-4bad-86a1-582c1c055f29', 3, 'cooldown', 0.27, 202);
INSERT INTO runs (id, athlete_id, run_date, run_type, distance_miles, duration_seconds, effort_rpe, avg_cadence, avg_hr, max_hr, route, conditions, temperature_f, wind_mph, humidity_percent, dewpoint_f, notes) VALUES ('5f4473d1-a5a2-434d-9cc6-908b590a78b8', '73f4b37e-407f-4c43-9f90-1f720e17ce98', '2026-05-06', 'easy', 1.3, 932, 4, NULL, NULL, NULL, 'Bayshore out & back', 'Clear', 84, 10.4, 62, 79, NULL);
INSERT INTO run_segments (run_id, segment_order, segment_type, distance_miles, duration_seconds) VALUES ('5f4473d1-a5a2-434d-9cc6-908b590a78b8', 1, 'easy', 1.3, 932);
INSERT INTO runs (id, athlete_id, run_date, run_type, duration_seconds, effort_rpe, cross_train_activity, notes) VALUES ('1e216d2a-b170-4714-a370-60ac548773e6', '73f4b37e-407f-4c43-9f90-1f720e17ce98', '2026-05-07', 'cross_train', 2100, 4, 'stretch + core', NULL);
INSERT INTO runs (id, athlete_id, run_date, run_type, distance_miles, duration_seconds, effort_rpe, avg_cadence, avg_hr, max_hr, route, conditions, temperature_f, wind_mph, humidity_percent, dewpoint_f, notes) VALUES ('90679fa7-0c87-43a3-bea8-72b92ddcba8b', '73f4b37e-407f-4c43-9f90-1f720e17ce98', '2026-05-08', 'easy', 0.96, 672, 5, NULL, NULL, NULL, 'Curtis Hixon waterfront', 'Clear', 68, 7.3, 60, 58, NULL);
INSERT INTO run_segments (run_id, segment_order, segment_type, distance_miles, duration_seconds) VALUES ('90679fa7-0c87-43a3-bea8-72b92ddcba8b', 1, 'easy', 0.96, 672);
INSERT INTO runs (id, athlete_id, run_date, run_type, distance_miles, duration_seconds, effort_rpe, avg_cadence, avg_hr, max_hr, route, conditions, temperature_f, wind_mph, humidity_percent, dewpoint_f, notes) VALUES ('a7d3990b-7257-41e4-8bda-1b201de51581', '73f4b37e-407f-4c43-9f90-1f720e17ce98', '2026-05-09', 'long', 2.7, 2032, 5, NULL, NULL, NULL, 'Hyde Park loop', 'Overcast', 71, 4.4, 69, 59, NULL);
INSERT INTO run_segments (run_id, segment_order, segment_type, distance_miles, duration_seconds) VALUES ('a7d3990b-7257-41e4-8bda-1b201de51581', 1, 'easy', 2.7, 2032);
INSERT INTO runs (id, athlete_id, run_date, run_type, distance_miles, duration_seconds, effort_rpe, avg_cadence, avg_hr, max_hr, route, conditions, temperature_f, wind_mph, humidity_percent, dewpoint_f, notes) VALUES ('31940911-5b3e-4bc0-93dc-4a99ddea0855', '73f4b37e-407f-4c43-9f90-1f720e17ce98', '2026-05-11', 'easy', 1.13, 805, 4, NULL, NULL, NULL, 'Davis Islands loop', 'Clear', 77, 8.5, 65, 73, NULL);
INSERT INTO run_segments (run_id, segment_order, segment_type, distance_miles, duration_seconds) VALUES ('31940911-5b3e-4bc0-93dc-4a99ddea0855', 1, 'easy', 1.13, 805);
INSERT INTO runs (id, athlete_id, run_date, run_type, distance_miles, duration_seconds, effort_rpe, avg_cadence, avg_hr, max_hr, route, conditions, temperature_f, wind_mph, humidity_percent, dewpoint_f, notes) VALUES ('5365fe44-1cd9-4217-b0f2-99465a366df0', '73f4b37e-407f-4c43-9f90-1f720e17ce98', '2026-05-12', 'tempo', 1.84, 1248, 7, NULL, NULL, NULL, 'Track at Plant HS', 'Partly cloudy', 86, 10.9, 66, 82, NULL);
INSERT INTO run_segments (run_id, segment_order, segment_type, distance_miles, duration_seconds) VALUES ('5365fe44-1cd9-4217-b0f2-99465a366df0', 1, 'warmup', 0.37, 261);
INSERT INTO run_segments (run_id, segment_order, segment_type, distance_miles, duration_seconds) VALUES ('5365fe44-1cd9-4217-b0f2-99465a366df0', 2, 'tempo', 1.19, 773);
INSERT INTO run_segments (run_id, segment_order, segment_type, distance_miles, duration_seconds) VALUES ('5365fe44-1cd9-4217-b0f2-99465a366df0', 3, 'cooldown', 0.28, 214);
INSERT INTO runs (id, athlete_id, run_date, run_type, distance_miles, duration_seconds, effort_rpe, avg_cadence, avg_hr, max_hr, route, conditions, temperature_f, wind_mph, humidity_percent, dewpoint_f, notes) VALUES ('f32da1af-38a9-44d9-a0f5-0f7d28f91a79', '73f4b37e-407f-4c43-9f90-1f720e17ce98', '2026-05-13', 'easy', 1.26, 866, 3, NULL, NULL, NULL, 'Track at Plant HS', 'Clear', 68, 7.9, 73, 58, NULL);
INSERT INTO run_segments (run_id, segment_order, segment_type, distance_miles, duration_seconds) VALUES ('f32da1af-38a9-44d9-a0f5-0f7d28f91a79', 1, 'easy', 1.26, 866);
INSERT INTO runs (id, athlete_id, run_date, run_type, duration_seconds, effort_rpe, cross_train_activity, notes) VALUES ('9ccc1ab1-0c45-4ec1-80c2-a4c841343d0c', '73f4b37e-407f-4c43-9f90-1f720e17ce98', '2026-05-14', 'cross_train', 2100, 6, 'pool run', NULL);
INSERT INTO runs (id, athlete_id, run_date, run_type, distance_miles, duration_seconds, effort_rpe, avg_cadence, avg_hr, max_hr, route, conditions, temperature_f, wind_mph, humidity_percent, dewpoint_f, notes) VALUES ('0faa17be-5231-4f6c-b47e-907b1b479822', '73f4b37e-407f-4c43-9f90-1f720e17ce98', '2026-05-15', 'easy', 1.3, 925, 4, NULL, NULL, NULL, 'Hyde Park loop', 'Humid', 81, 10.4, 74, 72, NULL);
INSERT INTO run_segments (run_id, segment_order, segment_type, distance_miles, duration_seconds) VALUES ('0faa17be-5231-4f6c-b47e-907b1b479822', 1, 'easy', 1.3, 925);
INSERT INTO runs (id, athlete_id, run_date, run_type, distance_miles, duration_seconds, effort_rpe, avg_cadence, avg_hr, max_hr, route, conditions, temperature_f, wind_mph, humidity_percent, dewpoint_f, notes) VALUES ('a019c206-d100-4bc3-a1db-fc85a4bdff6a', '73f4b37e-407f-4c43-9f90-1f720e17ce98', '2026-05-16', 'long', 2.66, 2022, 7, NULL, NULL, NULL, 'Neighborhood — easy', 'Clear', 81, 8.8, 71, 71, NULL);
INSERT INTO run_segments (run_id, segment_order, segment_type, distance_miles, duration_seconds) VALUES ('a019c206-d100-4bc3-a1db-fc85a4bdff6a', 1, 'easy', 2.66, 2022);

INSERT INTO runs (id, athlete_id, run_date, run_type, distance_miles, duration_seconds, effort_rpe, avg_cadence, avg_hr, max_hr, route, conditions, temperature_f, wind_mph, humidity_percent, dewpoint_f, notes) VALUES ('042d5428-3c6a-4ecb-9f8a-46d1482dbd22', '44b5fbb3-291a-4e81-909f-a8c93a5d99de', '2026-04-20', 'easy', 1.72, 1073, 3, NULL, NULL, NULL, 'Riverwalk + bridges', 'Clear', 80, 5.6, 80, 75, NULL);
INSERT INTO run_segments (run_id, segment_order, segment_type, distance_miles, duration_seconds) VALUES ('042d5428-3c6a-4ecb-9f8a-46d1482dbd22', 1, 'easy', 1.72, 1073);
INSERT INTO runs (id, athlete_id, run_date, run_type, distance_miles, duration_seconds, effort_rpe, avg_cadence, avg_hr, max_hr, route, conditions, temperature_f, wind_mph, humidity_percent, dewpoint_f, notes) VALUES ('45e37855-0b36-453a-8c49-ad26488e7835', '44b5fbb3-291a-4e81-909f-a8c93a5d99de', '2026-04-21', 'tempo', 2.83, 1742, 7, NULL, NULL, NULL, 'Curtis Hixon waterfront', 'Clear', 85, 6.1, 92, 81, NULL);
INSERT INTO run_segments (run_id, segment_order, segment_type, distance_miles, duration_seconds) VALUES ('45e37855-0b36-453a-8c49-ad26488e7835', 1, 'warmup', 0.57, 361);
INSERT INTO run_segments (run_id, segment_order, segment_type, distance_miles, duration_seconds) VALUES ('45e37855-0b36-453a-8c49-ad26488e7835', 2, 'tempo', 1.84, 1107);
INSERT INTO run_segments (run_id, segment_order, segment_type, distance_miles, duration_seconds) VALUES ('45e37855-0b36-453a-8c49-ad26488e7835', 3, 'cooldown', 0.42, 274);
INSERT INTO runs (id, athlete_id, run_date, run_type, distance_miles, duration_seconds, effort_rpe, avg_cadence, avg_hr, max_hr, route, conditions, temperature_f, wind_mph, humidity_percent, dewpoint_f, notes) VALUES ('3ecd4efb-29b8-4169-9da5-8ce6aa25d448', '44b5fbb3-291a-4e81-909f-a8c93a5d99de', '2026-04-22', 'easy', 1.75, 1107, 4, NULL, NULL, NULL, 'Davis Islands loop', 'Partly cloudy', 86, 8.9, 70, 80, NULL);
INSERT INTO run_segments (run_id, segment_order, segment_type, distance_miles, duration_seconds) VALUES ('3ecd4efb-29b8-4169-9da5-8ce6aa25d448', 1, 'easy', 1.75, 1107);
INSERT INTO runs (id, athlete_id, run_date, run_type, duration_seconds, effort_rpe, cross_train_activity, notes) VALUES ('7336cf32-7f45-4806-8a53-7ff4e60c7e65', '44b5fbb3-291a-4e81-909f-a8c93a5d99de', '2026-04-23', 'cross_train', 2700, 4, 'elliptical', NULL);
INSERT INTO runs (id, athlete_id, run_date, run_type, distance_miles, duration_seconds, effort_rpe, avg_cadence, avg_hr, max_hr, route, conditions, temperature_f, wind_mph, humidity_percent, dewpoint_f, notes) VALUES ('a097ad45-1b20-4287-bb18-fc0eec425481', '44b5fbb3-291a-4e81-909f-a8c93a5d99de', '2026-04-24', 'easy', 1.86, 1181, 5, NULL, NULL, NULL, 'Curtis Hixon waterfront', 'Overcast', 87, 6.6, 72, 81, NULL);
INSERT INTO run_segments (run_id, segment_order, segment_type, distance_miles, duration_seconds) VALUES ('a097ad45-1b20-4287-bb18-fc0eec425481', 1, 'easy', 1.86, 1181);
INSERT INTO runs (id, athlete_id, run_date, run_type, distance_miles, duration_seconds, effort_rpe, avg_cadence, avg_hr, max_hr, route, conditions, temperature_f, wind_mph, humidity_percent, dewpoint_f, notes) VALUES ('9a37c076-7812-468f-9ebf-5888f90598b7', '44b5fbb3-291a-4e81-909f-a8c93a5d99de', '2026-04-25', 'long', 4.07, 2820, 6, NULL, NULL, NULL, 'Riverwalk + bridges', 'Humid', 77, 8.0, 80, 70, NULL);
INSERT INTO run_segments (run_id, segment_order, segment_type, distance_miles, duration_seconds) VALUES ('9a37c076-7812-468f-9ebf-5888f90598b7', 1, 'easy', 4.07, 2820);
INSERT INTO runs (id, athlete_id, run_date, run_type, distance_miles, duration_seconds, effort_rpe, avg_cadence, avg_hr, max_hr, route, conditions, temperature_f, wind_mph, humidity_percent, dewpoint_f, notes) VALUES ('acc2324c-9488-4860-a83d-379db5623241', '44b5fbb3-291a-4e81-909f-a8c93a5d99de', '2026-04-27', 'easy', 2.46, 1648, 4, NULL, NULL, NULL, 'Neighborhood — easy', 'Partly cloudy', 76, 5.7, 85, 69, NULL);
INSERT INTO run_segments (run_id, segment_order, segment_type, distance_miles, duration_seconds) VALUES ('acc2324c-9488-4860-a83d-379db5623241', 1, 'easy', 2.46, 1648);
INSERT INTO runs (id, athlete_id, run_date, run_type, distance_miles, duration_seconds, effort_rpe, avg_cadence, avg_hr, max_hr, route, conditions, temperature_f, wind_mph, humidity_percent, dewpoint_f, notes) VALUES ('c14f85e1-4526-4bd0-b495-d8fe34ebc890', '44b5fbb3-291a-4e81-909f-a8c93a5d99de', '2026-04-28', 'tempo', 3.05, 1913, 7, NULL, NULL, NULL, 'Hyde Park loop', 'Partly cloudy', 81, 3.4, 91, 73, NULL);
INSERT INTO run_segments (run_id, segment_order, segment_type, distance_miles, duration_seconds) VALUES ('c14f85e1-4526-4bd0-b495-d8fe34ebc890', 1, 'warmup', 0.61, 384);
INSERT INTO run_segments (run_id, segment_order, segment_type, distance_miles, duration_seconds) VALUES ('c14f85e1-4526-4bd0-b495-d8fe34ebc890', 2, 'tempo', 1.98, 1228);
INSERT INTO run_segments (run_id, segment_order, segment_type, distance_miles, duration_seconds) VALUES ('c14f85e1-4526-4bd0-b495-d8fe34ebc890', 3, 'cooldown', 0.46, 301);
INSERT INTO runs (id, athlete_id, run_date, run_type, distance_miles, duration_seconds, effort_rpe, avg_cadence, avg_hr, max_hr, route, conditions, temperature_f, wind_mph, humidity_percent, dewpoint_f, notes) VALUES ('baedb2bc-6352-4762-998a-9cef7df24ff6', '44b5fbb3-291a-4e81-909f-a8c93a5d99de', '2026-04-29', 'easy', 1.87, 1191, 5, NULL, NULL, NULL, 'Bayshore out & back', 'Overcast', 79, 3.1, 65, 72, NULL);
INSERT INTO run_segments (run_id, segment_order, segment_type, distance_miles, duration_seconds) VALUES ('baedb2bc-6352-4762-998a-9cef7df24ff6', 1, 'easy', 1.87, 1191);
INSERT INTO runs (id, athlete_id, run_date, run_type, duration_seconds, effort_rpe, cross_train_activity, notes) VALUES ('e32f24fb-f46b-4aa3-9eb3-d633b61093a4', '44b5fbb3-291a-4e81-909f-a8c93a5d99de', '2026-04-30', 'cross_train', 1800, 6, 'pool run', NULL);
INSERT INTO runs (id, athlete_id, run_date, run_type, distance_miles, duration_seconds, effort_rpe, avg_cadence, avg_hr, max_hr, route, conditions, temperature_f, wind_mph, humidity_percent, dewpoint_f, notes) VALUES ('1980f70d-fd5c-4fa5-8ff5-c2637546fe4e', '44b5fbb3-291a-4e81-909f-a8c93a5d99de', '2026-05-01', 'easy', 1.83, 1206, 3, NULL, NULL, NULL, 'Davis Islands loop', 'Partly cloudy', 82, 5.9, 83, 70, NULL);
INSERT INTO run_segments (run_id, segment_order, segment_type, distance_miles, duration_seconds) VALUES ('1980f70d-fd5c-4fa5-8ff5-c2637546fe4e', 1, 'easy', 1.83, 1206);
INSERT INTO runs (id, athlete_id, run_date, run_type, distance_miles, duration_seconds, effort_rpe, avg_cadence, avg_hr, max_hr, route, conditions, temperature_f, wind_mph, humidity_percent, dewpoint_f, notes) VALUES ('06db999c-035a-47c4-aed6-e99004bff6bc', '44b5fbb3-291a-4e81-909f-a8c93a5d99de', '2026-05-02', 'long', 3.77, 2426, 5, NULL, NULL, NULL, 'Al Lopez Park trails', 'Humid', 78, 9.8, 89, 66, NULL);
INSERT INTO run_segments (run_id, segment_order, segment_type, distance_miles, duration_seconds) VALUES ('06db999c-035a-47c4-aed6-e99004bff6bc', 1, 'easy', 3.77, 2426);
INSERT INTO runs (id, athlete_id, run_date, run_type, distance_miles, duration_seconds, effort_rpe, avg_cadence, avg_hr, max_hr, route, conditions, temperature_f, wind_mph, humidity_percent, dewpoint_f, notes) VALUES ('e357a360-c80f-47bf-a2b5-aee84df27962', '44b5fbb3-291a-4e81-909f-a8c93a5d99de', '2026-05-04', 'easy', 1.66, 1086, 5, NULL, NULL, NULL, 'Hyde Park loop', 'Partly cloudy', 68, 8.5, 81, 62, NULL);
INSERT INTO run_segments (run_id, segment_order, segment_type, distance_miles, duration_seconds) VALUES ('e357a360-c80f-47bf-a2b5-aee84df27962', 1, 'easy', 1.66, 1086);
INSERT INTO runs (id, athlete_id, run_date, run_type, distance_miles, duration_seconds, effort_rpe, avg_cadence, avg_hr, max_hr, route, conditions, temperature_f, wind_mph, humidity_percent, dewpoint_f, notes) VALUES ('64b05c37-764e-48e9-ace4-c8884d965b19', '44b5fbb3-291a-4e81-909f-a8c93a5d99de', '2026-05-05', 'tempo', 3.17, 1870, 7, NULL, NULL, NULL, 'Riverwalk + bridges', 'Humid', 73, 6.0, 87, 66, NULL);
INSERT INTO run_segments (run_id, segment_order, segment_type, distance_miles, duration_seconds) VALUES ('64b05c37-764e-48e9-ace4-c8884d965b19', 1, 'warmup', 0.63, 405);
INSERT INTO run_segments (run_id, segment_order, segment_type, distance_miles, duration_seconds) VALUES ('64b05c37-764e-48e9-ace4-c8884d965b19', 2, 'tempo', 2.06, 1146);
INSERT INTO run_segments (run_id, segment_order, segment_type, distance_miles, duration_seconds) VALUES ('64b05c37-764e-48e9-ace4-c8884d965b19', 3, 'cooldown', 0.48, 319);
INSERT INTO runs (id, athlete_id, run_date, run_type, distance_miles, duration_seconds, effort_rpe, avg_cadence, avg_hr, max_hr, route, conditions, temperature_f, wind_mph, humidity_percent, dewpoint_f, notes) VALUES ('56dc2247-6b4c-4bc7-a69b-d62c859f5ed1', '44b5fbb3-291a-4e81-909f-a8c93a5d99de', '2026-05-06', 'easy', 1.77, 1161, 3, NULL, NULL, NULL, 'Track at Plant HS', 'Overcast', 74, 3.1, 89, 63, NULL);
INSERT INTO run_segments (run_id, segment_order, segment_type, distance_miles, duration_seconds) VALUES ('56dc2247-6b4c-4bc7-a69b-d62c859f5ed1', 1, 'easy', 1.77, 1161);
INSERT INTO runs (id, athlete_id, run_date, run_type, duration_seconds, effort_rpe, cross_train_activity, notes) VALUES ('3c6ff152-924e-445d-bd23-be300537e81a', '44b5fbb3-291a-4e81-909f-a8c93a5d99de', '2026-05-07', 'cross_train', 2700, 3, 'pool run', NULL);
INSERT INTO runs (id, athlete_id, run_date, run_type, distance_miles, duration_seconds, effort_rpe, avg_cadence, avg_hr, max_hr, route, conditions, temperature_f, wind_mph, humidity_percent, dewpoint_f, notes) VALUES ('169dfdd4-122a-4855-9684-e06f3e1c1b68', '44b5fbb3-291a-4e81-909f-a8c93a5d99de', '2026-05-08', 'easy', 2.44, 1580, 4, NULL, NULL, NULL, 'Hyde Park loop', 'Partly cloudy', 75, 3.2, 79, 66, NULL);
INSERT INTO run_segments (run_id, segment_order, segment_type, distance_miles, duration_seconds) VALUES ('169dfdd4-122a-4855-9684-e06f3e1c1b68', 1, 'easy', 2.44, 1580);
INSERT INTO runs (id, athlete_id, run_date, run_type, distance_miles, duration_seconds, effort_rpe, avg_cadence, avg_hr, max_hr, route, conditions, temperature_f, wind_mph, humidity_percent, dewpoint_f, notes) VALUES ('6fb13fe5-8934-4d14-88d5-f3701e4190b3', '44b5fbb3-291a-4e81-909f-a8c93a5d99de', '2026-05-09', 'long', 4.44, 2867, 7, NULL, NULL, NULL, 'Riverwalk + bridges', 'Partly cloudy', 85, 6.9, 70, 79, NULL);
INSERT INTO run_segments (run_id, segment_order, segment_type, distance_miles, duration_seconds) VALUES ('6fb13fe5-8934-4d14-88d5-f3701e4190b3', 1, 'easy', 4.44, 2867);
INSERT INTO runs (id, athlete_id, run_date, run_type, distance_miles, duration_seconds, effort_rpe, avg_cadence, avg_hr, max_hr, route, conditions, temperature_f, wind_mph, humidity_percent, dewpoint_f, notes) VALUES ('150f5acd-a4d2-41c7-8702-3b67bef01841', '44b5fbb3-291a-4e81-909f-a8c93a5d99de', '2026-05-11', 'easy', 3.27, 1999, 4, NULL, NULL, NULL, 'Neighborhood — easy', 'Humid', 85, 8.5, 92, 75, NULL);
INSERT INTO run_segments (run_id, segment_order, segment_type, distance_miles, duration_seconds) VALUES ('150f5acd-a4d2-41c7-8702-3b67bef01841', 1, 'easy', 3.27, 1999);
INSERT INTO runs (id, athlete_id, run_date, run_type, distance_miles, duration_seconds, effort_rpe, avg_cadence, avg_hr, max_hr, route, conditions, temperature_f, wind_mph, humidity_percent, dewpoint_f, notes) VALUES ('31bbcb15-729c-4414-a7f3-86e673ff642d', '44b5fbb3-291a-4e81-909f-a8c93a5d99de', '2026-05-12', 'tempo', 5.59, 3350, 7, NULL, NULL, NULL, 'Al Lopez Park trails', 'Humid', 75, 3.7, 78, 64, NULL);
INSERT INTO run_segments (run_id, segment_order, segment_type, distance_miles, duration_seconds) VALUES ('31bbcb15-729c-4414-a7f3-86e673ff642d', 1, 'warmup', 1.12, 718);
INSERT INTO run_segments (run_id, segment_order, segment_type, distance_miles, duration_seconds) VALUES ('31bbcb15-729c-4414-a7f3-86e673ff642d', 2, 'tempo', 3.63, 2083);
INSERT INTO run_segments (run_id, segment_order, segment_type, distance_miles, duration_seconds) VALUES ('31bbcb15-729c-4414-a7f3-86e673ff642d', 3, 'cooldown', 0.84, 549);
INSERT INTO runs (id, athlete_id, run_date, run_type, distance_miles, duration_seconds, effort_rpe, avg_cadence, avg_hr, max_hr, route, conditions, temperature_f, wind_mph, humidity_percent, dewpoint_f, notes) VALUES ('ca942c5f-9827-46e4-8baa-2d5c1f98a41c', '44b5fbb3-291a-4e81-909f-a8c93a5d99de', '2026-05-13', 'easy', 3.81, 2517, 4, NULL, NULL, NULL, 'Davis Islands loop', 'Overcast', 81, 9.4, 66, 74, NULL);
INSERT INTO run_segments (run_id, segment_order, segment_type, distance_miles, duration_seconds) VALUES ('ca942c5f-9827-46e4-8baa-2d5c1f98a41c', 1, 'easy', 3.81, 2517);
INSERT INTO runs (id, athlete_id, run_date, run_type, duration_seconds, effort_rpe, cross_train_activity, notes) VALUES ('9ce1161d-d9bd-4037-ab15-b52970ed01e1', '44b5fbb3-291a-4e81-909f-a8c93a5d99de', '2026-05-14', 'cross_train', 2700, 5, 'swimming', NULL);
INSERT INTO runs (id, athlete_id, run_date, run_type, distance_miles, duration_seconds, effort_rpe, avg_cadence, avg_hr, max_hr, route, conditions, temperature_f, wind_mph, humidity_percent, dewpoint_f, notes) VALUES ('189f87ce-dbc1-44d6-adf1-3f0bbf7085ae', '44b5fbb3-291a-4e81-909f-a8c93a5d99de', '2026-05-15', 'easy', 3.88, 2468, 3, NULL, NULL, NULL, 'Neighborhood — easy', 'Clear', 73, 9.8, 68, 66, NULL);
INSERT INTO run_segments (run_id, segment_order, segment_type, distance_miles, duration_seconds) VALUES ('189f87ce-dbc1-44d6-adf1-3f0bbf7085ae', 1, 'easy', 3.88, 2468);
INSERT INTO runs (id, athlete_id, run_date, run_type, distance_miles, duration_seconds, effort_rpe, avg_cadence, avg_hr, max_hr, route, conditions, temperature_f, wind_mph, humidity_percent, dewpoint_f, notes) VALUES ('429e685e-fa8f-4923-9ae0-6bde2d65b74f', '44b5fbb3-291a-4e81-909f-a8c93a5d99de', '2026-05-16', 'long', 7.39, 4999, 6, NULL, NULL, NULL, 'Al Lopez Park trails', 'Clear', 84, 3.4, 66, 74, NULL);
INSERT INTO run_segments (run_id, segment_order, segment_type, distance_miles, duration_seconds) VALUES ('429e685e-fa8f-4923-9ae0-6bde2d65b74f', 1, 'easy', 7.39, 4999);

INSERT INTO runs (id, athlete_id, run_date, run_type, distance_miles, duration_seconds, effort_rpe, avg_cadence, avg_hr, max_hr, route, conditions, temperature_f, wind_mph, humidity_percent, dewpoint_f, notes) VALUES ('2640767e-ee6d-4dc7-9ad8-7958f1f8d733', '260236b2-6fe6-4b7e-91c4-e3d831e5f9a3', '2026-04-20', 'easy', 1.7, 1113, 4, NULL, NULL, NULL, 'Neighborhood — easy', 'Humid', 83, 7.8, 69, 75, NULL);
INSERT INTO run_segments (run_id, segment_order, segment_type, distance_miles, duration_seconds) VALUES ('2640767e-ee6d-4dc7-9ad8-7958f1f8d733', 1, 'easy', 1.7, 1113);
INSERT INTO runs (id, athlete_id, run_date, run_type, distance_miles, duration_seconds, effort_rpe, avg_cadence, avg_hr, max_hr, route, conditions, temperature_f, wind_mph, humidity_percent, dewpoint_f, notes) VALUES ('af9cc584-386d-45a4-a5fb-5973e9562630', '260236b2-6fe6-4b7e-91c4-e3d831e5f9a3', '2026-04-21', 'tempo', 1.85, 1219, 8, NULL, NULL, NULL, 'Track at Plant HS', 'Clear', 82, 5.3, 91, 78, NULL);
INSERT INTO run_segments (run_id, segment_order, segment_type, distance_miles, duration_seconds) VALUES ('af9cc584-386d-45a4-a5fb-5973e9562630', 1, 'warmup', 0.37, 255);
INSERT INTO run_segments (run_id, segment_order, segment_type, distance_miles, duration_seconds) VALUES ('af9cc584-386d-45a4-a5fb-5973e9562630', 2, 'tempo', 1.2, 766);
INSERT INTO run_segments (run_id, segment_order, segment_type, distance_miles, duration_seconds) VALUES ('af9cc584-386d-45a4-a5fb-5973e9562630', 3, 'cooldown', 0.28, 198);
INSERT INTO runs (id, athlete_id, run_date, run_type, distance_miles, duration_seconds, effort_rpe, avg_cadence, avg_hr, max_hr, route, conditions, temperature_f, wind_mph, humidity_percent, dewpoint_f, notes) VALUES ('c008dd25-f1f7-4453-b091-14e20d327edd', '260236b2-6fe6-4b7e-91c4-e3d831e5f9a3', '2026-04-22', 'easy', 1.34, 871, 5, NULL, NULL, NULL, 'Al Lopez Park trails', 'Humid', 78, 5.4, 78, 72, NULL);
INSERT INTO run_segments (run_id, segment_order, segment_type, distance_miles, duration_seconds) VALUES ('c008dd25-f1f7-4453-b091-14e20d327edd', 1, 'easy', 1.34, 871);
INSERT INTO runs (id, athlete_id, run_date, run_type, duration_seconds, effort_rpe, cross_train_activity, notes) VALUES ('633b95a2-25e4-4b95-8ac2-26b928964757', '260236b2-6fe6-4b7e-91c4-e3d831e5f9a3', '2026-04-23', 'cross_train', 1800, 3, 'swimming', NULL);
INSERT INTO runs (id, athlete_id, run_date, run_type, distance_miles, duration_seconds, effort_rpe, avg_cadence, avg_hr, max_hr, route, conditions, temperature_f, wind_mph, humidity_percent, dewpoint_f, notes) VALUES ('c6c01403-8246-4d12-9622-32f20fbc12d3', '260236b2-6fe6-4b7e-91c4-e3d831e5f9a3', '2026-04-24', 'easy', 1.68, 1087, 4, NULL, NULL, NULL, 'Davis Islands loop', 'Clear', 72, 3.6, 79, 64, NULL);
INSERT INTO run_segments (run_id, segment_order, segment_type, distance_miles, duration_seconds) VALUES ('c6c01403-8246-4d12-9622-32f20fbc12d3', 1, 'easy', 1.68, 1087);
INSERT INTO runs (id, athlete_id, run_date, run_type, distance_miles, duration_seconds, effort_rpe, avg_cadence, avg_hr, max_hr, route, conditions, temperature_f, wind_mph, humidity_percent, dewpoint_f, notes) VALUES ('84540eb8-4f3f-4eb6-8b30-6a2bc7a6d778', '260236b2-6fe6-4b7e-91c4-e3d831e5f9a3', '2026-04-25', 'long', 2.93, 2054, 5, NULL, NULL, NULL, 'Davis Islands loop', 'Partly cloudy', 81, 9.0, 65, 77, NULL);
INSERT INTO run_segments (run_id, segment_order, segment_type, distance_miles, duration_seconds) VALUES ('84540eb8-4f3f-4eb6-8b30-6a2bc7a6d778', 1, 'easy', 2.93, 2054);
INSERT INTO runs (id, athlete_id, run_date, run_type, distance_miles, duration_seconds, effort_rpe, avg_cadence, avg_hr, max_hr, route, conditions, temperature_f, wind_mph, humidity_percent, dewpoint_f, notes) VALUES ('a0abe20a-4fbd-448e-a514-8a016ea267eb', '260236b2-6fe6-4b7e-91c4-e3d831e5f9a3', '2026-04-27', 'easy', 1.26, 833, 5, NULL, NULL, NULL, 'Neighborhood — easy', 'Clear', 72, 2.7, 90, 62, NULL);
INSERT INTO run_segments (run_id, segment_order, segment_type, distance_miles, duration_seconds) VALUES ('a0abe20a-4fbd-448e-a514-8a016ea267eb', 1, 'easy', 1.26, 833);
INSERT INTO runs (id, athlete_id, run_date, run_type, distance_miles, duration_seconds, effort_rpe, avg_cadence, avg_hr, max_hr, route, conditions, temperature_f, wind_mph, humidity_percent, dewpoint_f, notes) VALUES ('0877cdd0-d5e7-4c54-90a9-05e7b219e56b', '260236b2-6fe6-4b7e-91c4-e3d831e5f9a3', '2026-04-28', 'tempo', 2.0, 1256, 7, NULL, NULL, NULL, 'Riverwalk + bridges', 'Humid', 70, 8.1, 60, 64, NULL);
INSERT INTO run_segments (run_id, segment_order, segment_type, distance_miles, duration_seconds) VALUES ('0877cdd0-d5e7-4c54-90a9-05e7b219e56b', 1, 'warmup', 0.4, 269);
INSERT INTO run_segments (run_id, segment_order, segment_type, distance_miles, duration_seconds) VALUES ('0877cdd0-d5e7-4c54-90a9-05e7b219e56b', 2, 'tempo', 1.3, 778);
INSERT INTO run_segments (run_id, segment_order, segment_type, distance_miles, duration_seconds) VALUES ('0877cdd0-d5e7-4c54-90a9-05e7b219e56b', 3, 'cooldown', 0.3, 209);
INSERT INTO runs (id, athlete_id, run_date, run_type, distance_miles, duration_seconds, effort_rpe, avg_cadence, avg_hr, max_hr, route, conditions, temperature_f, wind_mph, humidity_percent, dewpoint_f, notes) VALUES ('3ab12bbc-46f6-486e-a576-f63b72ac0514', '260236b2-6fe6-4b7e-91c4-e3d831e5f9a3', '2026-04-29', 'easy', 1.86, 1279, 5, NULL, NULL, NULL, 'Hyde Park loop', 'Overcast', 86, 5.5, 84, 76, NULL);
INSERT INTO run_segments (run_id, segment_order, segment_type, distance_miles, duration_seconds) VALUES ('3ab12bbc-46f6-486e-a576-f63b72ac0514', 1, 'easy', 1.86, 1279);
INSERT INTO runs (id, athlete_id, run_date, run_type, duration_seconds, effort_rpe, cross_train_activity, notes) VALUES ('1a19abca-ad85-4ff1-9824-2697f0a34f91', '260236b2-6fe6-4b7e-91c4-e3d831e5f9a3', '2026-04-30', 'cross_train', 2400, 3, 'biking', NULL);
INSERT INTO runs (id, athlete_id, run_date, run_type, distance_miles, duration_seconds, effort_rpe, avg_cadence, avg_hr, max_hr, route, conditions, temperature_f, wind_mph, humidity_percent, dewpoint_f, notes) VALUES ('bee38846-8f9b-4e94-be21-7506b687a70e', '260236b2-6fe6-4b7e-91c4-e3d831e5f9a3', '2026-05-01', 'easy', 1.62, 1126, 4, NULL, NULL, NULL, 'Davis Islands loop', 'Humid', 80, 8.5, 78, 73, NULL);
INSERT INTO run_segments (run_id, segment_order, segment_type, distance_miles, duration_seconds) VALUES ('bee38846-8f9b-4e94-be21-7506b687a70e', 1, 'easy', 1.62, 1126);
INSERT INTO runs (id, athlete_id, run_date, run_type, distance_miles, duration_seconds, effort_rpe, avg_cadence, avg_hr, max_hr, route, conditions, temperature_f, wind_mph, humidity_percent, dewpoint_f, notes) VALUES ('65dea997-68de-475b-a7d5-50a5cb700a4a', '260236b2-6fe6-4b7e-91c4-e3d831e5f9a3', '2026-05-02', 'long', 3.12, 2246, 5, NULL, NULL, NULL, 'Neighborhood — easy', 'Humid', 86, 5.7, 86, 80, NULL);
INSERT INTO run_segments (run_id, segment_order, segment_type, distance_miles, duration_seconds) VALUES ('65dea997-68de-475b-a7d5-50a5cb700a4a', 1, 'easy', 3.12, 2246);
INSERT INTO runs (id, athlete_id, run_date, run_type, distance_miles, duration_seconds, effort_rpe, avg_cadence, avg_hr, max_hr, route, conditions, temperature_f, wind_mph, humidity_percent, dewpoint_f, notes) VALUES ('e7c0763c-11b1-4423-9e4c-0c3f46889f39', '260236b2-6fe6-4b7e-91c4-e3d831e5f9a3', '2026-05-04', 'easy', 1.87, 1210, 3, NULL, NULL, NULL, 'Bayshore out & back', 'Humid', 80, 4.9, 92, 68, NULL);
INSERT INTO run_segments (run_id, segment_order, segment_type, distance_miles, duration_seconds) VALUES ('e7c0763c-11b1-4423-9e4c-0c3f46889f39', 1, 'easy', 1.87, 1210);
INSERT INTO runs (id, athlete_id, run_date, run_type, distance_miles, duration_seconds, effort_rpe, avg_cadence, avg_hr, max_hr, route, conditions, temperature_f, wind_mph, humidity_percent, dewpoint_f, notes) VALUES ('7518aa64-fd11-48e2-9dc0-a993cf04faad', '260236b2-6fe6-4b7e-91c4-e3d831e5f9a3', '2026-05-05', 'tempo', 2.39, 1551, 7, NULL, NULL, NULL, 'Davis Islands loop', 'Overcast', 72, 5.9, 80, 67, NULL);
INSERT INTO run_segments (run_id, segment_order, segment_type, distance_miles, duration_seconds) VALUES ('7518aa64-fd11-48e2-9dc0-a993cf04faad', 1, 'warmup', 0.48, 330);
INSERT INTO run_segments (run_id, segment_order, segment_type, distance_miles, duration_seconds) VALUES ('7518aa64-fd11-48e2-9dc0-a993cf04faad', 2, 'tempo', 1.55, 962);
INSERT INTO run_segments (run_id, segment_order, segment_type, distance_miles, duration_seconds) VALUES ('7518aa64-fd11-48e2-9dc0-a993cf04faad', 3, 'cooldown', 0.36, 259);
INSERT INTO runs (id, athlete_id, run_date, run_type, distance_miles, duration_seconds, effort_rpe, avg_cadence, avg_hr, max_hr, route, conditions, temperature_f, wind_mph, humidity_percent, dewpoint_f, notes) VALUES ('63b41ff4-281a-470a-a825-eac0844bc4f0', '260236b2-6fe6-4b7e-91c4-e3d831e5f9a3', '2026-05-06', 'easy', 1.28, 834, 5, NULL, NULL, NULL, 'Riverwalk + bridges', 'Partly cloudy', 71, 9.1, 60, 67, NULL);
INSERT INTO run_segments (run_id, segment_order, segment_type, distance_miles, duration_seconds) VALUES ('63b41ff4-281a-470a-a825-eac0844bc4f0', 1, 'easy', 1.28, 834);
INSERT INTO runs (id, athlete_id, run_date, run_type, duration_seconds, effort_rpe, cross_train_activity, notes) VALUES ('396aa19a-de47-4afd-80c6-8e7544897dbe', '260236b2-6fe6-4b7e-91c4-e3d831e5f9a3', '2026-05-07', 'cross_train', 3600, 5, 'elliptical', NULL);
INSERT INTO runs (id, athlete_id, run_date, run_type, distance_miles, duration_seconds, effort_rpe, avg_cadence, avg_hr, max_hr, route, conditions, temperature_f, wind_mph, humidity_percent, dewpoint_f, notes) VALUES ('90cd1d08-0766-48d0-b6d9-743423dfe0f4', '260236b2-6fe6-4b7e-91c4-e3d831e5f9a3', '2026-05-08', 'easy', 1.34, 937, 4, NULL, NULL, NULL, 'Al Lopez Park trails', 'Humid', 84, 4.6, 64, 79, NULL);
INSERT INTO run_segments (run_id, segment_order, segment_type, distance_miles, duration_seconds) VALUES ('90cd1d08-0766-48d0-b6d9-743423dfe0f4', 1, 'easy', 1.34, 937);
INSERT INTO runs (id, athlete_id, run_date, run_type, distance_miles, duration_seconds, effort_rpe, avg_cadence, avg_hr, max_hr, route, conditions, temperature_f, wind_mph, humidity_percent, dewpoint_f, notes) VALUES ('f5256019-9c5e-4ff4-adff-2109ce283d16', '260236b2-6fe6-4b7e-91c4-e3d831e5f9a3', '2026-05-09', 'long', 3.46, 2457, 6, NULL, NULL, NULL, 'Hyde Park loop', 'Partly cloudy', 75, 2.0, 92, 71, NULL);
INSERT INTO run_segments (run_id, segment_order, segment_type, distance_miles, duration_seconds) VALUES ('f5256019-9c5e-4ff4-adff-2109ce283d16', 1, 'easy', 3.46, 2457);
INSERT INTO runs (id, athlete_id, run_date, run_type, distance_miles, duration_seconds, effort_rpe, avg_cadence, avg_hr, max_hr, route, conditions, temperature_f, wind_mph, humidity_percent, dewpoint_f, notes) VALUES ('3fca84e5-33f6-4166-94fb-b202592f4960', '260236b2-6fe6-4b7e-91c4-e3d831e5f9a3', '2026-05-11', 'easy', 1.64, 1162, 4, NULL, NULL, NULL, 'Track at Plant HS', 'Overcast', 75, 11.2, 86, 66, NULL);
INSERT INTO run_segments (run_id, segment_order, segment_type, distance_miles, duration_seconds) VALUES ('3fca84e5-33f6-4166-94fb-b202592f4960', 1, 'easy', 1.64, 1162);
INSERT INTO runs (id, athlete_id, run_date, run_type, distance_miles, duration_seconds, effort_rpe, avg_cadence, avg_hr, max_hr, route, conditions, temperature_f, wind_mph, humidity_percent, dewpoint_f, notes) VALUES ('82e23e3c-5323-4b48-a240-34af1a332d43', '260236b2-6fe6-4b7e-91c4-e3d831e5f9a3', '2026-05-12', 'tempo', 2.71, 1668, 7, NULL, NULL, NULL, 'Hyde Park loop', 'Overcast', 82, 9.7, 78, 74, NULL);
INSERT INTO run_segments (run_id, segment_order, segment_type, distance_miles, duration_seconds) VALUES ('82e23e3c-5323-4b48-a240-34af1a332d43', 1, 'warmup', 0.54, 358);
INSERT INTO run_segments (run_id, segment_order, segment_type, distance_miles, duration_seconds) VALUES ('82e23e3c-5323-4b48-a240-34af1a332d43', 2, 'tempo', 1.76, 1020);
INSERT INTO run_segments (run_id, segment_order, segment_type, distance_miles, duration_seconds) VALUES ('82e23e3c-5323-4b48-a240-34af1a332d43', 3, 'cooldown', 0.41, 290);
INSERT INTO runs (id, athlete_id, run_date, run_type, distance_miles, duration_seconds, effort_rpe, avg_cadence, avg_hr, max_hr, route, conditions, temperature_f, wind_mph, humidity_percent, dewpoint_f, notes) VALUES ('cb7bfbf0-4917-4ba5-9985-03e9a1f38192', '260236b2-6fe6-4b7e-91c4-e3d831e5f9a3', '2026-05-13', 'easy', 1.58, 1105, 4, NULL, NULL, NULL, 'Davis Islands loop', 'Partly cloudy', 72, 11.3, 60, 68, NULL);
INSERT INTO run_segments (run_id, segment_order, segment_type, distance_miles, duration_seconds) VALUES ('cb7bfbf0-4917-4ba5-9985-03e9a1f38192', 1, 'easy', 1.58, 1105);
INSERT INTO runs (id, athlete_id, run_date, run_type, duration_seconds, effort_rpe, cross_train_activity, notes) VALUES ('25f79246-98eb-47fa-a97a-907110ab27c8', '260236b2-6fe6-4b7e-91c4-e3d831e5f9a3', '2026-05-14', 'cross_train', 2400, 3, 'swimming', NULL);
INSERT INTO runs (id, athlete_id, run_date, run_type, distance_miles, duration_seconds, effort_rpe, avg_cadence, avg_hr, max_hr, route, conditions, temperature_f, wind_mph, humidity_percent, dewpoint_f, notes) VALUES ('a9cb2b4a-1026-41e5-9f3b-0f78693f207a', '260236b2-6fe6-4b7e-91c4-e3d831e5f9a3', '2026-05-15', 'easy', 1.65, 1149, 4, NULL, NULL, NULL, 'Curtis Hixon waterfront', 'Clear', 69, 9.1, 69, 64, NULL);
INSERT INTO run_segments (run_id, segment_order, segment_type, distance_miles, duration_seconds) VALUES ('a9cb2b4a-1026-41e5-9f3b-0f78693f207a', 1, 'easy', 1.65, 1149);
INSERT INTO runs (id, athlete_id, run_date, run_type, distance_miles, duration_seconds, effort_rpe, avg_cadence, avg_hr, max_hr, route, conditions, temperature_f, wind_mph, humidity_percent, dewpoint_f, notes) VALUES ('e745fc05-087f-42fd-8ca1-dd2c73525475', '260236b2-6fe6-4b7e-91c4-e3d831e5f9a3', '2026-05-16', 'long', 4.3, 3059, 7, NULL, NULL, NULL, 'Hyde Park loop', 'Clear', 84, 8.4, 68, 74, NULL);
INSERT INTO run_segments (run_id, segment_order, segment_type, distance_miles, duration_seconds) VALUES ('e745fc05-087f-42fd-8ca1-dd2c73525475', 1, 'easy', 4.3, 3059);

INSERT INTO runs (id, athlete_id, run_date, run_type, distance_miles, duration_seconds, effort_rpe, avg_cadence, avg_hr, max_hr, route, conditions, temperature_f, wind_mph, humidity_percent, dewpoint_f, notes) VALUES ('8dbe638a-ff2a-4f89-a8e5-c6bebc55bf9c', '83c2a08b-6666-477c-bbdb-cb06fefe83a9', '2026-04-20', 'easy', 2.5, 1423, 4, 187, 167, 187, 'Track at Plant HS', 'Partly cloudy', 82, 4.3, 77, 75, NULL);
INSERT INTO run_segments (run_id, segment_order, segment_type, distance_miles, duration_seconds) VALUES ('8dbe638a-ff2a-4f89-a8e5-c6bebc55bf9c', 1, 'easy', 2.5, 1423);
INSERT INTO runs (id, athlete_id, run_date, run_type, distance_miles, duration_seconds, effort_rpe, avg_cadence, avg_hr, max_hr, route, conditions, temperature_f, wind_mph, humidity_percent, dewpoint_f, notes) VALUES ('bfdaf320-1625-4a90-92dd-40842560d00d', '83c2a08b-6666-477c-bbdb-cb06fefe83a9', '2026-04-21', 'tempo', 4.94, 2492, 7, 181, 172, 192, 'Davis Islands loop', 'Clear', 82, 6.6, 79, 77, NULL);
INSERT INTO run_segments (run_id, segment_order, segment_type, distance_miles, duration_seconds) VALUES ('bfdaf320-1625-4a90-92dd-40842560d00d', 1, 'warmup', 0.99, 543);
INSERT INTO run_segments (run_id, segment_order, segment_type, distance_miles, duration_seconds) VALUES ('bfdaf320-1625-4a90-92dd-40842560d00d', 2, 'tempo', 3.21, 1508);
INSERT INTO run_segments (run_id, segment_order, segment_type, distance_miles, duration_seconds) VALUES ('bfdaf320-1625-4a90-92dd-40842560d00d', 3, 'cooldown', 0.74, 441);
INSERT INTO runs (id, athlete_id, run_date, run_type, distance_miles, duration_seconds, effort_rpe, avg_cadence, avg_hr, max_hr, route, conditions, temperature_f, wind_mph, humidity_percent, dewpoint_f, notes) VALUES ('cd90da2f-1d39-4a90-8f5e-e17d6ce10d49', '83c2a08b-6666-477c-bbdb-cb06fefe83a9', '2026-04-22', 'easy', 3.52, 1881, 4, 184, 171, 186, 'Al Lopez Park trails', 'Humid', 76, 2.3, 71, 66, NULL);
INSERT INTO run_segments (run_id, segment_order, segment_type, distance_miles, duration_seconds) VALUES ('cd90da2f-1d39-4a90-8f5e-e17d6ce10d49', 1, 'easy', 3.52, 1881);
INSERT INTO runs (id, athlete_id, run_date, run_type, duration_seconds, effort_rpe, cross_train_activity, notes) VALUES ('a31060c9-2c48-4255-a036-f12788609960', '83c2a08b-6666-477c-bbdb-cb06fefe83a9', '2026-04-23', 'cross_train', 2100, 3, 'pool run', NULL);
INSERT INTO runs (id, athlete_id, run_date, run_type, distance_miles, duration_seconds, effort_rpe, avg_cadence, avg_hr, max_hr, route, conditions, temperature_f, wind_mph, humidity_percent, dewpoint_f, notes) VALUES ('d6e7ad54-63ba-4611-9d97-2c61716e9cdf', '83c2a08b-6666-477c-bbdb-cb06fefe83a9', '2026-04-24', 'easy', 3.69, 1992, 3, 187, 167, 187, 'Hyde Park loop', 'Clear', 86, 11.2, 76, 81, NULL);
INSERT INTO run_segments (run_id, segment_order, segment_type, distance_miles, duration_seconds) VALUES ('d6e7ad54-63ba-4611-9d97-2c61716e9cdf', 1, 'easy', 3.69, 1992);
INSERT INTO runs (id, athlete_id, run_date, run_type, distance_miles, duration_seconds, effort_rpe, avg_cadence, avg_hr, max_hr, route, conditions, temperature_f, wind_mph, humidity_percent, dewpoint_f, notes) VALUES ('eee5d6a2-da14-4c49-a519-9f90ce4065d3', '83c2a08b-6666-477c-bbdb-cb06fefe83a9', '2026-04-25', 'long', 6.4, 3831, 5, 184, 156, 173, 'Neighborhood — easy', 'Partly cloudy', 80, 2.3, 91, 70, NULL);
INSERT INTO run_segments (run_id, segment_order, segment_type, distance_miles, duration_seconds) VALUES ('eee5d6a2-da14-4c49-a519-9f90ce4065d3', 1, 'easy', 6.4, 3831);
INSERT INTO runs (id, athlete_id, run_date, run_type, distance_miles, duration_seconds, effort_rpe, avg_cadence, avg_hr, max_hr, route, conditions, temperature_f, wind_mph, humidity_percent, dewpoint_f, notes) VALUES ('ee09b79d-4b5f-4bd4-9ce3-097b2468a24a', '83c2a08b-6666-477c-bbdb-cb06fefe83a9', '2026-04-27', 'easy', 3.93, 2151, 5, 183, 170, 191, 'Curtis Hixon waterfront', 'Humid', 69, 4.8, 65, 63, NULL);
INSERT INTO run_segments (run_id, segment_order, segment_type, distance_miles, duration_seconds) VALUES ('ee09b79d-4b5f-4bd4-9ce3-097b2468a24a', 1, 'easy', 3.93, 2151);
INSERT INTO runs (id, athlete_id, run_date, run_type, distance_miles, duration_seconds, effort_rpe, avg_cadence, avg_hr, max_hr, route, conditions, temperature_f, wind_mph, humidity_percent, dewpoint_f, notes) VALUES ('f60db828-eca3-4e20-9e21-772e6bfa9e3e', '83c2a08b-6666-477c-bbdb-cb06fefe83a9', '2026-04-28', 'tempo', 5.52, 2892, 8, 185, 170, 190, 'Track at Plant HS', 'Partly cloudy', 80, 3.8, 77, 71, NULL);
INSERT INTO run_segments (run_id, segment_order, segment_type, distance_miles, duration_seconds) VALUES ('f60db828-eca3-4e20-9e21-772e6bfa9e3e', 1, 'warmup', 1.1, 598);
INSERT INTO run_segments (run_id, segment_order, segment_type, distance_miles, duration_seconds) VALUES ('f60db828-eca3-4e20-9e21-772e6bfa9e3e', 2, 'tempo', 3.59, 1796);
INSERT INTO run_segments (run_id, segment_order, segment_type, distance_miles, duration_seconds) VALUES ('f60db828-eca3-4e20-9e21-772e6bfa9e3e', 3, 'cooldown', 0.83, 498);
INSERT INTO runs (id, athlete_id, run_date, run_type, distance_miles, duration_seconds, effort_rpe, avg_cadence, avg_hr, max_hr, route, conditions, temperature_f, wind_mph, humidity_percent, dewpoint_f, notes) VALUES ('f3f1dcf3-d052-4302-9fe0-1706d4b9246b', '83c2a08b-6666-477c-bbdb-cb06fefe83a9', '2026-04-29', 'easy', 3.77, 2105, 4, 186, 162, 181, 'Bayshore out & back', 'Partly cloudy', 75, 5.5, 84, 69, NULL);
INSERT INTO run_segments (run_id, segment_order, segment_type, distance_miles, duration_seconds) VALUES ('f3f1dcf3-d052-4302-9fe0-1706d4b9246b', 1, 'easy', 3.77, 2105);
INSERT INTO runs (id, athlete_id, run_date, run_type, duration_seconds, effort_rpe, cross_train_activity, notes) VALUES ('79422eaf-6eaa-45f4-adcf-92530da9381d', '83c2a08b-6666-477c-bbdb-cb06fefe83a9', '2026-04-30', 'cross_train', 2400, 3, 'elliptical', NULL);
INSERT INTO runs (id, athlete_id, run_date, run_type, distance_miles, duration_seconds, effort_rpe, avg_cadence, avg_hr, max_hr, route, conditions, temperature_f, wind_mph, humidity_percent, dewpoint_f, notes) VALUES ('b50aad34-3d61-4727-b48f-ddf64c66889f', '83c2a08b-6666-477c-bbdb-cb06fefe83a9', '2026-05-01', 'easy', 3.02, 1703, 4, 184, 156, 172, 'Bayshore out & back', 'Clear', 75, 2.2, 74, 64, NULL);
INSERT INTO run_segments (run_id, segment_order, segment_type, distance_miles, duration_seconds) VALUES ('b50aad34-3d61-4727-b48f-ddf64c66889f', 1, 'easy', 3.02, 1703);
INSERT INTO runs (id, athlete_id, run_date, run_type, distance_miles, duration_seconds, effort_rpe, avg_cadence, avg_hr, max_hr, route, conditions, temperature_f, wind_mph, humidity_percent, dewpoint_f, notes) VALUES ('b25d3f21-3197-47b1-b9cd-23378c2e5c9e', '83c2a08b-6666-477c-bbdb-cb06fefe83a9', '2026-05-02', 'long', 7.37, 4482, 6, 182, 173, 190, 'Hyde Park loop', 'Humid', 84, 11.6, 83, 75, NULL);
INSERT INTO run_segments (run_id, segment_order, segment_type, distance_miles, duration_seconds) VALUES ('b25d3f21-3197-47b1-b9cd-23378c2e5c9e', 1, 'easy', 7.37, 4482);
INSERT INTO runs (id, athlete_id, run_date, run_type, distance_miles, duration_seconds, effort_rpe, avg_cadence, avg_hr, max_hr, route, conditions, temperature_f, wind_mph, humidity_percent, dewpoint_f, notes) VALUES ('804157e7-3312-41c5-a639-7a21b81cb094', '83c2a08b-6666-477c-bbdb-cb06fefe83a9', '2026-05-04', 'easy', 3.06, 1683, 4, 183, 160, 183, 'Track at Plant HS', 'Partly cloudy', 75, 5.8, 71, 67, NULL);
INSERT INTO run_segments (run_id, segment_order, segment_type, distance_miles, duration_seconds) VALUES ('804157e7-3312-41c5-a639-7a21b81cb094', 1, 'easy', 3.06, 1683);
INSERT INTO runs (id, athlete_id, run_date, run_type, distance_miles, duration_seconds, effort_rpe, avg_cadence, avg_hr, max_hr, route, conditions, temperature_f, wind_mph, humidity_percent, dewpoint_f, notes) VALUES ('2af2f6df-9a41-426e-a806-c72b1897d0ac', '83c2a08b-6666-477c-bbdb-cb06fefe83a9', '2026-05-05', 'tempo', 4.16, 2218, 7, 182, 175, 199, 'Hyde Park loop', 'Partly cloudy', 83, 5.3, 69, 78, NULL);
INSERT INTO run_segments (run_id, segment_order, segment_type, distance_miles, duration_seconds) VALUES ('2af2f6df-9a41-426e-a806-c72b1897d0ac', 1, 'warmup', 0.83, 460);
INSERT INTO run_segments (run_id, segment_order, segment_type, distance_miles, duration_seconds) VALUES ('2af2f6df-9a41-426e-a806-c72b1897d0ac', 2, 'tempo', 2.71, 1397);
INSERT INTO run_segments (run_id, segment_order, segment_type, distance_miles, duration_seconds) VALUES ('2af2f6df-9a41-426e-a806-c72b1897d0ac', 3, 'cooldown', 0.62, 361);
INSERT INTO runs (id, athlete_id, run_date, run_type, distance_miles, duration_seconds, effort_rpe, avg_cadence, avg_hr, max_hr, route, conditions, temperature_f, wind_mph, humidity_percent, dewpoint_f, notes) VALUES ('ebe50524-c5c0-40b4-b074-982403bed387', '83c2a08b-6666-477c-bbdb-cb06fefe83a9', '2026-05-06', 'easy', 4.1, 2370, 4, 182, 157, 177, 'Al Lopez Park trails', 'Humid', 71, 2.5, 60, 60, NULL);
INSERT INTO run_segments (run_id, segment_order, segment_type, distance_miles, duration_seconds) VALUES ('ebe50524-c5c0-40b4-b074-982403bed387', 1, 'easy', 4.1, 2370);
INSERT INTO runs (id, athlete_id, run_date, run_type, duration_seconds, effort_rpe, cross_train_activity, notes) VALUES ('a5862f55-1075-4161-8e45-7a7877a946b6', '83c2a08b-6666-477c-bbdb-cb06fefe83a9', '2026-05-07', 'cross_train', 2700, 6, 'stretch + core', NULL);
INSERT INTO runs (id, athlete_id, run_date, run_type, distance_miles, duration_seconds, effort_rpe, avg_cadence, avg_hr, max_hr, route, conditions, temperature_f, wind_mph, humidity_percent, dewpoint_f, notes) VALUES ('7dcf0e88-8c3b-40c4-80e3-397342a91713', '83c2a08b-6666-477c-bbdb-cb06fefe83a9', '2026-05-08', 'easy', 3.12, 1805, 4, 183, 155, 175, 'Al Lopez Park trails', 'Partly cloudy', 71, 5.4, 64, 61, NULL);
INSERT INTO run_segments (run_id, segment_order, segment_type, distance_miles, duration_seconds) VALUES ('7dcf0e88-8c3b-40c4-80e3-397342a91713', 1, 'easy', 3.12, 1805);
INSERT INTO runs (id, athlete_id, run_date, run_type, distance_miles, duration_seconds, effort_rpe, avg_cadence, avg_hr, max_hr, route, conditions, temperature_f, wind_mph, humidity_percent, dewpoint_f, notes) VALUES ('84996ae0-70ea-4fc9-8d9a-5e98e18347ee', '83c2a08b-6666-477c-bbdb-cb06fefe83a9', '2026-05-09', 'long', 7.38, 4528, 6, 181, 168, 193, 'Riverwalk + bridges', 'Overcast', 87, 3.6, 87, 82, NULL);
INSERT INTO run_segments (run_id, segment_order, segment_type, distance_miles, duration_seconds) VALUES ('84996ae0-70ea-4fc9-8d9a-5e98e18347ee', 1, 'easy', 7.38, 4528);
INSERT INTO runs (id, athlete_id, run_date, run_type, distance_miles, duration_seconds, effort_rpe, avg_cadence, avg_hr, max_hr, route, conditions, temperature_f, wind_mph, humidity_percent, dewpoint_f, notes) VALUES ('ce558fb1-42ea-4618-ab65-b91a892c1abb', '83c2a08b-6666-477c-bbdb-cb06fefe83a9', '2026-05-11', 'easy', 2.87, 1639, 4, 181, 167, 191, 'Curtis Hixon waterfront', 'Clear', 72, 5.6, 63, 62, NULL);
INSERT INTO run_segments (run_id, segment_order, segment_type, distance_miles, duration_seconds) VALUES ('ce558fb1-42ea-4618-ab65-b91a892c1abb', 1, 'easy', 2.87, 1639);
INSERT INTO runs (id, athlete_id, run_date, run_type, distance_miles, duration_seconds, effort_rpe, avg_cadence, avg_hr, max_hr, route, conditions, temperature_f, wind_mph, humidity_percent, dewpoint_f, notes) VALUES ('37f5ddd2-3739-411a-a8a3-ca2844860860', '83c2a08b-6666-477c-bbdb-cb06fefe83a9', '2026-05-12', 'tempo', 5.37, 2834, 7, 186, 164, 180, 'Curtis Hixon waterfront', 'Humid', 71, 9.8, 79, 60, NULL);
INSERT INTO run_segments (run_id, segment_order, segment_type, distance_miles, duration_seconds) VALUES ('37f5ddd2-3739-411a-a8a3-ca2844860860', 1, 'warmup', 1.07, 613);
INSERT INTO run_segments (run_id, segment_order, segment_type, distance_miles, duration_seconds) VALUES ('37f5ddd2-3739-411a-a8a3-ca2844860860', 2, 'tempo', 3.49, 1750);
INSERT INTO run_segments (run_id, segment_order, segment_type, distance_miles, duration_seconds) VALUES ('37f5ddd2-3739-411a-a8a3-ca2844860860', 3, 'cooldown', 0.81, 471);
INSERT INTO runs (id, athlete_id, run_date, run_type, distance_miles, duration_seconds, effort_rpe, avg_cadence, avg_hr, max_hr, route, conditions, temperature_f, wind_mph, humidity_percent, dewpoint_f, notes) VALUES ('85842346-dacf-4343-8233-13c8c2b4aab1', '83c2a08b-6666-477c-bbdb-cb06fefe83a9', '2026-05-13', 'easy', 3.2, 1769, 5, 183, 169, 191, 'Al Lopez Park trails', 'Clear', 75, 7.6, 77, 69, NULL);
INSERT INTO run_segments (run_id, segment_order, segment_type, distance_miles, duration_seconds) VALUES ('85842346-dacf-4343-8233-13c8c2b4aab1', 1, 'easy', 3.2, 1769);
INSERT INTO runs (id, athlete_id, run_date, run_type, duration_seconds, effort_rpe, cross_train_activity, notes) VALUES ('95b36f32-6375-4cdc-8552-9e7bf6050f28', '83c2a08b-6666-477c-bbdb-cb06fefe83a9', '2026-05-14', 'cross_train', 3600, 6, 'elliptical', NULL);
INSERT INTO runs (id, athlete_id, run_date, run_type, distance_miles, duration_seconds, effort_rpe, avg_cadence, avg_hr, max_hr, route, conditions, temperature_f, wind_mph, humidity_percent, dewpoint_f, notes) VALUES ('ac5f195f-5f35-4561-83b3-ac2aff12bc68', '83c2a08b-6666-477c-bbdb-cb06fefe83a9', '2026-05-15', 'easy', 3.55, 1999, 5, 182, 170, 189, 'Hyde Park loop', 'Partly cloudy', 80, 7.0, 62, 68, NULL);
INSERT INTO run_segments (run_id, segment_order, segment_type, distance_miles, duration_seconds) VALUES ('ac5f195f-5f35-4561-83b3-ac2aff12bc68', 1, 'easy', 3.55, 1999);
INSERT INTO runs (id, athlete_id, run_date, run_type, distance_miles, duration_seconds, effort_rpe, avg_cadence, avg_hr, max_hr, route, conditions, temperature_f, wind_mph, humidity_percent, dewpoint_f, notes) VALUES ('81f8466f-b313-45fc-83b9-ed0fdc43fb04', '83c2a08b-6666-477c-bbdb-cb06fefe83a9', '2026-05-16', 'long', 7.97, 4548, 6, 184, 157, 182, 'Neighborhood — easy', 'Overcast', 74, 10.3, 69, 66, NULL);
INSERT INTO run_segments (run_id, segment_order, segment_type, distance_miles, duration_seconds) VALUES ('81f8466f-b313-45fc-83b9-ed0fdc43fb04', 1, 'easy', 7.97, 4548);

INSERT INTO runs (id, athlete_id, run_date, run_type, distance_miles, duration_seconds, effort_rpe, avg_cadence, avg_hr, max_hr, route, conditions, temperature_f, wind_mph, humidity_percent, dewpoint_f, notes) VALUES ('cb64522a-fe08-488d-9ed5-8879589a1cc5', '2a26a1db-3f3c-486c-af48-0b60f84f2ca7', '2026-04-20', 'easy', 0.77, 552, 5, NULL, NULL, NULL, 'Curtis Hixon waterfront', 'Partly cloudy', 68, 3.1, 86, 62, NULL);
INSERT INTO run_segments (run_id, segment_order, segment_type, distance_miles, duration_seconds) VALUES ('cb64522a-fe08-488d-9ed5-8879589a1cc5', 1, 'easy', 0.77, 552);
INSERT INTO runs (id, athlete_id, run_date, run_type, distance_miles, duration_seconds, effort_rpe, avg_cadence, avg_hr, max_hr, route, conditions, temperature_f, wind_mph, humidity_percent, dewpoint_f, notes) VALUES ('7ea1f27d-5de2-4bc4-8eb5-13daf49f7865', '2a26a1db-3f3c-486c-af48-0b60f84f2ca7', '2026-04-21', 'tempo', 0.99, 741, 8, NULL, NULL, NULL, 'Track at Plant HS', 'Humid', 81, 5.8, 76, 70, NULL);
INSERT INTO run_segments (run_id, segment_order, segment_type, distance_miles, duration_seconds) VALUES ('7ea1f27d-5de2-4bc4-8eb5-13daf49f7865', 1, 'warmup', 0.2, 145);
INSERT INTO run_segments (run_id, segment_order, segment_type, distance_miles, duration_seconds) VALUES ('7ea1f27d-5de2-4bc4-8eb5-13daf49f7865', 2, 'tempo', 0.64, 481);
INSERT INTO run_segments (run_id, segment_order, segment_type, distance_miles, duration_seconds) VALUES ('7ea1f27d-5de2-4bc4-8eb5-13daf49f7865', 3, 'cooldown', 0.15, 115);
INSERT INTO runs (id, athlete_id, run_date, run_type, distance_miles, duration_seconds, effort_rpe, avg_cadence, avg_hr, max_hr, route, conditions, temperature_f, wind_mph, humidity_percent, dewpoint_f, notes) VALUES ('ae6f742c-659a-4188-b1f4-3937c4ac4b9c', '2a26a1db-3f3c-486c-af48-0b60f84f2ca7', '2026-04-22', 'easy', 0.67, 512, 3, NULL, NULL, NULL, 'Curtis Hixon waterfront', 'Overcast', 76, 2.2, 83, 68, NULL);
INSERT INTO run_segments (run_id, segment_order, segment_type, distance_miles, duration_seconds) VALUES ('ae6f742c-659a-4188-b1f4-3937c4ac4b9c', 1, 'easy', 0.67, 512);
INSERT INTO runs (id, athlete_id, run_date, run_type, duration_seconds, effort_rpe, cross_train_activity, notes) VALUES ('d48587bb-b2c2-4c71-a4ce-92875545dde7', '2a26a1db-3f3c-486c-af48-0b60f84f2ca7', '2026-04-23', 'cross_train', 1800, 4, 'stretch + core', NULL);
INSERT INTO runs (id, athlete_id, run_date, run_type, distance_miles, duration_seconds, effort_rpe, avg_cadence, avg_hr, max_hr, route, conditions, temperature_f, wind_mph, humidity_percent, dewpoint_f, notes) VALUES ('c6a84e2b-028e-4a35-bf95-5287678ee86c', '2a26a1db-3f3c-486c-af48-0b60f84f2ca7', '2026-04-24', 'easy', 0.79, 589, 4, NULL, NULL, NULL, 'Hyde Park loop', 'Humid', 74, 4.1, 88, 64, NULL);
INSERT INTO run_segments (run_id, segment_order, segment_type, distance_miles, duration_seconds) VALUES ('c6a84e2b-028e-4a35-bf95-5287678ee86c', 1, 'easy', 0.79, 589);
INSERT INTO runs (id, athlete_id, run_date, run_type, distance_miles, duration_seconds, effort_rpe, avg_cadence, avg_hr, max_hr, route, conditions, temperature_f, wind_mph, humidity_percent, dewpoint_f, notes) VALUES ('422004e4-3ca6-446d-9cf4-a6e54e3b9529', '2a26a1db-3f3c-486c-af48-0b60f84f2ca7', '2026-04-25', 'long', 1.55, 1248, 5, NULL, NULL, NULL, 'Bayshore out & back', 'Clear', 73, 10.8, 72, 66, NULL);
INSERT INTO run_segments (run_id, segment_order, segment_type, distance_miles, duration_seconds) VALUES ('422004e4-3ca6-446d-9cf4-a6e54e3b9529', 1, 'easy', 1.55, 1248);
INSERT INTO runs (id, athlete_id, run_date, run_type, distance_miles, duration_seconds, effort_rpe, avg_cadence, avg_hr, max_hr, route, conditions, temperature_f, wind_mph, humidity_percent, dewpoint_f, notes) VALUES ('a15a5541-69f0-4870-b609-063b9e90d0fb', '2a26a1db-3f3c-486c-af48-0b60f84f2ca7', '2026-04-27', 'easy', 0.7, 547, 4, NULL, NULL, NULL, 'Neighborhood — easy', 'Overcast', 88, 8.8, 67, 81, NULL);
INSERT INTO run_segments (run_id, segment_order, segment_type, distance_miles, duration_seconds) VALUES ('a15a5541-69f0-4870-b609-063b9e90d0fb', 1, 'easy', 0.7, 547);
INSERT INTO runs (id, athlete_id, run_date, run_type, distance_miles, duration_seconds, effort_rpe, avg_cadence, avg_hr, max_hr, route, conditions, temperature_f, wind_mph, humidity_percent, dewpoint_f, notes) VALUES ('b94c1356-0e63-44fe-9fe9-de69d0ba4e4e', '2a26a1db-3f3c-486c-af48-0b60f84f2ca7', '2026-04-28', 'tempo', 1.06, 793, 7, NULL, NULL, NULL, 'Hyde Park loop', 'Partly cloudy', 77, 5.9, 61, 71, NULL);
INSERT INTO run_segments (run_id, segment_order, segment_type, distance_miles, duration_seconds) VALUES ('b94c1356-0e63-44fe-9fe9-de69d0ba4e4e', 1, 'warmup', 0.21, 160);
INSERT INTO run_segments (run_id, segment_order, segment_type, distance_miles, duration_seconds) VALUES ('b94c1356-0e63-44fe-9fe9-de69d0ba4e4e', 2, 'tempo', 0.69, 508);
INSERT INTO run_segments (run_id, segment_order, segment_type, distance_miles, duration_seconds) VALUES ('b94c1356-0e63-44fe-9fe9-de69d0ba4e4e', 3, 'cooldown', 0.16, 125);
INSERT INTO runs (id, athlete_id, run_date, run_type, distance_miles, duration_seconds, effort_rpe, avg_cadence, avg_hr, max_hr, route, conditions, temperature_f, wind_mph, humidity_percent, dewpoint_f, notes) VALUES ('267d9fe5-d943-44c5-aec8-28da37d29c66', '2a26a1db-3f3c-486c-af48-0b60f84f2ca7', '2026-04-29', 'easy', 0.63, 468, 3, NULL, NULL, NULL, 'Riverwalk + bridges', 'Overcast', 87, 4.2, 60, 79, NULL);
INSERT INTO run_segments (run_id, segment_order, segment_type, distance_miles, duration_seconds) VALUES ('267d9fe5-d943-44c5-aec8-28da37d29c66', 1, 'easy', 0.63, 468);
INSERT INTO runs (id, athlete_id, run_date, run_type, duration_seconds, effort_rpe, cross_train_activity, notes) VALUES ('632be4ef-1308-499d-b19b-b6703ee71f69', '2a26a1db-3f3c-486c-af48-0b60f84f2ca7', '2026-04-30', 'cross_train', 2400, 6, 'stretch + core', NULL);
INSERT INTO runs (id, athlete_id, run_date, run_type, distance_miles, duration_seconds, effort_rpe, avg_cadence, avg_hr, max_hr, route, conditions, temperature_f, wind_mph, humidity_percent, dewpoint_f, notes) VALUES ('7a9e9c42-a81a-49cf-91b4-bba791f7e0bd', '2a26a1db-3f3c-486c-af48-0b60f84f2ca7', '2026-05-01', 'easy', 0.7, 534, 5, NULL, NULL, NULL, 'Al Lopez Park trails', 'Overcast', 77, 6.8, 66, 68, NULL);
INSERT INTO run_segments (run_id, segment_order, segment_type, distance_miles, duration_seconds) VALUES ('7a9e9c42-a81a-49cf-91b4-bba791f7e0bd', 1, 'easy', 0.7, 534);
INSERT INTO runs (id, athlete_id, run_date, run_type, distance_miles, duration_seconds, effort_rpe, avg_cadence, avg_hr, max_hr, route, conditions, temperature_f, wind_mph, humidity_percent, dewpoint_f, notes) VALUES ('df807150-ede7-4b52-88b9-ff19da280133', '2a26a1db-3f3c-486c-af48-0b60f84f2ca7', '2026-05-02', 'long', 1.73, 1317, 6, NULL, NULL, NULL, 'Neighborhood — easy', 'Overcast', 78, 9.2, 68, 67, NULL);
INSERT INTO run_segments (run_id, segment_order, segment_type, distance_miles, duration_seconds) VALUES ('df807150-ede7-4b52-88b9-ff19da280133', 1, 'easy', 1.73, 1317);
INSERT INTO runs (id, athlete_id, run_date, run_type, distance_miles, duration_seconds, effort_rpe, avg_cadence, avg_hr, max_hr, route, conditions, temperature_f, wind_mph, humidity_percent, dewpoint_f, notes) VALUES ('38d4d5bd-c704-4a77-855f-75e11263c13b', '2a26a1db-3f3c-486c-af48-0b60f84f2ca7', '2026-05-04', 'easy', 0.77, 571, 3, NULL, NULL, NULL, 'Curtis Hixon waterfront', 'Partly cloudy', 79, 5.0, 92, 73, NULL);
INSERT INTO run_segments (run_id, segment_order, segment_type, distance_miles, duration_seconds) VALUES ('38d4d5bd-c704-4a77-855f-75e11263c13b', 1, 'easy', 0.77, 571);
INSERT INTO runs (id, athlete_id, run_date, run_type, distance_miles, duration_seconds, effort_rpe, avg_cadence, avg_hr, max_hr, route, conditions, temperature_f, wind_mph, humidity_percent, dewpoint_f, notes) VALUES ('055ff160-251d-4347-b916-27e434fe24f3', '2a26a1db-3f3c-486c-af48-0b60f84f2ca7', '2026-05-05', 'tempo', 1.19, 871, 8, NULL, NULL, NULL, 'Track at Plant HS', 'Overcast', 75, 6.2, 79, 66, NULL);
INSERT INTO run_segments (run_id, segment_order, segment_type, distance_miles, duration_seconds) VALUES ('055ff160-251d-4347-b916-27e434fe24f3', 1, 'warmup', 0.24, 177);
INSERT INTO run_segments (run_id, segment_order, segment_type, distance_miles, duration_seconds) VALUES ('055ff160-251d-4347-b916-27e434fe24f3', 2, 'tempo', 0.77, 556);
INSERT INTO run_segments (run_id, segment_order, segment_type, distance_miles, duration_seconds) VALUES ('055ff160-251d-4347-b916-27e434fe24f3', 3, 'cooldown', 0.18, 138);
INSERT INTO runs (id, athlete_id, run_date, run_type, distance_miles, duration_seconds, effort_rpe, avg_cadence, avg_hr, max_hr, route, conditions, temperature_f, wind_mph, humidity_percent, dewpoint_f, notes) VALUES ('fb39138a-5e2c-44db-951c-fcc61a9052c0', '2a26a1db-3f3c-486c-af48-0b60f84f2ca7', '2026-05-06', 'easy', 0.79, 614, 3, NULL, NULL, NULL, 'Neighborhood — easy', 'Partly cloudy', 84, 6.1, 79, 78, NULL);
INSERT INTO run_segments (run_id, segment_order, segment_type, distance_miles, duration_seconds) VALUES ('fb39138a-5e2c-44db-951c-fcc61a9052c0', 1, 'easy', 0.79, 614);
INSERT INTO runs (id, athlete_id, run_date, run_type, duration_seconds, effort_rpe, cross_train_activity, notes) VALUES ('3b8561c7-9f7a-4dbb-96f7-e1f76d05c7b3', '2a26a1db-3f3c-486c-af48-0b60f84f2ca7', '2026-05-07', 'cross_train', 2700, 6, 'elliptical', NULL);
INSERT INTO runs (id, athlete_id, run_date, run_type, distance_miles, duration_seconds, effort_rpe, avg_cadence, avg_hr, max_hr, route, conditions, temperature_f, wind_mph, humidity_percent, dewpoint_f, notes) VALUES ('208bd094-aca5-4809-b641-a122d8e58a7f', '2a26a1db-3f3c-486c-af48-0b60f84f2ca7', '2026-05-08', 'easy', 0.95, 690, 3, NULL, NULL, NULL, 'Bayshore out & back', 'Partly cloudy', 68, 4.7, 88, 62, NULL);
INSERT INTO run_segments (run_id, segment_order, segment_type, distance_miles, duration_seconds) VALUES ('208bd094-aca5-4809-b641-a122d8e58a7f', 1, 'easy', 0.95, 690);
INSERT INTO runs (id, athlete_id, run_date, run_type, distance_miles, duration_seconds, effort_rpe, avg_cadence, avg_hr, max_hr, route, conditions, temperature_f, wind_mph, humidity_percent, dewpoint_f, notes) VALUES ('369fde63-4785-42ff-8415-ee4eae83e393', '2a26a1db-3f3c-486c-af48-0b60f84f2ca7', '2026-05-09', 'long', 1.89, 1413, 7, NULL, NULL, NULL, 'Neighborhood — easy', 'Clear', 68, 7.3, 62, 59, NULL);
INSERT INTO run_segments (run_id, segment_order, segment_type, distance_miles, duration_seconds) VALUES ('369fde63-4785-42ff-8415-ee4eae83e393', 1, 'easy', 1.89, 1413);
INSERT INTO runs (id, athlete_id, run_date, run_type, distance_miles, duration_seconds, effort_rpe, avg_cadence, avg_hr, max_hr, route, conditions, temperature_f, wind_mph, humidity_percent, dewpoint_f, notes) VALUES ('6f638884-4c0d-464a-a734-bb7b2cce2d8f', '2a26a1db-3f3c-486c-af48-0b60f84f2ca7', '2026-05-11', 'easy', 1.01, 760, 3, NULL, NULL, NULL, 'Track at Plant HS', 'Overcast', 77, 3.0, 68, 65, NULL);
INSERT INTO run_segments (run_id, segment_order, segment_type, distance_miles, duration_seconds) VALUES ('6f638884-4c0d-464a-a734-bb7b2cce2d8f', 1, 'easy', 1.01, 760);
INSERT INTO runs (id, athlete_id, run_date, run_type, distance_miles, duration_seconds, effort_rpe, avg_cadence, avg_hr, max_hr, route, conditions, temperature_f, wind_mph, humidity_percent, dewpoint_f, notes) VALUES ('319cf730-04f9-4512-aeaf-5a01eb8e3a49', '2a26a1db-3f3c-486c-af48-0b60f84f2ca7', '2026-05-12', 'tempo', 1.49, 1044, 8, NULL, NULL, NULL, 'Riverwalk + bridges', 'Partly cloudy', 78, 5.6, 91, 71, NULL);
INSERT INTO run_segments (run_id, segment_order, segment_type, distance_miles, duration_seconds) VALUES ('319cf730-04f9-4512-aeaf-5a01eb8e3a49', 1, 'warmup', 0.3, 231);
INSERT INTO run_segments (run_id, segment_order, segment_type, distance_miles, duration_seconds) VALUES ('319cf730-04f9-4512-aeaf-5a01eb8e3a49', 2, 'tempo', 0.97, 638);
INSERT INTO run_segments (run_id, segment_order, segment_type, distance_miles, duration_seconds) VALUES ('319cf730-04f9-4512-aeaf-5a01eb8e3a49', 3, 'cooldown', 0.22, 175);
INSERT INTO runs (id, athlete_id, run_date, run_type, distance_miles, duration_seconds, effort_rpe, avg_cadence, avg_hr, max_hr, route, conditions, temperature_f, wind_mph, humidity_percent, dewpoint_f, notes) VALUES ('318d6c4b-c37d-43f2-b15a-69116a908ba7', '2a26a1db-3f3c-486c-af48-0b60f84f2ca7', '2026-05-13', 'easy', 0.78, 598, 4, NULL, NULL, NULL, 'Riverwalk + bridges', 'Humid', 71, 9.1, 83, 67, NULL);
INSERT INTO run_segments (run_id, segment_order, segment_type, distance_miles, duration_seconds) VALUES ('318d6c4b-c37d-43f2-b15a-69116a908ba7', 1, 'easy', 0.78, 598);
INSERT INTO runs (id, athlete_id, run_date, run_type, duration_seconds, effort_rpe, cross_train_activity, notes) VALUES ('1eb9473d-ff48-4f21-9ac2-07efde4ee846', '2a26a1db-3f3c-486c-af48-0b60f84f2ca7', '2026-05-14', 'cross_train', 3600, 3, 'elliptical', NULL);
INSERT INTO runs (id, athlete_id, run_date, run_type, distance_miles, duration_seconds, effort_rpe, avg_cadence, avg_hr, max_hr, route, conditions, temperature_f, wind_mph, humidity_percent, dewpoint_f, notes) VALUES ('38b42dbe-6560-4182-acb0-1e5ab2f830c4', '2a26a1db-3f3c-486c-af48-0b60f84f2ca7', '2026-05-15', 'easy', 0.7, 504, 3, NULL, NULL, NULL, 'Curtis Hixon waterfront', 'Partly cloudy', 80, 7.5, 67, 69, NULL);
INSERT INTO run_segments (run_id, segment_order, segment_type, distance_miles, duration_seconds) VALUES ('38b42dbe-6560-4182-acb0-1e5ab2f830c4', 1, 'easy', 0.7, 504);
INSERT INTO runs (id, athlete_id, run_date, run_type, distance_miles, duration_seconds, effort_rpe, avg_cadence, avg_hr, max_hr, route, conditions, temperature_f, wind_mph, humidity_percent, dewpoint_f, notes) VALUES ('b50380e9-7ba8-4f78-a628-c1e949441f16', '2a26a1db-3f3c-486c-af48-0b60f84f2ca7', '2026-05-16', 'long', 2.07, 1535, 5, NULL, NULL, NULL, 'Riverwalk + bridges', 'Overcast', 81, 7.1, 66, 76, NULL);
INSERT INTO run_segments (run_id, segment_order, segment_type, distance_miles, duration_seconds) VALUES ('b50380e9-7ba8-4f78-a628-c1e949441f16', 1, 'easy', 2.07, 1535);

INSERT INTO runs (id, athlete_id, run_date, run_type, distance_miles, duration_seconds, effort_rpe, avg_cadence, avg_hr, max_hr, route, conditions, temperature_f, wind_mph, humidity_percent, dewpoint_f, notes) VALUES ('7bda2024-25c0-4e75-a0c9-df9851c83cf2', '65c631ce-1487-41ad-9424-11cadb9e544d', '2026-04-20', 'easy', 2.18, 1216, 4, 182, 168, 187, 'Riverwalk + bridges', 'Overcast', 69, 11.1, 91, 58, NULL);
INSERT INTO run_segments (run_id, segment_order, segment_type, distance_miles, duration_seconds) VALUES ('7bda2024-25c0-4e75-a0c9-df9851c83cf2', 1, 'easy', 2.18, 1216);
INSERT INTO runs (id, athlete_id, run_date, run_type, distance_miles, duration_seconds, effort_rpe, avg_cadence, avg_hr, max_hr, route, conditions, temperature_f, wind_mph, humidity_percent, dewpoint_f, notes) VALUES ('a3c72e75-5b9e-42bd-8678-e925bf679e98', '65c631ce-1487-41ad-9424-11cadb9e544d', '2026-04-21', 'tempo', 3.42, 1754, 7, 177, 158, 177, 'Davis Islands loop', 'Clear', 82, 4.6, 78, 78, NULL);
INSERT INTO run_segments (run_id, segment_order, segment_type, distance_miles, duration_seconds) VALUES ('a3c72e75-5b9e-42bd-8678-e925bf679e98', 1, 'warmup', 0.68, 398);
INSERT INTO run_segments (run_id, segment_order, segment_type, distance_miles, duration_seconds) VALUES ('a3c72e75-5b9e-42bd-8678-e925bf679e98', 2, 'tempo', 2.23, 1041);
INSERT INTO run_segments (run_id, segment_order, segment_type, distance_miles, duration_seconds) VALUES ('a3c72e75-5b9e-42bd-8678-e925bf679e98', 3, 'cooldown', 0.51, 315);
INSERT INTO runs (id, athlete_id, run_date, run_type, distance_miles, duration_seconds, effort_rpe, avg_cadence, avg_hr, max_hr, route, conditions, temperature_f, wind_mph, humidity_percent, dewpoint_f, notes) VALUES ('610a1e17-2126-4e36-8d6d-cd63ce7bb253', '65c631ce-1487-41ad-9424-11cadb9e544d', '2026-04-22', 'easy', 2.53, 1480, 5, 183, 159, 184, 'Riverwalk + bridges', 'Clear', 78, 10.9, 82, 70, NULL);
INSERT INTO run_segments (run_id, segment_order, segment_type, distance_miles, duration_seconds) VALUES ('610a1e17-2126-4e36-8d6d-cd63ce7bb253', 1, 'easy', 2.53, 1480);
INSERT INTO runs (id, athlete_id, run_date, run_type, duration_seconds, effort_rpe, cross_train_activity, notes) VALUES ('499cca41-fae5-467e-8753-42ec73fad8b2', '65c631ce-1487-41ad-9424-11cadb9e544d', '2026-04-23', 'cross_train', 2100, 3, 'elliptical', NULL);
INSERT INTO runs (id, athlete_id, run_date, run_type, distance_miles, duration_seconds, effort_rpe, avg_cadence, avg_hr, max_hr, route, conditions, temperature_f, wind_mph, humidity_percent, dewpoint_f, notes) VALUES ('befcac3b-c77e-4d29-aeda-817751d47e60', '65c631ce-1487-41ad-9424-11cadb9e544d', '2026-04-24', 'easy', 3.35, 1882, 5, 178, 156, 173, 'Hyde Park loop', 'Partly cloudy', 81, 10.0, 90, 70, NULL);
INSERT INTO run_segments (run_id, segment_order, segment_type, distance_miles, duration_seconds) VALUES ('befcac3b-c77e-4d29-aeda-817751d47e60', 1, 'easy', 3.35, 1882);
INSERT INTO runs (id, athlete_id, run_date, run_type, distance_miles, duration_seconds, effort_rpe, avg_cadence, avg_hr, max_hr, route, conditions, temperature_f, wind_mph, humidity_percent, dewpoint_f, notes) VALUES ('97e80bb0-df74-4ee9-a71c-3d4e5dce9049', '65c631ce-1487-41ad-9424-11cadb9e544d', '2026-04-25', 'long', 6.42, 3927, 7, 180, 156, 172, 'Al Lopez Park trails', 'Partly cloudy', 88, 2.1, 80, 76, NULL);
INSERT INTO run_segments (run_id, segment_order, segment_type, distance_miles, duration_seconds) VALUES ('97e80bb0-df74-4ee9-a71c-3d4e5dce9049', 1, 'easy', 6.42, 3927);
INSERT INTO runs (id, athlete_id, run_date, run_type, distance_miles, duration_seconds, effort_rpe, avg_cadence, avg_hr, max_hr, route, conditions, temperature_f, wind_mph, humidity_percent, dewpoint_f, notes) VALUES ('54f329b5-496e-4336-aed8-46e3cb4b79f7', '65c631ce-1487-41ad-9424-11cadb9e544d', '2026-04-27', 'easy', 3.1, 1754, 3, 179, 175, 196, 'Riverwalk + bridges', 'Humid', 85, 2.1, 63, 79, NULL);
INSERT INTO run_segments (run_id, segment_order, segment_type, distance_miles, duration_seconds) VALUES ('54f329b5-496e-4336-aed8-46e3cb4b79f7', 1, 'easy', 3.1, 1754);
INSERT INTO runs (id, athlete_id, run_date, run_type, distance_miles, duration_seconds, effort_rpe, avg_cadence, avg_hr, max_hr, route, conditions, temperature_f, wind_mph, humidity_percent, dewpoint_f, notes) VALUES ('40546f54-d33f-42c1-a201-d1ad275fd1ec', '65c631ce-1487-41ad-9424-11cadb9e544d', '2026-04-28', 'tempo', 4.81, 2464, 7, 177, 171, 189, 'Neighborhood — easy', 'Humid', 80, 2.8, 75, 69, NULL);
INSERT INTO run_segments (run_id, segment_order, segment_type, distance_miles, duration_seconds) VALUES ('40546f54-d33f-42c1-a201-d1ad275fd1ec', 1, 'warmup', 0.96, 538);
INSERT INTO run_segments (run_id, segment_order, segment_type, distance_miles, duration_seconds) VALUES ('40546f54-d33f-42c1-a201-d1ad275fd1ec', 2, 'tempo', 3.13, 1491);
INSERT INTO run_segments (run_id, segment_order, segment_type, distance_miles, duration_seconds) VALUES ('40546f54-d33f-42c1-a201-d1ad275fd1ec', 3, 'cooldown', 0.72, 435);
INSERT INTO runs (id, athlete_id, run_date, run_type, distance_miles, duration_seconds, effort_rpe, avg_cadence, avg_hr, max_hr, route, conditions, temperature_f, wind_mph, humidity_percent, dewpoint_f, notes) VALUES ('979791ea-a65f-4ce8-a315-d71ad86fece2', '65c631ce-1487-41ad-9424-11cadb9e544d', '2026-04-29', 'easy', 3.54, 2085, 3, 181, 172, 187, 'Hyde Park loop', 'Partly cloudy', 87, 10.9, 79, 75, NULL);
INSERT INTO run_segments (run_id, segment_order, segment_type, distance_miles, duration_seconds) VALUES ('979791ea-a65f-4ce8-a315-d71ad86fece2', 1, 'easy', 3.54, 2085);
INSERT INTO runs (id, athlete_id, run_date, run_type, duration_seconds, effort_rpe, cross_train_activity, notes) VALUES ('9e4dfe60-2bff-4772-ba56-ab930b03f47a', '65c631ce-1487-41ad-9424-11cadb9e544d', '2026-04-30', 'cross_train', 2400, 5, 'stretch + core', NULL);
INSERT INTO runs (id, athlete_id, run_date, run_type, distance_miles, duration_seconds, effort_rpe, avg_cadence, avg_hr, max_hr, route, conditions, temperature_f, wind_mph, humidity_percent, dewpoint_f, notes) VALUES ('429dd3b8-6cf4-491a-aedd-35bcfefd6f3a', '65c631ce-1487-41ad-9424-11cadb9e544d', '2026-05-01', 'easy', 3.31, 1969, 4, 180, 158, 174, 'Davis Islands loop', 'Overcast', 68, 5.6, 81, 60, NULL);
INSERT INTO run_segments (run_id, segment_order, segment_type, distance_miles, duration_seconds) VALUES ('429dd3b8-6cf4-491a-aedd-35bcfefd6f3a', 1, 'easy', 3.31, 1969);
INSERT INTO runs (id, athlete_id, run_date, run_type, distance_miles, duration_seconds, effort_rpe, avg_cadence, avg_hr, max_hr, route, conditions, temperature_f, wind_mph, humidity_percent, dewpoint_f, notes) VALUES ('f08cd535-2d0b-40b9-9b29-9a6ecdb841bf', '65c631ce-1487-41ad-9424-11cadb9e544d', '2026-05-02', 'long', 5.44, 3181, 7, 178, 161, 177, 'Neighborhood — easy', 'Overcast', 74, 10.2, 89, 67, NULL);
INSERT INTO run_segments (run_id, segment_order, segment_type, distance_miles, duration_seconds) VALUES ('f08cd535-2d0b-40b9-9b29-9a6ecdb841bf', 1, 'easy', 5.44, 3181);
INSERT INTO runs (id, athlete_id, run_date, run_type, distance_miles, duration_seconds, effort_rpe, avg_cadence, avg_hr, max_hr, route, conditions, temperature_f, wind_mph, humidity_percent, dewpoint_f, notes) VALUES ('9f4ae1ea-1089-4098-b238-07ffe59c7b87', '65c631ce-1487-41ad-9424-11cadb9e544d', '2026-05-04', 'easy', 2.87, 1721, 3, 177, 171, 186, 'Neighborhood — easy', 'Partly cloudy', 86, 11.2, 90, 80, NULL);
INSERT INTO run_segments (run_id, segment_order, segment_type, distance_miles, duration_seconds) VALUES ('9f4ae1ea-1089-4098-b238-07ffe59c7b87', 1, 'easy', 2.87, 1721);
INSERT INTO runs (id, athlete_id, run_date, run_type, distance_miles, duration_seconds, effort_rpe, avg_cadence, avg_hr, max_hr, route, conditions, temperature_f, wind_mph, humidity_percent, dewpoint_f, notes) VALUES ('53b517cd-5604-41bb-9dde-27013303be32', '65c631ce-1487-41ad-9424-11cadb9e544d', '2026-05-05', 'tempo', 3.94, 2084, 7, 180, 165, 184, 'Curtis Hixon waterfront', 'Overcast', 72, 6.1, 68, 60, NULL);
INSERT INTO run_segments (run_id, segment_order, segment_type, distance_miles, duration_seconds) VALUES ('53b517cd-5604-41bb-9dde-27013303be32', 1, 'warmup', 0.79, 463);
INSERT INTO run_segments (run_id, segment_order, segment_type, distance_miles, duration_seconds) VALUES ('53b517cd-5604-41bb-9dde-27013303be32', 2, 'tempo', 2.56, 1264);
INSERT INTO run_segments (run_id, segment_order, segment_type, distance_miles, duration_seconds) VALUES ('53b517cd-5604-41bb-9dde-27013303be32', 3, 'cooldown', 0.59, 357);
INSERT INTO runs (id, athlete_id, run_date, run_type, distance_miles, duration_seconds, effort_rpe, avg_cadence, avg_hr, max_hr, route, conditions, temperature_f, wind_mph, humidity_percent, dewpoint_f, notes) VALUES ('070f9a75-a062-4375-972a-7d6925d232f8', '65c631ce-1487-41ad-9424-11cadb9e544d', '2026-05-06', 'easy', 3.35, 1937, 4, 179, 159, 184, 'Riverwalk + bridges', 'Humid', 84, 9.1, 80, 75, NULL);
INSERT INTO run_segments (run_id, segment_order, segment_type, distance_miles, duration_seconds) VALUES ('070f9a75-a062-4375-972a-7d6925d232f8', 1, 'easy', 3.35, 1937);
INSERT INTO runs (id, athlete_id, run_date, run_type, duration_seconds, effort_rpe, cross_train_activity, notes) VALUES ('20ce55e0-9519-4e91-bcd0-46224a589ec8', '65c631ce-1487-41ad-9424-11cadb9e544d', '2026-05-07', 'cross_train', 3600, 5, 'stretch + core', NULL);
INSERT INTO runs (id, athlete_id, run_date, run_type, distance_miles, duration_seconds, effort_rpe, avg_cadence, avg_hr, max_hr, route, conditions, temperature_f, wind_mph, humidity_percent, dewpoint_f, notes) VALUES ('6b7d010f-f7cf-4914-8cc0-70c78528d359', '65c631ce-1487-41ad-9424-11cadb9e544d', '2026-05-08', 'easy', 2.88, 1575, 3, 182, 156, 174, 'Al Lopez Park trails', 'Clear', 73, 8.8, 78, 67, NULL);
INSERT INTO run_segments (run_id, segment_order, segment_type, distance_miles, duration_seconds) VALUES ('6b7d010f-f7cf-4914-8cc0-70c78528d359', 1, 'easy', 2.88, 1575);
INSERT INTO runs (id, athlete_id, run_date, run_type, distance_miles, duration_seconds, effort_rpe, avg_cadence, avg_hr, max_hr, route, conditions, temperature_f, wind_mph, humidity_percent, dewpoint_f, notes) VALUES ('432f3dab-0ecb-473d-8fd1-50d61ac90339', '65c631ce-1487-41ad-9424-11cadb9e544d', '2026-05-09', 'long', 6.18, 3834, 6, 183, 172, 190, 'Neighborhood — easy', 'Clear', 75, 9.8, 92, 67, NULL);
INSERT INTO run_segments (run_id, segment_order, segment_type, distance_miles, duration_seconds) VALUES ('432f3dab-0ecb-473d-8fd1-50d61ac90339', 1, 'easy', 6.18, 3834);
INSERT INTO runs (id, athlete_id, run_date, run_type, distance_miles, duration_seconds, effort_rpe, avg_cadence, avg_hr, max_hr, route, conditions, temperature_f, wind_mph, humidity_percent, dewpoint_f, notes) VALUES ('e4d69004-7be2-41c1-9bfd-1d0891059c8a', '65c631ce-1487-41ad-9424-11cadb9e544d', '2026-05-11', 'easy', 2.97, 1786, 4, 181, 169, 187, 'Track at Plant HS', 'Overcast', 86, 9.8, 72, 79, NULL);
INSERT INTO run_segments (run_id, segment_order, segment_type, distance_miles, duration_seconds) VALUES ('e4d69004-7be2-41c1-9bfd-1d0891059c8a', 1, 'easy', 2.97, 1786);
INSERT INTO runs (id, athlete_id, run_date, run_type, distance_miles, duration_seconds, effort_rpe, avg_cadence, avg_hr, max_hr, route, conditions, temperature_f, wind_mph, humidity_percent, dewpoint_f, notes) VALUES ('f4f1a309-7e58-4dd8-b4e2-989de98e6c08', '65c631ce-1487-41ad-9424-11cadb9e544d', '2026-05-12', 'tempo', 5.48, 2807, 7, 179, 172, 191, 'Riverwalk + bridges', 'Partly cloudy', 73, 2.1, 76, 62, NULL);
INSERT INTO run_segments (run_id, segment_order, segment_type, distance_miles, duration_seconds) VALUES ('f4f1a309-7e58-4dd8-b4e2-989de98e6c08', 1, 'warmup', 1.1, 615);
INSERT INTO run_segments (run_id, segment_order, segment_type, distance_miles, duration_seconds) VALUES ('f4f1a309-7e58-4dd8-b4e2-989de98e6c08', 2, 'tempo', 3.56, 1684);
INSERT INTO run_segments (run_id, segment_order, segment_type, distance_miles, duration_seconds) VALUES ('f4f1a309-7e58-4dd8-b4e2-989de98e6c08', 3, 'cooldown', 0.82, 508);
INSERT INTO runs (id, athlete_id, run_date, run_type, distance_miles, duration_seconds, effort_rpe, avg_cadence, avg_hr, max_hr, route, conditions, temperature_f, wind_mph, humidity_percent, dewpoint_f, notes) VALUES ('d8f1d81c-1c6b-448d-9a6f-f0158241b9cd', '65c631ce-1487-41ad-9424-11cadb9e544d', '2026-05-13', 'easy', 3.58, 2084, 4, 183, 165, 188, 'Davis Islands loop', 'Humid', 73, 9.9, 64, 67, NULL);
INSERT INTO run_segments (run_id, segment_order, segment_type, distance_miles, duration_seconds) VALUES ('d8f1d81c-1c6b-448d-9a6f-f0158241b9cd', 1, 'easy', 3.58, 2084);
INSERT INTO runs (id, athlete_id, run_date, run_type, duration_seconds, effort_rpe, cross_train_activity, notes) VALUES ('d4db7cd2-e9dd-41ac-9718-c2ac08766638', '65c631ce-1487-41ad-9424-11cadb9e544d', '2026-05-14', 'cross_train', 1800, 5, 'stretch + core', NULL);
INSERT INTO runs (id, athlete_id, run_date, run_type, distance_miles, duration_seconds, effort_rpe, avg_cadence, avg_hr, max_hr, route, conditions, temperature_f, wind_mph, humidity_percent, dewpoint_f, notes) VALUES ('84b5b952-b429-44e1-8f7a-b45bb30031ec', '65c631ce-1487-41ad-9424-11cadb9e544d', '2026-05-15', 'easy', 2.7, 1526, 4, 183, 175, 190, 'Hyde Park loop', 'Clear', 79, 4.4, 88, 72, NULL);
INSERT INTO run_segments (run_id, segment_order, segment_type, distance_miles, duration_seconds) VALUES ('84b5b952-b429-44e1-8f7a-b45bb30031ec', 1, 'easy', 2.7, 1526);
INSERT INTO runs (id, athlete_id, run_date, run_type, distance_miles, duration_seconds, effort_rpe, avg_cadence, avg_hr, max_hr, route, conditions, temperature_f, wind_mph, humidity_percent, dewpoint_f, notes) VALUES ('cde698b1-5cd7-4e77-9937-0292fa768327', '65c631ce-1487-41ad-9424-11cadb9e544d', '2026-05-16', 'long', 6.54, 4121, 7, 181, 166, 189, 'Curtis Hixon waterfront', 'Overcast', 83, 5.0, 62, 76, NULL);
INSERT INTO run_segments (run_id, segment_order, segment_type, distance_miles, duration_seconds) VALUES ('cde698b1-5cd7-4e77-9937-0292fa768327', 1, 'easy', 6.54, 4121);

-- - Race meet -
INSERT INTO runs (id, athlete_id, run_date, run_type, distance_miles, duration_seconds, effort_rpe, avg_cadence, avg_hr, max_hr, route, conditions, temperature_f, wind_mph, humidity_percent, dewpoint_f, notes) VALUES ('abad75c6-9b7f-4ed1-8cea-a804d0d44272', '73f4b37e-407f-4c43-9f90-1f720e17ce98', '2026-05-02', 'race', 2.9, 1801, 9, NULL, NULL, NULL, 'Race course', 'Clear', 82, 2.4, 81, 77, 'Race day at Tampa Bay Invitational.');
INSERT INTO run_segments (run_id, segment_order, segment_type, distance_miles, duration_seconds) VALUES ('abad75c6-9b7f-4ed1-8cea-a804d0d44272', 1, 'tempo', 2.9, 1801);
INSERT INTO runs (id, athlete_id, run_date, run_type, distance_miles, duration_seconds, effort_rpe, avg_cadence, avg_hr, max_hr, route, conditions, temperature_f, wind_mph, humidity_percent, dewpoint_f, notes) VALUES ('a6eb4fe1-43ef-4c06-9176-fd77d5dae8cf', 'c2a2684c-fbfe-48d1-808e-785b2bd9bc4e', '2026-05-02', 'race', 2.08, 1176, 9, NULL, NULL, NULL, 'Race course', 'Humid', 82, 6.3, 85, 78, 'Race day at Tampa Bay Invitational.');
INSERT INTO run_segments (run_id, segment_order, segment_type, distance_miles, duration_seconds) VALUES ('a6eb4fe1-43ef-4c06-9176-fd77d5dae8cf', 1, 'tempo', 2.08, 1176);
INSERT INTO runs (id, athlete_id, run_date, run_type, distance_miles, duration_seconds, effort_rpe, avg_cadence, avg_hr, max_hr, route, conditions, temperature_f, wind_mph, humidity_percent, dewpoint_f, notes) VALUES ('05adf955-8da0-48d7-8e02-ded83d1204b4', '65c631ce-1487-41ad-9424-11cadb9e544d', '2026-05-02', 'race', 2.69, 1336, 9, 181, 158, 177, 'Race course', 'Humid', 77, 4.8, 65, 66, 'Race day at Tampa Bay Invitational.');
INSERT INTO run_segments (run_id, segment_order, segment_type, distance_miles, duration_seconds) VALUES ('05adf955-8da0-48d7-8e02-ded83d1204b4', 1, 'tempo', 2.69, 1336);
INSERT INTO runs (id, athlete_id, run_date, run_type, distance_miles, duration_seconds, effort_rpe, avg_cadence, avg_hr, max_hr, route, conditions, temperature_f, wind_mph, humidity_percent, dewpoint_f, notes) VALUES ('51bdc310-1003-4030-af27-37223a88c407', 'ff651091-e69d-4599-b6d3-448c347055e2', '2026-05-02', 'race', 2.35, 1254, 9, 180, 167, 190, 'Race course', 'Clear', 77, 5.0, 69, 68, 'Race day at Tampa Bay Invitational.');
INSERT INTO run_segments (run_id, segment_order, segment_type, distance_miles, duration_seconds) VALUES ('51bdc310-1003-4030-af27-37223a88c407', 1, 'tempo', 2.35, 1254);
INSERT INTO runs (id, athlete_id, run_date, run_type, distance_miles, duration_seconds, effort_rpe, avg_cadence, avg_hr, max_hr, route, conditions, temperature_f, wind_mph, humidity_percent, dewpoint_f, notes) VALUES ('0be32b84-e129-49fc-8737-5eae3ba301ce', '83c2a08b-6666-477c-bbdb-cb06fefe83a9', '2026-05-02', 'race', 2.55, 1244, 10, 185, 157, 176, 'Race course', 'Partly cloudy', 74, 4.1, 82, 62, 'Race day at Tampa Bay Invitational.');
INSERT INTO run_segments (run_id, segment_order, segment_type, distance_miles, duration_seconds) VALUES ('0be32b84-e129-49fc-8737-5eae3ba301ce', 1, 'tempo', 2.55, 1244);
INSERT INTO runs (id, athlete_id, run_date, run_type, distance_miles, duration_seconds, effort_rpe, avg_cadence, avg_hr, max_hr, route, conditions, temperature_f, wind_mph, humidity_percent, dewpoint_f, notes) VALUES ('b4240a86-08e6-4fb9-aaa9-989bd7ad4109', '44b5fbb3-291a-4e81-909f-a8c93a5d99de', '2026-05-02', 'race', 2.06, 1121, 10, NULL, NULL, NULL, 'Race course', 'Humid', 86, 10.5, 63, 74, 'Race day at Tampa Bay Invitational.');
INSERT INTO run_segments (run_id, segment_order, segment_type, distance_miles, duration_seconds) VALUES ('b4240a86-08e6-4fb9-aaa9-989bd7ad4109', 1, 'tempo', 2.06, 1121);
INSERT INTO runs (id, athlete_id, run_date, run_type, distance_miles, duration_seconds, effort_rpe, avg_cadence, avg_hr, max_hr, route, conditions, temperature_f, wind_mph, humidity_percent, dewpoint_f, notes) VALUES ('53a13cf8-0109-42a4-9f87-d2a8c948345d', '8dbd0b15-6375-4621-913d-d5e5053ec2b1', '2026-05-02', 'race', 2.66, 1286, 10, 181, 170, 190, 'Race course', 'Clear', 79, 8.7, 68, 72, 'Race day at Tampa Bay Invitational.');
INSERT INTO run_segments (run_id, segment_order, segment_type, distance_miles, duration_seconds) VALUES ('53a13cf8-0109-42a4-9f87-d2a8c948345d', 1, 'tempo', 2.66, 1286);
INSERT INTO runs (id, athlete_id, run_date, run_type, distance_miles, duration_seconds, effort_rpe, avg_cadence, avg_hr, max_hr, route, conditions, temperature_f, wind_mph, humidity_percent, dewpoint_f, notes) VALUES ('e46c3dae-894a-48eb-a1f9-40e4dbbfbdc9', 'f04c73d4-83a6-4d4b-8cbf-3535c0602c55', '2026-05-02', 'race', 2.21, 1079, 9, 177, 164, 188, 'Race course', 'Partly cloudy', 72, 10.1, 83, 62, 'Race day at Tampa Bay Invitational.');
INSERT INTO run_segments (run_id, segment_order, segment_type, distance_miles, duration_seconds) VALUES ('e46c3dae-894a-48eb-a1f9-40e4dbbfbdc9', 1, 'tempo', 2.21, 1079);
INSERT INTO runs (id, athlete_id, run_date, run_type, distance_miles, duration_seconds, effort_rpe, avg_cadence, avg_hr, max_hr, route, conditions, temperature_f, wind_mph, humidity_percent, dewpoint_f, notes) VALUES ('5f8946e5-086d-4820-a80b-fcf14d0cc5ae', 'f065e9d7-bc88-4e97-90dd-011fe76885f5', '2026-05-02', 'race', 1.87, 984, 9, 176, 165, 187, 'Race course', 'Humid', 82, 5.6, 88, 74, 'Race day at Tampa Bay Invitational.');
INSERT INTO run_segments (run_id, segment_order, segment_type, distance_miles, duration_seconds) VALUES ('5f8946e5-086d-4820-a80b-fcf14d0cc5ae', 1, 'tempo', 1.87, 984);
INSERT INTO runs (id, athlete_id, run_date, run_type, distance_miles, duration_seconds, effort_rpe, avg_cadence, avg_hr, max_hr, route, conditions, temperature_f, wind_mph, humidity_percent, dewpoint_f, notes) VALUES ('53d4959f-7069-40ca-9f8c-ab8c191ecb3a', '2a26a1db-3f3c-486c-af48-0b60f84f2ca7', '2026-05-02', 'race', 2.54, 1671, 9, NULL, NULL, NULL, 'Race course', 'Clear', 88, 9.3, 64, 84, 'Race day at Tampa Bay Invitational.');
INSERT INTO run_segments (run_id, segment_order, segment_type, distance_miles, duration_seconds) VALUES ('53d4959f-7069-40ca-9f8c-ab8c191ecb3a', 1, 'tempo', 2.54, 1671);
INSERT INTO runs (id, athlete_id, run_date, run_type, distance_miles, duration_seconds, effort_rpe, avg_cadence, avg_hr, max_hr, route, conditions, temperature_f, wind_mph, humidity_percent, dewpoint_f, notes) VALUES ('59282882-4111-4062-af7f-ba04d9790646', '9ba3e871-bf6d-46de-9a24-9f845e4251ee', '2026-05-02', 'race', 2.87, 1360, 10, 183, 170, 195, 'Race course', 'Partly cloudy', 72, 5.9, 83, 64, 'Race day at Tampa Bay Invitational.');
INSERT INTO run_segments (run_id, segment_order, segment_type, distance_miles, duration_seconds) VALUES ('59282882-4111-4062-af7f-ba04d9790646', 1, 'tempo', 2.87, 1360);
INSERT INTO runs (id, athlete_id, run_date, run_type, distance_miles, duration_seconds, effort_rpe, avg_cadence, avg_hr, max_hr, route, conditions, temperature_f, wind_mph, humidity_percent, dewpoint_f, notes) VALUES ('0576a217-b430-4803-8b05-673fc3f36e74', '260236b2-6fe6-4b7e-91c4-e3d831e5f9a3', '2026-05-02', 'race', 2.44, 1466, 10, NULL, NULL, NULL, 'Race course', 'Humid', 75, 9.6, 70, 69, 'Race day at Tampa Bay Invitational.');
INSERT INTO run_segments (run_id, segment_order, segment_type, distance_miles, duration_seconds) VALUES ('0576a217-b430-4803-8b05-673fc3f36e74', 1, 'tempo', 2.44, 1466);
-- race_results rows
INSERT INTO race_results (run_id, meet_name, course_name, course_type, official_distance_meters, finish_place_overall, finish_place_team, team_score_total, opponents, conditions_notes) VALUES ('abad75c6-9b7f-4ed1-8cea-a804d0d44272', 'Tampa Bay Invitational', 'Al Lopez Park', 'xc', 3000, 2, 1, 33, 'Plant, Hillsborough, Robinson', 'Warm, humid morning');
INSERT INTO race_results (run_id, meet_name, course_name, course_type, official_distance_meters, finish_place_overall, finish_place_team, team_score_total, opponents, conditions_notes) VALUES ('a6eb4fe1-43ef-4c06-9176-fd77d5dae8cf', 'Tampa Bay Invitational', 'Al Lopez Park', 'xc', 3000, 8, 2, 40, 'Plant, Hillsborough, Robinson', 'Warm, humid morning');
INSERT INTO race_results (run_id, meet_name, course_name, course_type, official_distance_meters, finish_place_overall, finish_place_team, team_score_total, opponents, conditions_notes) VALUES ('05adf955-8da0-48d7-8e02-ded83d1204b4', 'Tampa Bay Invitational', 'Al Lopez Park', 'xc', 3000, 8, 3, 38, 'Plant, Hillsborough, Robinson', 'Warm, humid morning');
INSERT INTO race_results (run_id, meet_name, course_name, course_type, official_distance_meters, finish_place_overall, finish_place_team, team_score_total, opponents, conditions_notes) VALUES ('51bdc310-1003-4030-af27-37223a88c407', 'Tampa Bay Invitational', 'Al Lopez Park', 'xc', 3000, 12, 4, 31, 'Plant, Hillsborough, Robinson', 'Warm, humid morning');
INSERT INTO race_results (run_id, meet_name, course_name, course_type, official_distance_meters, finish_place_overall, finish_place_team, team_score_total, opponents, conditions_notes) VALUES ('0be32b84-e129-49fc-8737-5eae3ba301ce', 'Tampa Bay Invitational', 'Al Lopez Park', 'xc', 3000, 14, 5, 38, 'Plant, Hillsborough, Robinson', 'Warm, humid morning');
INSERT INTO race_results (run_id, meet_name, course_name, course_type, official_distance_meters, finish_place_overall, finish_place_team, team_score_total, opponents, conditions_notes) VALUES ('b4240a86-08e6-4fb9-aaa9-989bd7ad4109', 'Tampa Bay Invitational', 'Al Lopez Park', 'xc', 3000, 17, 6, 32, 'Plant, Hillsborough, Robinson', 'Warm, humid morning');
INSERT INTO race_results (run_id, meet_name, course_name, course_type, official_distance_meters, finish_place_overall, finish_place_team, team_score_total, opponents, conditions_notes) VALUES ('53a13cf8-0109-42a4-9f87-d2a8c948345d', 'Tampa Bay Invitational', 'Al Lopez Park', 'xc', 3000, 21, 7, 36, 'Plant, Hillsborough, Robinson', 'Warm, humid morning');
INSERT INTO race_results (run_id, meet_name, course_name, course_type, official_distance_meters, finish_place_overall, finish_place_team, team_score_total, opponents, conditions_notes) VALUES ('e46c3dae-894a-48eb-a1f9-40e4dbbfbdc9', 'Tampa Bay Invitational', 'Al Lopez Park', 'xc', 3000, 23, 8, 31, 'Plant, Hillsborough, Robinson', 'Warm, humid morning');
INSERT INTO race_results (run_id, meet_name, course_name, course_type, official_distance_meters, finish_place_overall, finish_place_team, team_score_total, opponents, conditions_notes) VALUES ('5f8946e5-086d-4820-a80b-fcf14d0cc5ae', 'Tampa Bay Invitational', 'Al Lopez Park', 'xc', 3000, 26, 9, 39, 'Plant, Hillsborough, Robinson', 'Warm, humid morning');
INSERT INTO race_results (run_id, meet_name, course_name, course_type, official_distance_meters, finish_place_overall, finish_place_team, team_score_total, opponents, conditions_notes) VALUES ('53d4959f-7069-40ca-9f8c-ab8c191ecb3a', 'Tampa Bay Invitational', 'Al Lopez Park', 'xc', 3000, 30, 10, 37, 'Plant, Hillsborough, Robinson', 'Warm, humid morning');
INSERT INTO race_results (run_id, meet_name, course_name, course_type, official_distance_meters, finish_place_overall, finish_place_team, team_score_total, opponents, conditions_notes) VALUES ('59282882-4111-4062-af7f-ba04d9790646', 'Tampa Bay Invitational', 'Al Lopez Park', 'xc', 3000, 34, 11, 38, 'Plant, Hillsborough, Robinson', 'Warm, humid morning');
INSERT INTO race_results (run_id, meet_name, course_name, course_type, official_distance_meters, finish_place_overall, finish_place_team, team_score_total, opponents, conditions_notes) VALUES ('0576a217-b430-4803-8b05-673fc3f36e74', 'Tampa Bay Invitational', 'Al Lopez Park', 'xc', 3000, 34, 12, 31, 'Plant, Hillsborough, Robinson', 'Warm, humid morning');

COMMIT;

